{
  "type": "FeatureCollection",
  "name": "NGDR_MOIL_major_mining_leases_2022",
  "crs": {
    "type": "name",
    "properties": {
      "name": "urn:ogc:def:crs:OGC:1.3:CRS84"
    }
  },
  "metadata": {
    "source_dataset": "NGDR_Major_Mining_Leases_2022.geojsonl",
    "source_dataset_vintage": 2022,
    "verification_as_of": 2025,
    "coordinate_order": "longitude, latitude",
    "geometry_policy": "Exact source coordinates preserved without rounding, simplification, interpolation, reordering, or reconstruction"
  },
  "features": [
    {
      "type": "Feature",
      "id": "NGDR-L2207",
      "properties": {
        "feature_id": "NGDR-L2207",
        "state": "Madhya Pradesh",
        "district": "Balaghat",
        "official_lease_name": "BHARWELI & AWLAJHARI",
        "taluka": "Balaghat",
        "source_record_line": 2207,
        "site_id": "MOIL-BAL-001",
        "canonical_master_id": "CUID-MOIL-001",
        "canonical_mine_name": "Balaghat",
        "mapping_status": "MATCHED_CANONICAL_MINE",
        "source_id": "NGDR-ML-2022",
        "source_dataset_vintage": 2022,
        "verification_as_of": 2025
      },
      "geometry": {
        "type": "MultiPolygon",
        "coordinates": [
          [
            [
              [
                80.22118891500016,
                21.83222835300009
              ],
              [
                80.22136718700006,
                21.832158277000154
              ],
              [
                80.2215161390001,
                21.832094024000185
              ],
              [
                80.2217027090001,
                21.831942236000057
              ],
              [
                80.22175612600014,
                21.831891270000046
              ],
              [
                80.2218366640001,
                21.83173633800001
              ],
              [
                80.22188939100008,
                21.83152669700008
              ],
              [
                80.22191478100002,
                21.83137272100005
              ],
              [
                80.22193749100005,
                21.831159740000096
              ],
              [
                80.22194738100008,
                21.83099141700016
              ],
              [
                80.22190650400009,
                21.830797451000123
              ],
              [
                80.22186151500013,
                21.830583979000014
              ],
              [
                80.22179640899999,
                21.83034016500014
              ],
              [
                80.22171190000003,
                21.83002368000005
              ],
              [
                80.22163217900004,
                21.82985059800001
              ],
              [
                80.22151710200009,
                21.829600749000104
              ],
              [
                80.22141894000009,
                21.829474006000076
              ],
              [
                80.22131616500009,
                21.829391410000113
              ],
              [
                80.22100016100012,
                21.829508167000004
              ],
              [
                80.22087582800009,
                21.829632956000083
              ],
              [
                80.22058649800005,
                21.829758700000035
              ],
              [
                80.22050068100005,
                21.82977508199997
              ],
              [
                80.2203659920001,
                21.829779105000117
              ],
              [
                80.22028046200006,
                21.82976245900001
              ],
              [
                80.22018665100008,
                21.82973337800007
              ],
              [
                80.22012536400007,
                21.82970429900013
              ],
              [
                80.22002672200007,
                21.829660605000054
              ],
              [
                80.21994705700006,
                21.8296135080001
              ],
              [
                80.21988981700012,
                21.829549034000003
              ],
              [
                80.21984868200008,
                21.829476058000104
              ],
              [
                80.21977752400004,
                21.82933582800012
              ],
              [
                80.21964116500006,
                21.829158909000093
              ],
              [
                80.21936839600005,
                21.829017879000098
              ],
              [
                80.21924133100005,
                21.828849098000084
              ],
              [
                80.21912078900009,
                21.82876205300012
              ],
              [
                80.21904713000004,
                21.82860663300005
              ],
              [
                80.21889983500012,
                21.82800980000008
              ],
              [
                80.21877928100011,
                21.82817454500005
              ],
              [
                80.21880214200009,
                21.828342571000082
              ],
              [
                80.2188964500001,
                21.828674218000067
              ],
              [
                80.21899688800005,
                21.828817857000086
              ],
              [
                80.21905694400006,
                21.82890557399997
              ],
              [
                80.21905191600007,
                21.82904930200015
              ],
              [
                80.21892760100006,
                21.829108221000116
              ],
              [
                80.21874421700011,
                21.829121036000064
              ],
              [
                80.21856825800015,
                21.829153543000185
              ],
              [
                80.2185314170001,
                21.82921882000014
              ],
              [
                80.21856824400005,
                21.829305858000136
              ],
              [
                80.2186921340001,
                21.829392902000084
              ],
              [
                80.21878923700012,
                21.829498591
              ],
              [
                80.21883393500008,
                21.829631801000133
              ],
              [
                80.218824705,
                21.829718388000046
              ],
              [
                80.21881600200012,
                21.829800113000097
              ],
              [
                80.21869210300015,
                21.829890249000183
              ],
              [
                80.21855146000003,
                21.829871587000095
              ],
              [
                80.21837065700001,
                21.829601143000108
              ],
              [
                80.21826415600007,
                21.829583103000186
              ],
              [
                80.2182172700001,
                21.829702788000063
              ],
              [
                80.21818424200005,
                21.829728964
              ],
              [
                80.21814440700014,
                21.829747310000137
              ],
              [
                80.21800801500012,
                21.829760088000118
              ],
              [
                80.21791729200008,
                21.82984335400004
              ],
              [
                80.21785881200002,
                21.829890376000023
              ],
              [
                80.21784926800012,
                21.830006663000123
              ],
              [
                80.21776579100006,
                21.830120683000143
              ],
              [
                80.2177577510001,
                21.830185232000137
              ],
              [
                80.2178616290001,
                21.830308254000116
              ],
              [
                80.21789113000011,
                21.830429380000087
              ],
              [
                80.21797687300008,
                21.830714976000074
              ],
              [
                80.21806195100008,
                21.830998328000064
              ],
              [
                80.21836670400005,
                21.831179723000112
              ],
              [
                80.21843329100007,
                21.831276527000046
              ],
              [
                80.21852791600016,
                21.83136287700011
              ],
              [
                80.218750926,
                21.83151608599999
              ],
              [
                80.21896314900012,
                21.83166928900002
              ],
              [
                80.21892518100005,
                21.831713629000053
              ],
              [
                80.2190209790001,
                21.83185074600012
              ],
              [
                80.21906847500011,
                21.831891350000042
              ],
              [
                80.21901831100014,
                21.831933562000106
              ],
              [
                80.21884262400006,
                21.83217730399996
              ],
              [
                80.2187321210001,
                21.832183513000107
              ],
              [
                80.21863501500019,
                21.83213688100006
              ],
              [
                80.21850632800007,
                21.832107576000084
              ],
              [
                80.21842471800004,
                21.832015044000066
              ],
              [
                80.218348457,
                21.83184540400016
              ],
              [
                80.21831658400009,
                21.831744073999996
              ],
              [
                80.218215262,
                21.83166849300012
              ],
              [
                80.21818051300006,
                21.83168501500004
              ],
              [
                80.218365566,
                21.832664144000034
              ],
              [
                80.21834537500004,
                21.832833031000025
              ],
              [
                80.21834711800011,
                21.832930447000077
              ],
              [
                80.21840351000006,
                21.833202804000045
              ],
              [
                80.21840165200011,
                21.833350743000008
              ],
              [
                80.21838299100006,
                21.833443824000085
              ],
              [
                80.21835129400013,
                21.833556162000058
              ],
              [
                80.21846481900019,
                21.833595214000052
              ],
              [
                80.21857129500009,
                21.833649397000084
              ],
              [
                80.218684413,
                21.833763066000145
              ],
              [
                80.2187826920001,
                21.83383687499995
              ],
              [
                80.21894641300013,
                21.83392986800003
              ],
              [
                80.2192446860001,
                21.834031188000132
              ],
              [
                80.21940342699999,
                21.834071825000102
              ],
              [
                80.21956216400011,
                21.834112460000025
              ],
              [
                80.21969241400001,
                21.834133984000054
              ],
              [
                80.21981111500008,
                21.834131535000036
              ],
              [
                80.21980973900006,
                21.833878690000148
              ],
              [
                80.21982476600002,
                21.83381889500012
              ],
              [
                80.21991576900005,
                21.833597704000145
              ],
              [
                80.21994911500005,
                21.833476924000134
              ],
              [
                80.21998693200007,
                21.833303856000057
              ],
              [
                80.2200354940001,
                21.83295037900009
              ],
              [
                80.22017031400003,
                21.832929976000145
              ],
              [
                80.22027348200007,
                21.832804654000064
              ],
              [
                80.22039572700007,
                21.832663920000083
              ],
              [
                80.22050702500015,
                21.832537147999997
              ],
              [
                80.22057576800016,
                21.832499707999983
              ],
              [
                80.22081071200013,
                21.83239056500002
              ],
              [
                80.22102055400003,
                21.832299751000086
              ],
              [
                80.22118891500016,
                21.83222835300009
              ]
            ]
          ],
          [
            [
              [
                80.22385457900006,
                21.83577850500013
              ],
              [
                80.22424675800012,
                21.835464290000044
              ],
              [
                80.22461952700017,
                21.83590519200009
              ],
              [
                80.22488037400011,
                21.836211248000158
              ],
              [
                80.22516673800001,
                21.836535329000014
              ],
              [
                80.22544383200002,
                21.836848922000062
              ],
              [
                80.22572092700003,
                21.837162505999956
              ],
              [
                80.22601952400001,
                21.83718132500011
              ],
              [
                80.2264560780001,
                21.83720883100008
              ],
              [
                80.22645514700012,
                21.83689615500014
              ],
              [
                80.2266816880001,
                21.836842389000154
              ],
              [
                80.22662418500006,
                21.836620421000045
              ],
              [
                80.22672586300006,
                21.836230081000032
              ],
              [
                80.22680838100008,
                21.836251806000085
              ],
              [
                80.22697579200012,
                21.836202722000095
              ],
              [
                80.22703899100006,
                21.835773874000097
              ],
              [
                80.22703765300007,
                21.835615792000052
              ],
              [
                80.22705005500005,
                21.83520942200007
              ],
              [
                80.22704398800006,
                21.83493040100009
              ],
              [
                80.22713920200002,
                21.83482216600008
              ],
              [
                80.22712626600014,
                21.83457186900012
              ],
              [
                80.22694152600013,
                21.834538190999975
              ],
              [
                80.22644034200006,
                21.834577444000175
              ],
              [
                80.22590114200001,
                21.8346505760001
              ],
              [
                80.2258619280001,
                21.834250866000083
              ],
              [
                80.22583020500008,
                21.833933646000165
              ],
              [
                80.2257315269907,
                21.833483036871225
              ],
              [
                80.22572307300008,
                21.833444432000107
              ],
              [
                80.22563892500011,
                21.833042722000044
              ],
              [
                80.22555582500004,
                21.832646022000095
              ],
              [
                80.22544069000014,
                21.83211602600013
              ],
              [
                80.22505050100011,
                21.83221567400003
              ],
              [
                80.22453214000006,
                21.832256964000074
              ],
              [
                80.2243927520001,
                21.831882819000047
              ],
              [
                80.22425384300007,
                21.83160500800014
              ],
              [
                80.22416491300011,
                21.83161550300008
              ],
              [
                80.22383191100005,
                21.83133470900001
              ],
              [
                80.22347188900002,
                21.831483633000076
              ],
              [
                80.22305481000008,
                21.83160879800005
              ],
              [
                80.2226668310001,
                21.831733718000116
              ],
              [
                80.22259160400013,
                21.831780424000094
              ],
              [
                80.22260033500007,
                21.831819312000043
              ],
              [
                80.22217479500009,
                21.831905399000092
              ],
              [
                80.221875999,
                21.831968457000134
              ],
              [
                80.2217732200001,
                21.83199015200013
              ],
              [
                80.22155918300012,
                21.832144728000042
              ],
              [
                80.2213837600001,
                21.832258742000036
              ],
              [
                80.2211743060001,
                21.832374647000076
              ],
              [
                80.22107187800005,
                21.832431340000124
              ],
              [
                80.2208514980001,
                21.83251167000006
              ],
              [
                80.22064457000002,
                21.832618317000044
              ],
              [
                80.22027935300014,
                21.83300506800002
              ],
              [
                80.22011195500004,
                21.833010972000015
              ],
              [
                80.22009503600005,
                21.83304546400011
              ],
              [
                80.22005662200009,
                21.833295126000095
              ],
              [
                80.2200215510001,
                21.833369687000133
              ],
              [
                80.21998637800002,
                21.8337748920001
              ],
              [
                80.21995467200006,
                21.834140164000022
              ],
              [
                80.22032635300008,
                21.834351947000048
              ],
              [
                80.22068823900015,
                21.83455579500006
              ],
              [
                80.22083582900002,
                21.834662851000115
              ],
              [
                80.22082869900004,
                21.834779135000076
              ],
              [
                80.22085423500006,
                21.834836530000143
              ],
              [
                80.220893635,
                21.83486988000001
              ],
              [
                80.22107095200012,
                21.834939294999963
              ],
              [
                80.2213514850001,
                21.83514926700004
              ],
              [
                80.22152644700006,
                21.8352630420001
              ],
              [
                80.22207954400011,
                21.835522880000024
              ],
              [
                80.22216647700002,
                21.83566212700003
              ],
              [
                80.22261787300005,
                21.83586237300006
              ],
              [
                80.22282978400014,
                21.836204013000064
              ],
              [
                80.22293907900011,
                21.83624027800008
              ],
              [
                80.2232876420001,
                21.83642852600021
              ],
              [
                80.22351630700001,
                21.836615670000093
              ],
              [
                80.2233712380001,
                21.836936856000033
              ],
              [
                80.22384512900011,
                21.837079504000126
              ],
              [
                80.2241568890001,
                21.83728762600012
              ],
              [
                80.22454971200003,
                21.837463010000132
              ],
              [
                80.22508446400015,
                21.837703589000053
              ],
              [
                80.22480986700006,
                21.837129653000087
              ],
              [
                80.22459637300008,
                21.836775342000017
              ],
              [
                80.2243828800001,
                21.836421022000085
              ],
              [
                80.22412286300009,
                21.836104788000096
              ],
              [
                80.22385457900006,
                21.83577850500013
              ]
            ]
          ],
          [
            [
              [
                80.22821417500006,
                21.838640820000006
              ],
              [
                80.22811548700014,
                21.838406293000087
              ],
              [
                80.2277453560001,
                21.838411463000067
              ],
              [
                80.22759988200012,
                21.838340350999975
              ],
              [
                80.22736099300002,
                21.83813712100016
              ],
              [
                80.22721943300014,
                21.838016693000153
              ],
              [
                80.22708899800008,
                21.837892584000056
              ],
              [
                80.22717493600007,
                21.837786058000088
              ],
              [
                80.227099185,
                21.837603205000033
              ],
              [
                80.22718043800012,
                21.837516731000065
              ],
              [
                80.22699433400008,
                21.837521768000112
              ],
              [
                80.22692184500013,
                21.83774920600003
              ],
              [
                80.22674040100004,
                21.83767954200009
              ],
              [
                80.22686274500009,
                21.837836876000033
              ],
              [
                80.22704249530669,
                21.83807013796337
              ],
              [
                80.22711769000009,
                21.838167717999973
              ],
              [
                80.22737430200002,
                21.838494718000096
              ],
              [
                80.22765952800003,
                21.838861503000043
              ],
              [
                80.22811212900008,
                21.83915428600006
              ],
              [
                80.22821417500006,
                21.838640820000006
              ]
            ]
          ],
          [
            [
              [
                80.23286036400002,
                21.84110250900009
              ],
              [
                80.23287547400014,
                21.840657340000078
              ],
              [
                80.23262648500014,
                21.84073726299998
              ],
              [
                80.2321914930001,
                21.840755701000052
              ],
              [
                80.2315975660001,
                21.84078087800004
              ],
              [
                80.23138133200003,
                21.840428018000047
              ],
              [
                80.23108874000009,
                21.839950517999966
              ],
              [
                80.23099734200005,
                21.839417737000165
              ],
              [
                80.23085399500016,
                21.839170143000107
              ],
              [
                80.2308032050001,
                21.839053848000148
              ],
              [
                80.23073483799999,
                21.838897286000126
              ],
              [
                80.23067179200004,
                21.83868613300008
              ],
              [
                80.23083830200007,
                21.838615946000086
              ],
              [
                80.23082810100014,
                21.838369376999992
              ],
              [
                80.23077049400003,
                21.838032692000084
              ],
              [
                80.23031392100008,
                21.83793738400011
              ],
              [
                80.23026721200004,
                21.838013487000143
              ],
              [
                80.23005674900011,
                21.837946971000022
              ],
              [
                80.22998884500005,
                21.837967472000134
              ],
              [
                80.22963517500008,
                21.83800003900012
              ],
              [
                80.22957764900009,
                21.837935013000077
              ],
              [
                80.22925466400001,
                21.838039123000048
              ],
              [
                80.22906467600014,
                21.838133944000077
              ],
              [
                80.22884676000014,
                21.838222498000064
              ],
              [
                80.22867452000008,
                21.838238822000104
              ],
              [
                80.22869031900004,
                21.83864508900014
              ],
              [
                80.228706129,
                21.839051347000108
              ],
              [
                80.22872520200009,
                21.839541819000065
              ],
              [
                80.22907226800007,
                21.839787336000068
              ],
              [
                80.22940990700008,
                21.840026187000067
              ],
              [
                80.22990976900005,
                21.84037979599999
              ],
              [
                80.23022999700005,
                21.840576338000144
              ],
              [
                80.23039914900002,
                21.840680162000083
              ],
              [
                80.23081052700005,
                21.84078894500002
              ],
              [
                80.23124692099998,
                21.840865015000105
              ],
              [
                80.23167495200006,
                21.840939616000124
              ],
              [
                80.23210312300012,
                21.841013576000094
              ],
              [
                80.23229887100013,
                21.84104726000014
              ],
              [
                80.23253428300013,
                21.841070423000104
              ],
              [
                80.23286036400002,
                21.84110250900009
              ]
            ]
          ],
          [
            [
              [
                80.23521792800005,
                21.843391532000098
              ],
              [
                80.23543005300009,
                21.843255950000117
              ],
              [
                80.23565386500003,
                21.84325790900004
              ],
              [
                80.23591205300013,
                21.84312091000009
              ],
              [
                80.23612087700005,
                21.843144535000015
              ],
              [
                80.23630682900009,
                21.843042602000068
              ],
              [
                80.23654002900015,
                21.842757474000074
              ],
              [
                80.23654996100008,
                21.842661947000057
              ],
              [
                80.23704280300004,
                21.8423450330001
              ],
              [
                80.23715079900015,
                21.842301139000053
              ],
              [
                80.23735491200001,
                21.84222813800004
              ],
              [
                80.23764368100008,
                21.842103853000108
              ],
              [
                80.23772550100009,
                21.842106931999982
              ],
              [
                80.23781723000008,
                21.842206578000127
              ],
              [
                80.23796657200009,
                21.842266505000094
              ],
              [
                80.23804798200013,
                21.842178210000068
              ],
              [
                80.23817553700005,
                21.842051499999997
              ],
              [
                80.23775381100009,
                21.84198901400008
              ],
              [
                80.23734466700007,
                21.841926196000024
              ],
              [
                80.23691514600009,
                21.841859263000092
              ],
              [
                80.23649920100011,
                21.84179444200005
              ],
              [
                80.23606536100012,
                21.84172840800003
              ],
              [
                80.23559681700004,
                21.8416576410001
              ],
              [
                80.23549717526107,
                21.841642434715652
              ],
              [
                80.23503029398032,
                21.841571504787087
              ],
              [
                80.23476638100011,
                21.841531739000075
              ],
              [
                80.234336503,
                21.841466957000087
              ],
              [
                80.23390662600008,
                21.84140218300012
              ],
              [
                80.23347677900006,
                21.841337173000138
              ],
              [
                80.23304709200004,
                21.84127140300002
              ],
              [
                80.23261683700015,
                21.841208764999973
              ],
              [
                80.23218623200013,
                21.841148355
              ],
              [
                80.23163428900014,
                21.841072166000085
              ],
              [
                80.23132282100009,
                21.84177054500012
              ],
              [
                80.23129696800005,
                21.841828518000074
              ],
              [
                80.23126498529092,
                21.841900246146267
              ],
              [
                80.23113830400007,
                21.84218435600007
              ],
              [
                80.23095678900006,
                21.842591375000023
              ],
              [
                80.23132133900005,
                21.842806632000087
              ],
              [
                80.23169383300008,
                21.843024094000008
              ],
              [
                80.23206864200007,
                21.843245099000065
              ],
              [
                80.23242995600003,
                21.843456273000104
              ],
              [
                80.2327998810001,
                21.84367345
              ],
              [
                80.23315276400008,
                21.84387470999997
              ],
              [
                80.2335371200001,
                21.844106280000034
              ],
              [
                80.23378987100013,
                21.84425466600009
              ],
              [
                80.23398445500005,
                21.844604505000103
              ],
              [
                80.23419531600013,
                21.844983608000085
              ],
              [
                80.23439088000015,
                21.845333397000076
              ],
              [
                80.23456121400004,
                21.84564205300005
              ],
              [
                80.23468292600009,
                21.845498244000016
              ],
              [
                80.23475091500002,
                21.845432660000025
              ],
              [
                80.23499479600005,
                21.845197395000113
              ],
              [
                80.23499266700003,
                21.845131794000082
              ],
              [
                80.2350344800001,
                21.84496467
              ],
              [
                80.23496578500006,
                21.84484515100005
              ],
              [
                80.23497100600012,
                21.844780024000045
              ],
              [
                80.23511716400007,
                21.844598221000144
              ],
              [
                80.23511674100013,
                21.84433229000022
              ],
              [
                80.23501445000008,
                21.84399762600006
              ],
              [
                80.23498415800006,
                21.843815942000006
              ],
              [
                80.23514594900008,
                21.843464063000056
              ],
              [
                80.23521792800005,
                21.843391532000098
              ]
            ]
          ],
          [
            [
              [
                80.22366618799998,
                21.83732443500013
              ],
              [
                80.22328509600001,
                21.837087971000024
              ],
              [
                80.22305498800009,
                21.83748124600012
              ],
              [
                80.2228641600001,
                21.837819732000124
              ],
              [
                80.22275228400007,
                21.838023585000055
              ],
              [
                80.22294952900009,
                21.838211087000108
              ],
              [
                80.22305719200011,
                21.838309009000138
              ],
              [
                80.22317901600015,
                21.83842223000009
              ],
              [
                80.22328994000009,
                21.83851823400003
              ],
              [
                80.22344959000007,
                21.838654524000148
              ],
              [
                80.22358292300007,
                21.83878518000014
              ],
              [
                80.2237396920001,
                21.838949825000142
              ],
              [
                80.22388076400009,
                21.839077120000002
              ],
              [
                80.22406575600003,
                21.839255050000123
              ],
              [
                80.22418114000006,
                21.839374916000086
              ],
              [
                80.2243392150001,
                21.839521895000065
              ],
              [
                80.22448259600006,
                21.839671723000063
              ],
              [
                80.224590274,
                21.839846046000112
              ],
              [
                80.22468940600007,
                21.840184144999977
              ],
              [
                80.22479442500008,
                21.840354769000136
              ],
              [
                80.22490694500009,
                21.84053757100002
              ],
              [
                80.22503657400006,
                21.840731095000105
              ],
              [
                80.22514760500012,
                21.84086883600012
              ],
              [
                80.22532373400013,
                21.84109406300002
              ],
              [
                80.2254704230001,
                21.841282354000082
              ],
              [
                80.22556523000004,
                21.841480801000102
              ],
              [
                80.22565101100015,
                21.841649943000032
              ],
              [
                80.2257570880001,
                21.841858081999973
              ],
              [
                80.22583849300007,
                21.842017076000005
              ],
              [
                80.2259449110001,
                21.842235597000137
              ],
              [
                80.22601683200013,
                21.842391123000105
              ],
              [
                80.22607469300006,
                21.84251623700004
              ],
              [
                80.22612143900007,
                21.842617322000088
              ],
              [
                80.22623318700005,
                21.84280402200011
              ],
              [
                80.2263283280001,
                21.842972964000143
              ],
              [
                80.22641982000005,
                21.843149514000114
              ],
              [
                80.22651722100012,
                21.843337483000106
              ],
              [
                80.22662249500013,
                21.843517115000083
              ],
              [
                80.22673436900003,
                21.843689541000046
              ],
              [
                80.22686243900007,
                21.84386799700003
              ],
              [
                80.22697605400009,
                21.844028199000068
              ],
              [
                80.2270644680001,
                21.844160105000046
              ],
              [
                80.22715270800012,
                21.84429019500017
              ],
              [
                80.2273373030001,
                21.844453900000083
              ],
              [
                80.22748220000011,
                21.844582394000042
              ],
              [
                80.22757466500012,
                21.844664390000084
              ],
              [
                80.22778098300007,
                21.844914293000134
              ],
              [
                80.22806083600014,
                21.84529297700004
              ],
              [
                80.22827686000007,
                21.845581798000072
              ],
              [
                80.2284928850001,
                21.845870627000103
              ],
              [
                80.22873670800004,
                21.846196337000098
              ],
              [
                80.22857991600009,
                21.845817073000052
              ],
              [
                80.22842113700007,
                21.845438532000088
              ],
              [
                80.22826335800006,
                21.845059624000154
              ],
              [
                80.22808804800003,
                21.84463861700011
              ],
              [
                80.22792377400006,
                21.844247780999975
              ],
              [
                80.22775821100004,
                21.84384651300008
              ],
              [
                80.22756346300008,
                21.843378816000058
              ],
              [
                80.22745724800005,
                21.843123746000128
              ],
              [
                80.22740630000001,
                21.843001392000094
              ],
              [
                80.22733752500002,
                21.842836224000113
              ],
              [
                80.22725635300009,
                21.842649732000062
              ],
              [
                80.2271620440001,
                21.842435506000193
              ],
              [
                80.22706472400013,
                21.8422144540001
              ],
              [
                80.22699371300011,
                21.842053160000006
              ],
              [
                80.22691178500008,
                21.84186706100008
              ],
              [
                80.2268156600001,
                21.84164874300012
              ],
              [
                80.22674226000008,
                21.84148201700005
              ],
              [
                80.22665157600004,
                21.841276028999964
              ],
              [
                80.22658729600003,
                21.84113360300008
              ],
              [
                80.22649161200015,
                21.840912694000053
              ],
              [
                80.22641334700002,
                21.84073490500002
              ],
              [
                80.22633329400006,
                21.84055307900012
              ],
              [
                80.22625481800006,
                21.84037481100005
              ],
              [
                80.2261809800001,
                21.840207080000052
              ],
              [
                80.2260831670001,
                21.839986350000068
              ],
              [
                80.22599572400006,
                21.83978628599999
              ],
              [
                80.22591146500005,
                21.839594890000036
              ],
              [
                80.22574911500004,
                21.83922611400012
              ],
              [
                80.22558697800004,
                21.83885224200005
              ],
              [
                80.225418979,
                21.838476211000092
              ],
              [
                80.22520756300011,
                21.837995975000016
              ],
              [
                80.22499317400012,
                21.837946466000073
              ],
              [
                80.22482140000005,
                21.837881863000163
              ],
              [
                80.22441751600012,
                21.8377299530001
              ],
              [
                80.22416918700009,
                21.83763654500006
              ],
              [
                80.22402851500006,
                21.837549256000013
              ],
              [
                80.22366618799998,
                21.83732443500013
              ]
            ]
          ]
        ]
      }
    },
    {
      "type": "Feature",
      "id": "NGDR-L2241",
      "properties": {
        "feature_id": "NGDR-L2241",
        "state": "Madhya Pradesh",
        "district": "Balaghat",
        "official_lease_name": "Tirodi",
        "taluka": "Tirodi",
        "source_record_line": 2241,
        "site_id": "MOIL-TIR-001",
        "canonical_master_id": "CUID-MOIL-003",
        "canonical_mine_name": "Tirodi",
        "mapping_status": "MATCHED_CANONICAL_MINE",
        "source_id": "NGDR-ML-2022",
        "source_dataset_vintage": 2022,
        "verification_as_of": 2025
      },
      "geometry": {
        "type": "MultiPolygon",
        "coordinates": [
          [
            [
              [
                79.73679076700589,
                21.66528432390057
              ],
              [
                79.73655827952305,
                21.665189808322065
              ],
              [
                79.7363281020126,
                21.665196660514976
              ],
              [
                79.73606170786324,
                21.665134402566352
              ],
              [
                79.73586748767308,
                21.665064089578475
              ],
              [
                79.7356709971463,
                21.66497559453454
              ],
              [
                79.7355082648329,
                21.664871581946457
              ],
              [
                79.73538143055058,
                21.66475589232792
              ],
              [
                79.7352900358108,
                21.664681103836813
              ],
              [
                79.73517292845419,
                21.664622849887866
              ],
              [
                79.73501726253517,
                21.664588202752068
              ],
              [
                79.73483334812308,
                21.66456768061143
              ],
              [
                79.7345254523398,
                21.66453442216626
              ],
              [
                79.73432626056889,
                21.664506612793787
              ],
              [
                79.73413247423832,
                21.664445383415035
              ],
              [
                79.73397997039687,
                21.664341447387752
              ],
              [
                79.73384817051401,
                21.664208988295194
              ],
              [
                79.73375547200256,
                21.663990784823522
              ],
              [
                79.73371897871165,
                21.663777790180006
              ],
              [
                79.73368505602254,
                21.663651096685832
              ],
              [
                79.73368320869304,
                21.663546289070972
              ],
              [
                79.73358787498273,
                21.663271471620583
              ],
              [
                79.73343837577657,
                21.66312520958983
              ],
              [
                79.73316668046375,
                21.662991795597275
              ],
              [
                79.73292719533859,
                21.66291383091937
              ],
              [
                79.73261283210702,
                21.6629311406103
              ],
              [
                79.73199109748745,
                21.662926861003474
              ],
              [
                79.73145291862937,
                21.66294164722498
              ],
              [
                79.73146405174774,
                21.663749839311386
              ],
              [
                79.73150955808845,
                21.66517466655274
              ],
              [
                79.73157254738258,
                21.66662861872418
              ],
              [
                79.73167130267618,
                21.67002486549966
              ],
              [
                79.73162935824213,
                21.674580648447918
              ],
              [
                79.73324329351358,
                21.674603789191092
              ],
              [
                79.7356836204422,
                21.674568724403727
              ],
              [
                79.73821680591958,
                21.67448894826487
              ],
              [
                79.73833431937659,
                21.67406663591679
              ],
              [
                79.73839980671059,
                21.673721602944514
              ],
              [
                79.73852647986645,
                21.67346139462816
              ],
              [
                79.73872929433921,
                21.67310257756278
              ],
              [
                79.73882575910007,
                21.67288449756902
              ],
              [
                79.73894058908847,
                21.672706596478555
              ],
              [
                79.73884470740818,
                21.672122855182334
              ],
              [
                79.73871236674749,
                21.671564442311308
              ],
              [
                79.73857125184708,
                21.670664514436048
              ],
              [
                79.7384352043255,
                21.669847263531086
              ],
              [
                79.73828619301987,
                21.668771456519554
              ],
              [
                79.7381765416764,
                21.66768442501839
              ],
              [
                79.73815267520914,
                21.66737498557569
              ],
              [
                79.7381383046239,
                21.66705551342882
              ],
              [
                79.73801053160254,
                21.66695629074869
              ],
              [
                79.73796553405921,
                21.666816529856064
              ],
              [
                79.73790856617507,
                21.666617034417033
              ],
              [
                79.73760721674054,
                21.6663074751421
              ],
              [
                79.73751345686186,
                21.666228453404656
              ],
              [
                79.7372947904668,
                21.66591090949153
              ],
              [
                79.73708853116774,
                21.66557421421124
              ],
              [
                79.73694793955264,
                21.66536650556115
              ],
              [
                79.73679076700589,
                21.66528432390057
              ]
            ]
          ],
          [
            [
              [
                79.73768578913233,
                21.682188160849556
              ],
              [
                79.73770529535913,
                21.68218830927299
              ],
              [
                79.73770113943505,
                21.68218732162331
              ],
              [
                79.73768578913233,
                21.682188160849556
              ]
            ]
          ],
          [
            [
              [
                79.73770529535913,
                21.68218830927299
              ],
              [
                79.73784659681618,
                21.682221889300788
              ],
              [
                79.738262908762,
                21.68228002771078
              ],
              [
                79.73855677635306,
                21.682303773118885
              ],
              [
                79.73878757182204,
                21.682229045690153
              ],
              [
                79.73909042673137,
                21.682072169246716
              ],
              [
                79.73967547932725,
                21.681839998063563
              ],
              [
                79.74040169523056,
                21.681694939110034
              ],
              [
                79.74100801336063,
                21.68166369045777
              ],
              [
                79.74145224478787,
                21.681745933434268
              ],
              [
                79.74174215455736,
                21.681930972945516
              ],
              [
                79.7419934922686,
                21.6821408152318
              ],
              [
                79.74277643181239,
                21.682089388772877
              ],
              [
                79.74206834996062,
                21.68147096787355
              ],
              [
                79.74143923128315,
                21.681035983630473
              ],
              [
                79.7410472608401,
                21.6806780841053
              ],
              [
                79.74039760882148,
                21.68010551126102
              ],
              [
                79.73994005674581,
                21.679791327677563
              ],
              [
                79.73967562959092,
                21.679617234131022
              ],
              [
                79.73952308534983,
                21.679515692330718
              ],
              [
                79.73930364491828,
                21.679461443498102
              ],
              [
                79.73907925709523,
                21.679388036222356
              ],
              [
                79.73834930145681,
                21.67922952258029
              ],
              [
                79.73795401760694,
                21.68116247212795
              ],
              [
                79.73770982489503,
                21.682188343738066
              ],
              [
                79.73770529535913,
                21.68218830927299
              ]
            ]
          ],
          [
            [
              [
                79.73768578913233,
                21.682188160849556
              ],
              [
                79.73765357098272,
                21.68218791569571
              ],
              [
                79.733595755965,
                21.678434660393368
              ],
              [
                79.73381897401707,
                21.68169906329843
              ],
              [
                79.73395664137902,
                21.681739393159297
              ],
              [
                79.73438191962782,
                21.681857816917226
              ],
              [
                79.73473343805318,
                21.68201465752697
              ],
              [
                79.73489312164064,
                21.682264920247004
              ],
              [
                79.7360220071896,
                21.682130121202924
              ],
              [
                79.73629709337472,
                21.682548088587964
              ],
              [
                79.73646575126058,
                21.682561323600854
              ],
              [
                79.73701076660373,
                21.682473655408096
              ],
              [
                79.73717895003105,
                21.682247879297933
              ],
              [
                79.7372327302564,
                21.682238728401213
              ],
              [
                79.73750926064395,
                21.682197811848184
              ],
              [
                79.73768578913233,
                21.682188160849556
              ]
            ]
          ],
          [
            [
              [
                79.72653534603944,
                21.684182051419185
              ],
              [
                79.72689960045969,
                21.68408261852305
              ],
              [
                79.72712105996322,
                21.68409374831205
              ],
              [
                79.72752789394612,
                21.6840625362695
              ],
              [
                79.72893274377533,
                21.684166563108896
              ],
              [
                79.72905013645425,
                21.683902165709288
              ],
              [
                79.7292009164182,
                21.683329705955238
              ],
              [
                79.72988357474843,
                21.683342104292713
              ],
              [
                79.72988507808479,
                21.682295268297462
              ],
              [
                79.72950027248297,
                21.68243572547937
              ],
              [
                79.72921588053063,
                21.682498078901347
              ],
              [
                79.72936291471181,
                21.68172064225004
              ],
              [
                79.72956009210175,
                21.680813928401605
              ],
              [
                79.72984696747282,
                21.679592412452465
              ],
              [
                79.73011092046137,
                21.678243090770945
              ],
              [
                79.7301765574726,
                21.677756020000697
              ],
              [
                79.7302730023774,
                21.677254844528644
              ],
              [
                79.73063181319478,
                21.675701020211545
              ],
              [
                79.73055032804729,
                21.67566215580396
              ],
              [
                79.73032008382617,
                21.675674734603625
              ],
              [
                79.72976255975668,
                21.67568480806837
              ],
              [
                79.72906604268726,
                21.675798977958365
              ],
              [
                79.72892352824185,
                21.675721404291732
              ],
              [
                79.72868431390678,
                21.67559050826151
              ],
              [
                79.72860358393042,
                21.675465606405034
              ],
              [
                79.72846295659791,
                21.675172941071278
              ],
              [
                79.7281770510898,
                21.67453499303562
              ],
              [
                79.7279823554989,
                21.67399334629354
              ],
              [
                79.72788803988162,
                21.673765567241396
              ],
              [
                79.72784470093855,
                21.673459306825148
              ],
              [
                79.72784675594805,
                21.673225096305725
              ],
              [
                79.72791491093233,
                21.673034413630575
              ],
              [
                79.72798092933448,
                21.67250432541077
              ],
              [
                79.72807322799463,
                21.671893176336265
              ],
              [
                79.72812382720728,
                21.671468929308045
              ],
              [
                79.72821964492229,
                21.671039451929772
              ],
              [
                79.72828905580381,
                21.670705374713908
              ],
              [
                79.72829236734816,
                21.67032776980519
              ],
              [
                79.72822396347887,
                21.669963955753623
              ],
              [
                79.72781846355079,
                21.66981341012391
              ],
              [
                79.72767906582418,
                21.66937327631307
              ],
              [
                79.72753978749566,
                21.669032363579692
              ],
              [
                79.72724902625731,
                21.66889810367085
              ],
              [
                79.72638956866972,
                21.66975485185135
              ],
              [
                79.72523586207976,
                21.670893765645367
              ],
              [
                79.72468927988994,
                21.671449967872906
              ],
              [
                79.7244560158897,
                21.671681930638144
              ],
              [
                79.72411613595857,
                21.67201711905237
              ],
              [
                79.72392030998653,
                21.672212370477542
              ],
              [
                79.72356835162603,
                21.672568547941435
              ],
              [
                79.72324717880396,
                21.672898607333618
              ],
              [
                79.722722391636,
                21.67291025075388
              ],
              [
                79.72212802779023,
                21.672665434519864
              ],
              [
                79.722142588975,
                21.672765612567076
              ],
              [
                79.7221562170363,
                21.67285937080854
              ],
              [
                79.72216643809166,
                21.672929689488903
              ],
              [
                79.72217848554368,
                21.673012573316218
              ],
              [
                79.72218656194607,
                21.673068137149826
              ],
              [
                79.72223677867763,
                21.673199994532137
              ],
              [
                79.72227542306489,
                21.673301465485906
              ],
              [
                79.72231956578815,
                21.673417373587903
              ],
              [
                79.7223602238878,
                21.673524131749964
              ],
              [
                79.72239813289308,
                21.67362367132684
              ],
              [
                79.72243201472914,
                21.673712636449
              ],
              [
                79.72246836975064,
                21.67380809540979
              ],
              [
                79.72252018096304,
                21.673954253998918
              ],
              [
                79.72255577632478,
                21.674054667769745
              ],
              [
                79.72260283214024,
                21.674187411032666
              ],
              [
                79.72264604058604,
                21.674309300754423
              ],
              [
                79.7227280440694,
                21.674540629556297
              ],
              [
                79.7227535839854,
                21.67461267657032
              ],
              [
                79.72281127447145,
                21.674775418713917
              ],
              [
                79.72283689101917,
                21.674850601813162
              ],
              [
                79.72287522123189,
                21.67496309864897
              ],
              [
                79.7229028088154,
                21.675044066419087
              ],
              [
                79.72293622863137,
                21.67514215129615
              ],
              [
                79.72297087212772,
                21.67524382745572
              ],
              [
                79.72300584947989,
                21.675346483317693
              ],
              [
                79.72306018294456,
                21.675505947615086
              ],
              [
                79.72308932817519,
                21.675591486355305
              ],
              [
                79.72311937921421,
                21.675679683462654
              ],
              [
                79.72314760278876,
                21.67576251703065
              ],
              [
                79.72316920326533,
                21.675825912359674
              ],
              [
                79.72320292390391,
                21.675920413749083
              ],
              [
                79.72321891260064,
                21.675965221697485
              ],
              [
                79.72325089002162,
                21.67605483759033
              ],
              [
                79.72326881889457,
                21.67610508274426
              ],
              [
                79.7233099618378,
                21.676220384538222
              ],
              [
                79.72337745971336,
                21.676409544805924
              ],
              [
                79.72344489324921,
                21.676598524282465
              ],
              [
                79.72349015430527,
                21.676725366103167
              ],
              [
                79.72354007183677,
                21.676865257209467
              ],
              [
                79.72359536818419,
                21.677020221840277
              ],
              [
                79.72364528590468,
                21.677160112920127
              ],
              [
                79.72370525335695,
                21.67732816735357
              ],
              [
                79.72373410624733,
                21.6774429410242
              ],
              [
                79.72377281447949,
                21.67759691791411
              ],
              [
                79.72380599302278,
                21.67772889809918
              ],
              [
                79.72386470029463,
                21.677962427901477
              ],
              [
                79.72390041459767,
                21.678104494361204
              ],
              [
                79.72394253273865,
                21.67827203405598
              ],
              [
                79.72396594133434,
                21.678365149811082
              ],
              [
                79.72401579595906,
                21.678563463392663
              ],
              [
                79.72405791433874,
                21.67873100306227
              ],
              [
                79.72410215302801,
                21.678906976575497
              ],
              [
                79.72414048371907,
                21.679059448821896
              ],
              [
                79.72420319008329,
                21.679217102233494
              ],
              [
                79.72424369238483,
                21.67931893104611
              ],
              [
                79.72428122090949,
                21.679413283213897
              ],
              [
                79.72431988072557,
                21.679510479484566
              ],
              [
                79.72436335701907,
                21.679619784908475
              ],
              [
                79.72441182899743,
                21.679741649982283
              ],
              [
                79.72445125100296,
                21.679840762055868
              ],
              [
                79.72448136713567,
                21.67994206358276
              ],
              [
                79.72450929604823,
                21.680036007845185
              ],
              [
                79.72453553384887,
                21.68012426362317
              ],
              [
                79.72457559107107,
                21.68025900342881
              ],
              [
                79.72461115345857,
                21.680378623835768
              ],
              [
                79.7246187266333,
                21.680472932457192
              ],
              [
                79.72462504426541,
                21.680551605764986
              ],
              [
                79.7246460927392,
                21.68081372145299
              ],
              [
                79.72466063526123,
                21.680994818453396
              ],
              [
                79.72467460225882,
                21.68116874820568
              ],
              [
                79.72463375583582,
                21.6814421649554
              ],
              [
                79.72466603540371,
                21.681657422755574
              ],
              [
                79.724696151518,
                21.681858252987407
              ],
              [
                79.72471933874988,
                21.682012877440222
              ],
              [
                79.72473950238187,
                21.682219923933435
              ],
              [
                79.72476429745011,
                21.68247452687859
              ],
              [
                79.72479093240636,
                21.68261711306193
              ],
              [
                79.7248482963488,
                21.68292420136589
              ],
              [
                79.72486267128484,
                21.68298662741287
              ],
              [
                79.7248957795835,
                21.683130406664205
              ],
              [
                79.7249217372446,
                21.683243132695488
              ],
              [
                79.72504679621036,
                21.683510621006253
              ],
              [
                79.7250766039566,
                21.68364041992033
              ],
              [
                79.72509944726167,
                21.683739891780192
              ],
              [
                79.72512723562511,
                21.683860896879203
              ],
              [
                79.72513730450066,
                21.683983955322777
              ],
              [
                79.72513525175559,
                21.68410338831896
              ],
              [
                79.72513217825463,
                21.684282210054807
              ],
              [
                79.72496025352166,
                21.684491318649822
              ],
              [
                79.72586812255982,
                21.68446421767032
              ],
              [
                79.72653534603944,
                21.684182051419185
              ]
            ]
          ],
          [
            [
              [
                79.71775672910105,
                21.68696513806005
              ],
              [
                79.7166769005269,
                21.686897035483764
              ],
              [
                79.71590946549837,
                21.686926946759357
              ],
              [
                79.716003434784,
                21.68786576966798
              ],
              [
                79.7158253775062,
                21.688479829479974
              ],
              [
                79.71591408114925,
                21.688570143201797
              ],
              [
                79.71687288311519,
                21.688589513920252
              ],
              [
                79.71785144546146,
                21.68854330540326
              ],
              [
                79.7184654638649,
                21.68851220013285
              ],
              [
                79.71952781437932,
                21.6876659608679
              ],
              [
                79.71973370026029,
                21.687518171795556
              ],
              [
                79.71969845920046,
                21.68716536671219
              ],
              [
                79.71899637551064,
                21.68703446801918
              ],
              [
                79.71775672910105,
                21.68696513806005
              ]
            ]
          ],
          [
            [
              [
                79.72726442417287,
                21.684756879884322
              ],
              [
                79.72725514108186,
                21.684364122768066
              ],
              [
                79.72694192117744,
                21.684366664480414
              ],
              [
                79.72621138415708,
                21.684626946931505
              ],
              [
                79.72585192467098,
                21.684737546262497
              ],
              [
                79.72524173871378,
                21.684735803807712
              ],
              [
                79.7251186982274,
                21.684724301038663
              ],
              [
                79.72498169919886,
                21.684699433548893
              ],
              [
                79.72467158900494,
                21.684735248372437
              ],
              [
                79.72445707819425,
                21.684751053362525
              ],
              [
                79.72408313977604,
                21.68474559105953
              ],
              [
                79.72346890174923,
                21.68464073545438
              ],
              [
                79.72277136862425,
                21.68453406189244
              ],
              [
                79.722997082233,
                21.684771160092023
              ],
              [
                79.72202020532625,
                21.68567997828259
              ],
              [
                79.72371962199904,
                21.686446266435212
              ],
              [
                79.72397168806914,
                21.68656223887367
              ],
              [
                79.72421640037894,
                21.686693631100546
              ],
              [
                79.72440388035699,
                21.68679467952568
              ],
              [
                79.724582925358,
                21.686997978876104
              ],
              [
                79.72475772412149,
                21.68719337930236
              ],
              [
                79.72505913192956,
                21.687735304410072
              ],
              [
                79.72524594423344,
                21.688058927140347
              ],
              [
                79.72548798017328,
                21.688493119740055
              ],
              [
                79.72567798533953,
                21.688834376912478
              ],
              [
                79.72720907248791,
                21.688733555279267
              ],
              [
                79.72720512526074,
                21.688405598009396
              ],
              [
                79.72719950113078,
                21.687957753357797
              ],
              [
                79.72720161280134,
                21.6876276397153
              ],
              [
                79.72734395344503,
                21.6871500084902
              ],
              [
                79.72734167545218,
                21.686772957007438
              ],
              [
                79.72695191184286,
                21.68630613233924
              ],
              [
                79.72738954111499,
                21.6862574117816
              ],
              [
                79.72795274979764,
                21.68576147783579
              ],
              [
                79.72852166412311,
                21.68524120169627
              ],
              [
                79.72726442417287,
                21.684756879884322
              ]
            ]
          ],
          [
            [
              [
                79.72880075710341,
                21.69584473075319
              ],
              [
                79.72917535226905,
                21.69512341434081
              ],
              [
                79.72916778174616,
                21.694747519542656
              ],
              [
                79.72898799440509,
                21.694106800769575
              ],
              [
                79.72895094727151,
                21.693957138109326
              ],
              [
                79.72873799076874,
                21.69345359324487
              ],
              [
                79.7286445349453,
                21.693175032396542
              ],
              [
                79.72832068210391,
                21.692704894322976
              ],
              [
                79.72734957038232,
                21.69233654565726
              ],
              [
                79.72615048243203,
                21.69294182298379
              ],
              [
                79.7256597330413,
                21.693784132668224
              ],
              [
                79.72547170376296,
                21.694227238131994
              ],
              [
                79.7256776148478,
                21.695632022914833
              ],
              [
                79.72568541268508,
                21.69561774250462
              ],
              [
                79.72710090417903,
                21.69633360210955
              ],
              [
                79.72880075710341,
                21.69584473075319
              ]
            ]
          ],
          [
            [
              [
                79.73638923153554,
                21.69633478802038
              ],
              [
                79.73644617947267,
                21.69603646405827
              ],
              [
                79.7367003225367,
                21.695853170603655
              ],
              [
                79.7367010521931,
                21.69576952392846
              ],
              [
                79.73660565105251,
                21.695712033039896
              ],
              [
                79.73631972514683,
                21.69587417108175
              ],
              [
                79.73626491464961,
                21.69592752978189
              ],
              [
                79.7361815958857,
                21.69595079538032
              ],
              [
                79.7361722930179,
                21.69591786110098
              ],
              [
                79.73618045886404,
                21.69571476794494
              ],
              [
                79.73605584589146,
                21.69570784294393
              ],
              [
                79.73603148855837,
                21.695934713294847
              ],
              [
                79.73609018931774,
                21.69616819193388
              ],
              [
                79.73592653938441,
                21.696238646305527
              ],
              [
                79.73585408783286,
                21.69611560320749
              ],
              [
                79.7357620248993,
                21.69567572717969
              ],
              [
                79.73560825191613,
                21.695713393195735
              ],
              [
                79.73566365104577,
                21.6959587970992
              ],
              [
                79.73576070983101,
                21.69619256831424
              ],
              [
                79.73584202082668,
                21.69639933120552
              ],
              [
                79.7357067744094,
                21.69651182799704
              ],
              [
                79.73591969218162,
                21.696656855154256
              ],
              [
                79.7363873547521,
                21.696549879428716
              ],
              [
                79.73638923153554,
                21.69633478802038
              ]
            ]
          ],
          [
            [
              [
                79.73903694838583,
                21.696717392120544
              ],
              [
                79.73857623048636,
                21.696394216535143
              ],
              [
                79.73796804554144,
                21.69685266352156
              ],
              [
                79.73868992381156,
                21.696920895728912
              ],
              [
                79.7391825599728,
                21.696882816419507
              ],
              [
                79.73903694838583,
                21.696717392120544
              ]
            ]
          ],
          [
            [
              [
                79.72768181987907,
                21.697824851706674
              ],
              [
                79.72897397178113,
                21.697751110395537
              ],
              [
                79.72908218348047,
                21.697805716221307
              ],
              [
                79.73006228959942,
                21.697687748119577
              ],
              [
                79.7309326762482,
                21.697006075357663
              ],
              [
                79.73105383035985,
                21.696897059878463
              ],
              [
                79.73151004374276,
                21.696540448368005
              ],
              [
                79.73112762734837,
                21.696112091629622
              ],
              [
                79.73105002583486,
                21.695628705638843
              ],
              [
                79.73098483061624,
                21.6952131329249
              ],
              [
                79.73013881167957,
                21.695742029371107
              ],
              [
                79.72985212961845,
                21.69547931713075
              ],
              [
                79.72950933539235,
                21.695782618503234
              ],
              [
                79.72944443943484,
                21.696183651137247
              ],
              [
                79.72903420869696,
                21.696380507239017
              ],
              [
                79.72825151962888,
                21.696976800463084
              ],
              [
                79.72783776378199,
                21.697283377826466
              ],
              [
                79.72755007050621,
                21.697426963673067
              ],
              [
                79.72746790232831,
                21.697464573966354
              ],
              [
                79.72710112243166,
                21.697586041475486
              ],
              [
                79.72688631283157,
                21.69758439218538
              ],
              [
                79.72656523215927,
                21.697685654887767
              ],
              [
                79.7264802223016,
                21.697779775648723
              ],
              [
                79.72653089461538,
                21.697833941127968
              ],
              [
                79.72768181987907,
                21.697824851706674
              ]
            ]
          ],
          [
            [
              [
                79.72307175983966,
                21.687813781453155
              ],
              [
                79.72311901946736,
                21.687674326962995
              ],
              [
                79.72316102170191,
                21.687696160823155
              ],
              [
                79.72319491904804,
                21.687727970520733
              ],
              [
                79.72324181621812,
                21.687977853471942
              ],
              [
                79.72351443823423,
                21.68820796328565
              ],
              [
                79.72387527152233,
                21.688352709354717
              ],
              [
                79.72408166345116,
                21.688437471224166
              ],
              [
                79.72424788716563,
                21.688553472638137
              ],
              [
                79.72436952927858,
                21.688679169255106
              ],
              [
                79.72457429166974,
                21.688956377389385
              ],
              [
                79.72477078416082,
                21.689149092923408
              ],
              [
                79.7249849831297,
                21.689509248401325
              ],
              [
                79.72518655526578,
                21.689851381141523
              ],
              [
                79.72533830011791,
                21.6900437520995
              ],
              [
                79.72547493067493,
                21.690137416894327
              ],
              [
                79.72549513412864,
                21.690021056836645
              ],
              [
                79.72543219959837,
                21.68985299970986
              ],
              [
                79.72534301362138,
                21.689806610029734
              ],
              [
                79.72527881125855,
                21.68960601289016
              ],
              [
                79.72514612772227,
                21.689305883630034
              ],
              [
                79.72504022857153,
                21.689076193384885
              ],
              [
                79.72488427388575,
                21.688745404111504
              ],
              [
                79.72459620040628,
                21.68833578932863
              ],
              [
                79.72436190507501,
                21.688006487266808
              ],
              [
                79.72395779440829,
                21.687507888155455
              ],
              [
                79.72356425845246,
                21.687171373999476
              ],
              [
                79.7232222063173,
                21.686946001886156
              ],
              [
                79.72279820180918,
                21.686672140376217
              ],
              [
                79.72202382436136,
                21.686199472469305
              ],
              [
                79.72127057121527,
                21.6858123337654
              ],
              [
                79.72057812868063,
                21.686209699119782
              ],
              [
                79.72070543204023,
                21.68663491587605
              ],
              [
                79.72074717367329,
                21.68697582072193
              ],
              [
                79.72078928472126,
                21.687274902431792
              ],
              [
                79.72055151595472,
                21.68741348423324
              ],
              [
                79.7201955876587,
                21.68753920371192
              ],
              [
                79.71992602050248,
                21.68762256794922
              ],
              [
                79.71971091519526,
                21.68772846014144
              ],
              [
                79.7196011570297,
                21.687850103166642
              ],
              [
                79.71945880147597,
                21.688043196069106
              ],
              [
                79.71931021126998,
                21.688218315282
              ],
              [
                79.7191651868109,
                21.688351635934993
              ],
              [
                79.71940095153438,
                21.688440095928037
              ],
              [
                79.71961101365319,
                21.688543295016792
              ],
              [
                79.71974475930645,
                21.688601091254466
              ],
              [
                79.72008828126863,
                21.68881864831388
              ],
              [
                79.7207478274752,
                21.689279042232727
              ],
              [
                79.7213267339547,
                21.689749567220872
              ],
              [
                79.72151731523925,
                21.689887269616687
              ],
              [
                79.72156692590917,
                21.689916332709046
              ],
              [
                79.72160075100378,
                21.68999546526794
              ],
              [
                79.7215923520311,
                21.690077857430023
              ],
              [
                79.72145686809446,
                21.690267479656754
              ],
              [
                79.72136922044459,
                21.690419169939926
              ],
              [
                79.72122224397287,
                21.690773557363062
              ],
              [
                79.72137115699847,
                21.69092408396107
              ],
              [
                79.72143424158675,
                21.691020172520993
              ],
              [
                79.7214721240191,
                21.691074240808533
              ],
              [
                79.72150607180008,
                21.691211930674143
              ],
              [
                79.7215302672341,
                21.691440467018776
              ],
              [
                79.72157678591098,
                21.691675050997898
              ],
              [
                79.72155688205673,
                21.691901952754883
              ],
              [
                79.72167945659845,
                21.691922018087258
              ],
              [
                79.72180685023864,
                21.691975581241646
              ],
              [
                79.72191630172495,
                21.69203378613256
              ],
              [
                79.72205096640793,
                21.692132816187755
              ],
              [
                79.72214704199021,
                21.69225783939543
              ],
              [
                79.72243665213448,
                21.692862762996906
              ],
              [
                79.72270212709739,
                21.693498172620014
              ],
              [
                79.72281152407228,
                21.69385274337419
              ],
              [
                79.72272606342023,
                21.694118815251375
              ],
              [
                79.72268184637288,
                21.69434791991514
              ],
              [
                79.72269133035996,
                21.694577438224055
              ],
              [
                79.72275895211637,
                21.69473928779572
              ],
              [
                79.72298228831153,
                21.695296098148976
              ],
              [
                79.72329134773678,
                21.69591989232643
              ],
              [
                79.7234020117047,
                21.69613106919885
              ],
              [
                79.72348551392858,
                21.696338650986007
              ],
              [
                79.7236065969922,
                21.696528397457453
              ],
              [
                79.72377655222826,
                21.696686254289226
              ],
              [
                79.72387141671783,
                21.69680409713122
              ],
              [
                79.72393705207426,
                21.696901399507105
              ],
              [
                79.723952979205,
                21.696980393896155
              ],
              [
                79.72399170865158,
                21.6972046600176
              ],
              [
                79.72397773117109,
                21.697629982200944
              ],
              [
                79.72397300681251,
                21.69796296012808
              ],
              [
                79.72398954401872,
                21.69797563518857
              ],
              [
                79.72534845981096,
                21.697871365373892
              ],
              [
                79.72482289282883,
                21.695694763533545
              ],
              [
                79.72411164440949,
                21.692679813610333
              ],
              [
                79.72389076346526,
                21.691626489306575
              ],
              [
                79.723666735824,
                21.69055330302812
              ],
              [
                79.72362097796882,
                21.690086889853205
              ],
              [
                79.72348785279968,
                21.68952300693367
              ],
              [
                79.72337009384952,
                21.689217846323892
              ],
              [
                79.7232426196293,
                21.688883452160628
              ],
              [
                79.72320536891532,
                21.68875768742478
              ],
              [
                79.7231691292776,
                21.688517207745335
              ],
              [
                79.72310959157997,
                21.688308814458377
              ],
              [
                79.72307328898137,
                21.688075504442278
              ],
              [
                79.72305157066073,
                21.687928348744702
              ],
              [
                79.72307175983966,
                21.687813781453155
              ]
            ]
          ],
          [
            [
              [
                79.73724306861622,
                21.698372426330607
              ],
              [
                79.73707358837557,
                21.697571659191432
              ],
              [
                79.73681340385527,
                21.69749439013811
              ],
              [
                79.73646773515478,
                21.697541947578085
              ],
              [
                79.73633681407877,
                21.697598311325063
              ],
              [
                79.73631666479332,
                21.69770929568814
              ],
              [
                79.73582975554267,
                21.697676903142973
              ],
              [
                79.73572518441875,
                21.697732272266382
              ],
              [
                79.73559834390899,
                21.697731305023815
              ],
              [
                79.73557500522917,
                21.69782672954206
              ],
              [
                79.73544989323409,
                21.69786210431357
              ],
              [
                79.7354141960424,
                21.697966994793596
              ],
              [
                79.73545291631541,
                21.69798449856649
              ],
              [
                79.73582249889863,
                21.697834352946558
              ],
              [
                79.73605144676047,
                21.69785713100464
              ],
              [
                79.73612639105731,
                21.697943744577564
              ],
              [
                79.73621857978593,
                21.69816433308578
              ],
              [
                79.7362499047554,
                21.698560366260836
              ],
              [
                79.73631126287621,
                21.698562745992383
              ],
              [
                79.73641822981524,
                21.69849663949583
              ],
              [
                79.73667507567797,
                21.69837048941666
              ],
              [
                79.73676879998649,
                21.698415180706156
              ],
              [
                79.73678646617407,
                21.6986107985726
              ],
              [
                79.73670738758634,
                21.698704842541698
              ],
              [
                79.73663711478196,
                21.698844842777905
              ],
              [
                79.73654712891793,
                21.698994515909458
              ],
              [
                79.7370954804163,
                21.699020204379114
              ],
              [
                79.73724306861622,
                21.698372426330607
              ]
            ]
          ]
        ]
      }
    },
    {
      "type": "Feature",
      "id": "NGDR-L2243",
      "properties": {
        "feature_id": "NGDR-L2243",
        "state": "Madhya Pradesh",
        "district": "Balaghat",
        "official_lease_name": "Sukli",
        "taluka": "-",
        "source_record_line": 2243,
        "site_id": "NOT_ESTABLISHED",
        "canonical_master_id": "CUID-MOIL-005",
        "canonical_mine_name": "Sukli",
        "mapping_status": "MATCHED_CANONICAL_MINE",
        "source_id": "NGDR-ML-2022",
        "source_dataset_vintage": 2022,
        "verification_as_of": 2025
      },
      "geometry": {
        "type": "Polygon",
        "coordinates": [
          [
            [
              79.67206407200005,
              21.67182783600003
            ],
            [
              79.67240378700008,
              21.671733351000057
            ],
            [
              79.67265416200007,
              21.671847351000036
            ],
            [
              79.67307705400003,
              21.671960627000022
            ],
            [
              79.67359328900005,
              21.672014350000044
            ],
            [
              79.67462418300005,
              21.672078959000018
            ],
            [
              79.67512977800003,
              21.672101848000075
            ],
            [
              79.67596661400006,
              21.672054904000042
            ],
            [
              79.67607609600003,
              21.67204876200003
            ],
            [
              79.6761780130001,
              21.67176650900007
            ],
            [
              79.67622637400007,
              21.671521905000077
            ],
            [
              79.67627607800006,
              21.671206426000033
            ],
            [
              79.67627634000007,
              21.67120645900008
            ],
            [
              79.67628237400004,
              21.671166460000027
            ],
            [
              79.67634018900003,
              21.67092508700006
            ],
            [
              79.67634658900005,
              21.670898369000028
            ],
            [
              79.67643710600004,
              21.670545082000046
            ],
            [
              79.67650614300004,
              21.670173043000027
            ],
            [
              79.67657576300007,
              21.669920395000073
            ],
            [
              79.67659684300008,
              21.669843896000028
            ],
            [
              79.67670948700004,
              21.669440659000028
            ],
            [
              79.67671053100008,
              21.66943692100006
            ],
            [
              79.67676492900006,
              21.669219003000016
            ],
            [
              79.67679064100008,
              21.669116002000077
            ],
            [
              79.67681174700003,
              21.66911684800004
            ],
            [
              79.67681310700004,
              21.66911690200003
            ],
            [
              79.67681727900003,
              21.669012524000035
            ],
            [
              79.67681772500003,
              21.669001347000048
            ],
            [
              79.67682346300006,
              21.668857816000067
            ],
            [
              79.67683291500003,
              21.66862133000007
            ],
            [
              79.67686128300005,
              21.66836502500006
            ],
            [
              79.67686123800007,
              21.668350024000063
            ],
            [
              79.67686043500002,
              21.66808542800004
            ],
            [
              79.67653021600006,
              21.66801791700003
            ],
            [
              79.67631394200002,
              21.667929784000016
            ],
            [
              79.67619293000007,
              21.66741804400004
            ],
            [
              79.67610797700007,
              21.667097646000055
            ],
            [
              79.67602147600007,
              21.666650171000065
            ],
            [
              79.67594012800002,
              21.66628962900005
            ],
            [
              79.67586473600004,
              21.665826180000067
            ],
            [
              79.67597253800005,
              21.66582651300007
            ],
            [
              79.67612167100003,
              21.665811064000014
            ],
            [
              79.67618909000002,
              21.665804080000033
            ],
            [
              79.67619944400008,
              21.66580464200006
            ],
            [
              79.67599640100008,
              21.66495750400003
            ],
            [
              79.67585779300003,
              21.66441903400006
            ],
            [
              79.67585591100004,
              21.664411724000043
            ],
            [
              79.67480083900006,
              21.66460552000006
            ],
            [
              79.67392076900008,
              21.664764902000062
            ],
            [
              79.67349812800008,
              21.664847428000023
            ],
            [
              79.67337568000005,
              21.664113026000035
            ],
            [
              79.67328318500006,
              21.663579206000065
            ],
            [
              79.67316398700007,
              21.662856592000036
            ],
            [
              79.67304550800003,
              21.662228460000055
            ],
            [
              79.67295635200007,
              21.661718239000045
            ],
            [
              79.67284123400002,
              21.66111665700003
            ],
            [
              79.67303155300004,
              21.661036284000023
            ],
            [
              79.6729935960001,
              21.660907235000014
            ],
            [
              79.67295180500008,
              21.660726971000035
            ],
            [
              79.67295205600006,
              21.66069920900003
            ],
            [
              79.67295561300006,
              21.66030553300005
            ],
            [
              79.67296278000003,
              21.660214165000074
            ],
            [
              79.67302068000004,
              21.660001750000053
            ],
            [
              79.67311155500005,
              21.65969569600002
            ],
            [
              79.67319496000005,
              21.659441125000065
            ],
            [
              79.67327131100006,
              21.65929261600006
            ],
            [
              79.67352958200007,
              21.659442054000063
            ],
            [
              79.67372372500006,
              21.659575122000035
            ],
            [
              79.67374195900004,
              21.659576592000057
            ],
            [
              79.67378691600004,
              21.659488007000043
            ],
            [
              79.67374098400006,
              21.659432423000066
            ],
            [
              79.67371951700005,
              21.659419411000034
            ],
            [
              79.67395588200003,
              21.65919220300002
            ],
            [
              79.67412619100008,
              21.659045851000027
            ],
            [
              79.67430698300006,
              21.658869382000017
            ],
            [
              79.67449318300005,
              21.65869955500006
            ],
            [
              79.67475375300006,
              21.65844744100008
            ],
            [
              79.67478951800005,
              21.658425611000045
            ],
            [
              79.67484046100003,
              21.65850177900004
            ],
            [
              79.67485721800007,
              21.658537624000065
            ],
            [
              79.67486799700005,
              21.658530147000086
            ],
            [
              79.67499072900006,
              21.658403802000077
            ],
            [
              79.67502758900008,
              21.658378365000022
            ],
            [
              79.67510425700004,
              21.658271839000054
            ],
            [
              79.67492815600009,
              21.658042775000066
            ],
            [
              79.67476760100004,
              21.65784755500005
            ],
            [
              79.67464332600008,
              21.657673612000053
            ],
            [
              79.67454365200007,
              21.65752312300003
            ],
            [
              79.67419634400007,
              21.657576188000053
            ],
            [
              79.67397503400008,
              21.65760777700006
            ],
            [
              79.67356181000008,
              21.65767498100007
            ],
            [
              79.67331857100004,
              21.657728164000048
            ],
            [
              79.67317163600008,
              21.657750626000038
            ],
            [
              79.67303790400007,
              21.65769564700002
            ],
            [
              79.67289266400007,
              21.65763859600002
            ],
            [
              79.67278481800008,
              21.65766294700006
            ],
            [
              79.67259990200004,
              21.65752665700006
            ],
            [
              79.67245883500004,
              21.657413711000075
            ],
            [
              79.67227198000008,
              21.65732470500005
            ],
            [
              79.67214758900008,
              21.657289001000038
            ],
            [
              79.67195863100005,
              21.65722579300006
            ],
            [
              79.67167584600008,
              21.65721692300007
            ],
            [
              79.67126503500003,
              21.657299147000053
            ],
            [
              79.67139721700005,
              21.65745297700004
            ],
            [
              79.67126604300006,
              21.657735325000033
            ],
            [
              79.67134943700006,
              21.65782072100006
            ],
            [
              79.67150726000006,
              21.658021653000052
            ],
            [
              79.67163042800007,
              21.65819917800008
            ],
            [
              79.67168355300004,
              21.65824010500006
            ],
            [
              79.67149575300003,
              21.658245497000046
            ],
            [
              79.67141410800009,
              21.658256550000015
            ],
            [
              79.67148215500004,
              21.658516601000027
            ],
            [
              79.67153800800008,
              21.65881072700005
            ],
            [
              79.67159005800005,
              21.65904535300006
            ],
            [
              79.67167939900008,
              21.659336124000053
            ],
            [
              79.67175441000006,
              21.659504806000022
            ],
            [
              79.67185302200005,
              21.659692129000046
            ],
            [
              79.67192109200006,
              21.65982952700006
            ],
            [
              79.67200641900007,
              21.660032602000047
            ],
            [
              79.67204092900005,
              21.66016395700006
            ],
            [
              79.67211750900003,
              21.660539402000033
            ],
            [
              79.67223665700004,
              21.66078298100007
            ],
            [
              79.67226727000008,
              21.66084230400002
            ],
            [
              79.67227135500006,
              21.660875972000042
            ],
            [
              79.67209580800005,
              21.66088359100007
            ],
            [
              79.67208005400003,
              21.660674035000053
            ],
            [
              79.67198673600006,
              21.660284589000067
            ],
            [
              79.67191023100007,
              21.66000931900004
            ],
            [
              79.67184778700005,
              21.659835818000023
            ],
            [
              79.67180052600008,
              21.659737039000042
            ],
            [
              79.67161553900007,
              21.659350398000058
            ],
            [
              79.67150976400006,
              21.659070352000064
            ],
            [
              79.67150880700007,
              21.65906643800002
            ],
            [
              79.67136546600005,
              21.65909802500005
            ],
            [
              79.67118024900003,
              21.659132453000034
            ],
            [
              79.67113144500006,
              21.65914152500004
            ],
            [
              79.67090755500004,
              21.659205932000077
            ],
            [
              79.67063414000006,
              21.65931494800003
            ],
            [
              79.67033098500008,
              21.659447465000024
            ],
            [
              79.67015730600008,
              21.659558151000063
            ],
            [
              79.66999835600006,
              21.659638441000034
            ],
            [
              79.66987844200007,
              21.659728206000068
            ],
            [
              79.67004373800006,
              21.65991499500006
            ],
            [
              79.67014348300007,
              21.660014802000024
            ],
            [
              79.67047755500005,
              21.659872466000017
            ],
            [
              79.67051419000008,
              21.65985503900004
            ],
            [
              79.67075595500005,
              21.660143344000062
            ],
            [
              79.67062334900004,
              21.660202589000036
            ],
            [
              79.67065963900006,
              21.660443157000024
            ],
            [
              79.67071452000005,
              21.66074295700002
            ],
            [
              79.67078875100003,
              21.660962924000053
            ],
            [
              79.67064407800007,
              21.661023235000055
            ],
            [
              79.67071747400007,
              21.661132979000058
            ],
            [
              79.67087327500008,
              21.661104814000048
            ],
            [
              79.67117898200007,
              21.661467395000045
            ],
            [
              79.67176958700009,
              21.661361733000035
            ],
            [
              79.67184868400004,
              21.661356317000077
            ],
            [
              79.67169463200008,
              21.661720073000023
            ],
            [
              79.67139461100004,
              21.66246243600007
            ],
            [
              79.67109735700008,
              21.663219688000037
            ],
            [
              79.67086516900008,
              21.663795140000047
            ],
            [
              79.67075052500006,
              21.664099006000065
            ],
            [
              79.67069816100008,
              21.664203701000083
            ],
            [
              79.67039401000005,
              21.66440198700007
            ],
            [
              79.67000533700008,
              21.66467039800005
            ],
            [
              79.66958719200005,
              21.664956410000055
            ],
            [
              79.66958455300005,
              21.664998600000043
            ],
            [
              79.66957511000004,
              21.66516355000005
            ],
            [
              79.66948766400003,
              21.665380647000063
            ],
            [
              79.66932149700007,
              21.665554961000044
            ],
            [
              79.66912317000003,
              21.66571782800002
            ],
            [
              79.66906078300008,
              21.66577532600006
            ],
            [
              79.66907634200004,
              21.66587103800003
            ],
            [
              79.66909804100004,
              21.666130143000018
            ],
            [
              79.66915482800005,
              21.666600014000043
            ],
            [
              79.66915311700006,
              21.66707773700006
            ],
            [
              79.66915666200003,
              21.668305245000052
            ],
            [
              79.66870678400005,
              21.66837714400003
            ],
            [
              79.66871087200008,
              21.66890313300007
            ],
            [
              79.66883944200005,
              21.669088296000048
            ],
            [
              79.66907182700004,
              21.669327483000064
            ],
            [
              79.66921513800008,
              21.66946928900006
            ],
            [
              79.66936164500004,
              21.669637666000025
            ],
            [
              79.66962921300005,
              21.669777252000063
            ],
            [
              79.67010545200004,
              21.669989634000046
            ],
            [
              79.67021340800005,
              21.67000991300006
            ],
            [
              79.67045012200005,
              21.670029341000028
            ],
            [
              79.67076593400003,
              21.670014656000017
            ],
            [
              79.67103599000006,
              21.670010699000034
            ],
            [
              79.67089760500005,
              21.67015670700005
            ],
            [
              79.67080757300003,
              21.670215736000046
            ],
            [
              79.67063411800007,
              21.67030994800006
            ],
            [
              79.67034102000008,
              21.670485657000015
            ],
            [
              79.6699946130001,
              21.670619112000043
            ],
            [
              79.66951623400007,
              21.670923591000072
            ],
            [
              79.66906754600006,
              21.67133585800008
            ],
            [
              79.66887197400008,
              21.671750153000048
            ],
            [
              79.66863745600006,
              21.67222866700007
            ],
            [
              79.67050280400008,
              21.67222273700002
            ],
            [
              79.67086646500006,
              21.67213730400004
            ],
            [
              79.67138161000008,
              21.672018655000038
            ],
            [
              79.67206407200005,
              21.67182783600003
            ]
          ]
        ]
      }
    },
    {
      "type": "Feature",
      "id": "NGDR-L2246",
      "properties": {
        "feature_id": "NGDR-L2246",
        "state": "Madhya Pradesh",
        "district": "Balaghat",
        "official_lease_name": "Tirodi",
        "taluka": "-",
        "source_record_line": 2246,
        "site_id": "MOIL-TIR-001",
        "canonical_master_id": "CUID-MOIL-003",
        "canonical_mine_name": "Tirodi",
        "mapping_status": "MATCHED_CANONICAL_MINE",
        "source_id": "NGDR-ML-2022",
        "source_dataset_vintage": 2022,
        "verification_as_of": 2025
      },
      "geometry": {
        "type": "Polygon",
        "coordinates": [
          [
            [
              79.72496025352163,
              21.684491318649783
            ],
            [
              79.72513217825464,
              21.684282210054743
            ],
            [
              79.72513857116783,
              21.683910257720985
            ],
            [
              79.72504679621035,
              21.683510621006224
            ],
            [
              79.72492173724456,
              21.6832431326954
            ],
            [
              79.7248482963488,
              21.682924201365836
            ],
            [
              79.72476429745006,
              21.682474526878526
            ],
            [
              79.72471933874985,
              21.682012877440094
            ],
            [
              79.72463375583578,
              21.681442164955325
            ],
            [
              79.72467460225877,
              21.681168748205653
            ],
            [
              79.72461115345855,
              21.680378623835743
            ],
            [
              79.72445125100292,
              21.679840762055843
            ],
            [
              79.72414048371904,
              21.67905944882178
            ],
            [
              79.72370525335694,
              21.67732816735349
            ],
            [
              79.72316920326529,
              21.675825912359635
            ],
            [
              79.72281127447145,
              21.674775418713878
            ],
            [
              79.72246836975062,
              21.67380809540975
            ],
            [
              79.72218656194609,
              21.673068137149798
            ],
            [
              79.72212802779022,
              21.67266543451979
            ],
            [
              79.72195256139734,
              21.672557763418475
            ],
            [
              79.72180020618205,
              21.672437087020807
            ],
            [
              79.72171837408143,
              21.672293053114547
            ],
            [
              79.72164303949737,
              21.672137118921935
            ],
            [
              79.7215611023518,
              21.67200503443789
            ],
            [
              79.72145962058565,
              21.671914625398113
            ],
            [
              79.72123050986873,
              21.671799332322713
            ],
            [
              79.72112897576083,
              21.671714897839376
            ],
            [
              79.72100245355064,
              21.671564544079043
            ],
            [
              79.72080561989523,
              21.671413648298085
            ],
            [
              79.72051306532845,
              21.671244088915365
            ],
            [
              79.72026572972958,
              21.671021101391382
            ],
            [
              79.72013313347829,
              21.670834849289804
            ],
            [
              79.71998759546489,
              21.670666422724725
            ],
            [
              79.71991844449369,
              21.670534436116476
            ],
            [
              79.71988801440554,
              21.670360922103754
            ],
            [
              79.71983830313877,
              21.670199209661856
            ],
            [
              79.71980116480795,
              21.670061494782505
            ],
            [
              79.71971268030468,
              21.669947284414633
            ],
            [
              79.71961659070709,
              21.66997044374699
            ],
            [
              79.71958315402672,
              21.670137489944228
            ],
            [
              79.71960064160618,
              21.670328829596674
            ],
            [
              79.71961173728702,
              21.670520119933215
            ],
            [
              79.71961623002086,
              21.670735259917173
            ],
            [
              79.71965828312715,
              21.671040316879008
            ],
            [
              79.71966040189722,
              21.671524320172697
            ],
            [
              79.71969685457357,
              21.671739706695657
            ],
            [
              79.71974472940174,
              21.672037040840944
            ],
            [
              79.71978667749771,
              21.67235404723552
            ],
            [
              79.7198532443187,
              21.672778796167343
            ],
            [
              79.71986354906413,
              21.6730597075538
            ],
            [
              79.71989778674836,
              21.6735260330883
            ],
            [
              79.71998215900354,
              21.674106273098086
            ],
            [
              79.72002960334132,
              21.6745248992796
            ],
            [
              79.72006805047769,
              21.674876534409222
            ],
            [
              79.7200972154824,
              21.67519344208486
            ],
            [
              79.7201148094737,
              21.675372832155563
            ],
            [
              79.72014460758672,
              21.67561804295236
            ],
            [
              79.72017472225637,
              21.67582740531107
            ],
            [
              79.720172823373,
              21.676042495892492
            ],
            [
              79.72012026173488,
              21.676203419393982
            ],
            [
              79.72020869736726,
              21.676323604402043
            ],
            [
              79.7204809246917,
              21.67662446108278
            ],
            [
              79.72074755180556,
              21.676835646993958
            ],
            [
              79.7209196839479,
              21.67700475608624
            ],
            [
              79.72108767950252,
              21.677092093132917
            ],
            [
              79.72140956304304,
              21.677126839601296
            ],
            [
              79.72172345998067,
              21.677197374805175
            ],
            [
              79.72201780129721,
              21.6773107798688
            ],
            [
              79.72216586277055,
              21.677484004449443
            ],
            [
              79.7222560783325,
              21.677692634342442
            ],
            [
              79.72231630643861,
              21.67782216132752
            ],
            [
              79.72231079636882,
              21.67801212858723
            ],
            [
              79.72224046426288,
              21.67815857559458
            ],
            [
              79.72213433260549,
              21.67830504560552
            ],
            [
              79.72201046299466,
              21.678433154713527
            ],
            [
              79.72194076253541,
              21.678507904673882
            ],
            [
              79.72186373896918,
              21.678543162222653
            ],
            [
              79.7218055128972,
              21.678621585599867
            ],
            [
              79.72177429247135,
              21.678682291570027
            ],
            [
              79.72170877490896,
              21.678717637682997
            ],
            [
              79.7213157637574,
              21.678918959251295
            ],
            [
              79.72111546984499,
              21.67901421283639
            ],
            [
              79.72104919282641,
              21.67913559490185
            ],
            [
              79.72106659841785,
              21.67933649392679
            ],
            [
              79.72112625669324,
              21.679530548470904
            ],
            [
              79.72125059067781,
              21.67973645427038
            ],
            [
              79.72134179704811,
              21.679832759530857
            ],
            [
              79.72145104969235,
              21.679912473411758
            ],
            [
              79.7215862513064,
              21.67994936613482
            ],
            [
              79.72174478162373,
              21.679950587619224
            ],
            [
              79.72190094468206,
              21.679930280192238
            ],
            [
              79.72207483771376,
              21.67992922964994
            ],
            [
              79.72228674777479,
              21.67996671264487
            ],
            [
              79.72242695824465,
              21.680015593560313
            ],
            [
              79.72254379823393,
              21.680104925410213
            ],
            [
              79.72262456730898,
              21.68022505022615
            ],
            [
              79.72265151421881,
              21.680359100977974
            ],
            [
              79.72263780270842,
              21.680464157985035
            ],
            [
              79.72264230578584,
              21.68053350435264
            ],
            [
              79.72259281795745,
              21.680635895835902
            ],
            [
              79.72256162896846,
              21.680693017090473
            ],
            [
              79.7225252417824,
              21.680759658544684
            ],
            [
              79.72251396069198,
              21.68087907459584
            ],
            [
              79.72250270064326,
              21.680996100747535
            ],
            [
              79.72250644528978,
              21.681151483369693
            ],
            [
              79.72253565426134,
              21.681319012362547
            ],
            [
              79.72255998107093,
              21.681460213116715
            ],
            [
              79.72260032381597,
              21.681525055326333
            ],
            [
              79.72267147662372,
              21.681575794401194
            ],
            [
              79.72279657861759,
              21.681598268095296
            ],
            [
              79.72292442716163,
              21.68159925231373
            ],
            [
              79.72299834768013,
              21.681626111975262
            ],
            [
              79.72305108927937,
              21.68170586788625
            ],
            [
              79.72306313713905,
              21.681789612666687
            ],
            [
              79.72303169536147,
              21.681875412754685
            ],
            [
              79.72297749345464,
              21.6819323569348
            ],
            [
              79.72286338584846,
              21.682113122955837
            ],
            [
              79.72276671344915,
              21.682346604397054
            ],
            [
              79.72270087202564,
              21.6825635927446
            ],
            [
              79.72269641924952,
              21.682778663676412
            ],
            [
              79.72260792798049,
              21.683147644577765
            ],
            [
              79.72254090718849,
              21.683643384123137
            ],
            [
              79.72254519002372,
              21.683853742169795
            ],
            [
              79.72258473701503,
              21.684008922439247
            ],
            [
              79.72260438413491,
              21.684100851942603
            ],
            [
              79.72262440205805,
              21.684150719287043
            ],
            [
              79.72263221372914,
              21.68419284445243
            ],
            [
              79.72267498622169,
              21.684214206319638
            ],
            [
              79.72274037844484,
              21.6842223580226
            ],
            [
              79.7228661981717,
              21.684256500759872
            ],
            [
              79.72322359108217,
              21.684326173576068
            ],
            [
              79.72356063346976,
              21.684383738751293
            ],
            [
              79.72374431799044,
              21.684432953244595
            ],
            [
              79.7240432580725,
              21.684461543599866
            ],
            [
              79.72417616843519,
              21.684456690332127
            ],
            [
              79.72432874259161,
              21.684408867538185
            ],
            [
              79.7244913869651,
              21.68437904747264
            ],
            [
              79.7246204744887,
              21.684384820128816
            ],
            [
              79.72470083137844,
              21.684406948462403
            ],
            [
              79.7247504724736,
              21.68443242571463
            ],
            [
              79.72481665011296,
              21.684467590311016
            ],
            [
              79.72488931498134,
              21.684492049483744
            ],
            [
              79.72493395775398,
              21.684504342937263
            ],
            [
              79.72496025352163,
              21.684491318649783
            ]
          ]
        ]
      }
    },
    {
      "type": "Feature",
      "id": "NGDR-L2247",
      "properties": {
        "feature_id": "NGDR-L2247",
        "state": "Madhya Pradesh",
        "district": "Balaghat",
        "official_lease_name": "Tirodi",
        "taluka": "-",
        "source_record_line": 2247,
        "site_id": "MOIL-TIR-001",
        "canonical_master_id": "CUID-MOIL-003",
        "canonical_mine_name": "Tirodi",
        "mapping_status": "MATCHED_CANONICAL_MINE",
        "source_id": "NGDR-ML-2022",
        "source_dataset_vintage": 2022,
        "verification_as_of": 2025
      },
      "geometry": {
        "type": "Polygon",
        "coordinates": [
          [
            [
              79.72567302167941,
              21.688830353198465
            ],
            [
              79.72475775845697,
              21.68719377394126
            ],
            [
              79.72439885786503,
              21.686788742173842
            ],
            [
              79.72395271673672,
              21.68655234934876
            ],
            [
              79.72202309132147,
              21.685679555202015
            ],
            [
              79.72127207833067,
              21.68580958846725
            ],
            [
              79.72212986250346,
              21.686255798633415
            ],
            [
              79.7228463046955,
              21.6866998429413
            ],
            [
              79.72356983752115,
              21.687172000408154
            ],
            [
              79.72396458992115,
              21.68751690444095
            ],
            [
              79.72437955410483,
              21.68802653294989
            ],
            [
              79.72468124954423,
              21.688454168285013
            ],
            [
              79.72487575421484,
              21.688729729668772
            ],
            [
              79.72524181378414,
              21.68950978525192
            ],
            [
              79.72534265695414,
              21.68980607143482
            ],
            [
              79.72546993464462,
              21.689872776192605
            ],
            [
              79.72567302167941,
              21.688830353198465
            ]
          ]
        ]
      }
    },
    {
      "type": "Feature",
      "id": "NGDR-L2249",
      "properties": {
        "feature_id": "NGDR-L2249",
        "state": "Madhya Pradesh",
        "district": "Balaghat",
        "official_lease_name": "Bharweli",
        "taluka": "-",
        "source_record_line": 2249,
        "site_id": "MOIL-BAL-001",
        "canonical_master_id": "CUID-MOIL-001",
        "canonical_mine_name": "Balaghat",
        "mapping_status": "MATCHED_CANONICAL_MINE",
        "source_id": "NGDR-ML-2022",
        "source_dataset_vintage": 2022,
        "verification_as_of": 2025
      },
      "geometry": {
        "type": "Polygon",
        "coordinates": [
          [
            [
              80.22515894877642,
              21.83772168992288
            ],
            [
              80.22531577299463,
              21.838089322080233
            ],
            [
              80.22742837616266,
              21.838918530133125
            ],
            [
              80.22710522751822,
              21.838458808897354
            ],
            [
              80.22515894877642,
              21.83772168992288
            ]
          ]
        ]
      }
    },
    {
      "type": "Feature",
      "id": "NGDR-L2250",
      "properties": {
        "feature_id": "NGDR-L2250",
        "state": "Madhya Pradesh",
        "district": "Balaghat",
        "official_lease_name": "LUGMA",
        "taluka": "-",
        "source_record_line": 2250,
        "site_id": "NOT_ESTABLISHED",
        "canonical_master_id": "NOT_ESTABLISHED",
        "canonical_mine_name": "NOT_ESTABLISHED",
        "mapping_status": "PENDING_IDENTITY_MAPPING",
        "source_id": "NGDR-ML-2022",
        "source_dataset_vintage": 2022,
        "verification_as_of": 2025
      },
      "geometry": {
        "type": "MultiPolygon",
        "coordinates": [
          [
            [
              [
                80.46040096166243,
                21.97620947072356
              ],
              [
                80.4624724385832,
                21.97532706383918
              ],
              [
                80.46284451912058,
                21.975157641045367
              ],
              [
                80.46300451631478,
                21.97486028044205
              ],
              [
                80.46143309726733,
                21.97457649639624
              ],
              [
                80.46060138023148,
                21.974944266947887
              ],
              [
                80.45980665899461,
                21.975269072088967
              ],
              [
                80.45863131717,
                21.975759042367628
              ],
              [
                80.4584416058774,
                21.975833565716627
              ],
              [
                80.45834477910518,
                21.975937148749463
              ],
              [
                80.45825448452983,
                21.976033344557575
              ],
              [
                80.45800162697317,
                21.976124929016738
              ],
              [
                80.45789486627385,
                21.976116275811307
              ],
              [
                80.45786894766391,
                21.97627620247125
              ],
              [
                80.45890050509445,
                21.976951375147376
              ],
              [
                80.46040096166243,
                21.97620947072356
              ]
            ]
          ],
          [
            [
              [
                80.47083618811249,
                21.979492445863407
              ],
              [
                80.47047542033302,
                21.979102614188267
              ],
              [
                80.47032374847252,
                21.978949300715808
              ],
              [
                80.46939214952751,
                21.979297670548302
              ],
              [
                80.46918606022163,
                21.979339938646852
              ],
              [
                80.46847959867198,
                21.979484828940933
              ],
              [
                80.46806217139724,
                21.978923775048848
              ],
              [
                80.46801038758703,
                21.97885417330638
              ],
              [
                80.46755848984218,
                21.97825512490312
              ],
              [
                80.467561431229,
                21.97824503589433
              ],
              [
                80.46736302883069,
                21.977977131498566
              ],
              [
                80.46485463993912,
                21.97728173905542
              ],
              [
                80.46355540458265,
                21.97723458547616
              ],
              [
                80.46202345078248,
                21.979005025813144
              ],
              [
                80.46214390296726,
                21.97914119135823
              ],
              [
                80.46219918002845,
                21.979162407402416
              ],
              [
                80.46266176994219,
                21.97936662255683
              ],
              [
                80.4629214648223,
                21.97954961576521
              ],
              [
                80.46289432616469,
                21.97995110249988
              ],
              [
                80.4632350356055,
                21.979990462424528
              ],
              [
                80.46338134905177,
                21.981133439185122
              ],
              [
                80.46505324559035,
                21.981573937501206
              ],
              [
                80.46562157394217,
                21.981057087217998
              ],
              [
                80.46573889863447,
                21.98093460617568
              ],
              [
                80.46606569151554,
                21.980584290979547
              ],
              [
                80.46656704012328,
                21.979472026736754
              ],
              [
                80.46689944307079,
                21.979637382540993
              ],
              [
                80.46714260835626,
                21.979758345879805
              ],
              [
                80.46855921462549,
                21.98044717154261
              ],
              [
                80.46827786344201,
                21.98095669426791
              ],
              [
                80.46818038825661,
                21.98113321935953
              ],
              [
                80.46763596076704,
                21.982119154377866
              ],
              [
                80.46736342649997,
                21.982810454781493
              ],
              [
                80.46729231535214,
                21.982990831483097
              ],
              [
                80.46690135845924,
                21.98398250261451
              ],
              [
                80.46773570768379,
                21.984293563626576
              ],
              [
                80.46889876324147,
                21.984944341910595
              ],
              [
                80.46902933868226,
                21.985017403457736
              ],
              [
                80.46950971797602,
                21.985278983873254
              ],
              [
                80.4696382938222,
                21.98534899674058
              ],
              [
                80.47208897117157,
                21.980801763197015
              ],
              [
                80.47175893192096,
                21.980606397271938
              ],
              [
                80.47115267270436,
                21.979856716869325
              ],
              [
                80.47083618811249,
                21.979492445863407
              ]
            ]
          ]
        ]
      }
    },
    {
      "type": "Feature",
      "id": "NGDR-L2372",
      "properties": {
        "feature_id": "NGDR-L2372",
        "state": "Madhya Pradesh",
        "district": "Balaghat",
        "official_lease_name": "Balaghat",
        "taluka": "Balaghat",
        "source_record_line": 2372,
        "site_id": "MOIL-BAL-001",
        "canonical_master_id": "CUID-MOIL-001",
        "canonical_mine_name": "Balaghat",
        "mapping_status": "MATCHED_CANONICAL_MINE",
        "source_id": "NGDR-ML-2022",
        "source_dataset_vintage": 2022,
        "verification_as_of": 2025
      },
      "geometry": {
        "type": "MultiPolygon",
        "coordinates": [
          [
            [
              [
                80.22523293122833,
                21.83789247117693
              ],
              [
                80.22531193562293,
                21.83808524241749
              ],
              [
                80.22531561970487,
                21.83808661692922
              ],
              [
                80.22523293122833,
                21.83789247117693
              ]
            ]
          ],
          [
            [
              [
                80.22523293122833,
                21.83789247117693
              ],
              [
                80.22516323567152,
                21.83772241429233
              ],
              [
                80.22710409700142,
                21.83845764891203
              ],
              [
                80.22711021492148,
                21.83845996653906
              ],
              [
                80.2269444031536,
                21.83823063865793
              ],
              [
                80.22644365535052,
                21.83754024168468
              ],
              [
                80.22579336311338,
                21.83737936766079
              ],
              [
                80.2255985020293,
                21.8371573168796
              ],
              [
                80.22512721003665,
                21.83661850315821
              ],
              [
                80.22468310822961,
                21.83609283152703
              ],
              [
                80.2242639302508,
                21.83560794456378
              ],
              [
                80.2239535120375,
                21.83592470701501
              ],
              [
                80.22431604426447,
                21.83632575852926
              ],
              [
                80.2246672471457,
                21.83672680979896
              ],
              [
                80.22491422248771,
                21.83702703172332
              ],
              [
                80.22490969074937,
                21.8371561838228
              ],
              [
                80.22494594416742,
                21.83722189280729
              ],
              [
                80.22518385578866,
                21.8377772470559
              ],
              [
                80.22523293122833,
                21.83789247117693
              ]
            ]
          ],
          [
            [
              [
                80.22531561970487,
                21.83808661692922
              ],
              [
                80.2256710083771,
                21.83892103611959
              ],
              [
                80.22597009773273,
                21.83960486253613
              ],
              [
                80.2262170728307,
                21.84018151536884
              ],
              [
                80.22647764289934,
                21.84080416429492
              ],
              [
                80.22681071907158,
                21.84157681126828
              ],
              [
                80.22700558015572,
                21.84203110936471
              ],
              [
                80.22724122615205,
                21.84257898607393
              ],
              [
                80.22751085945299,
                21.84325533543995
              ],
              [
                80.22778049299814,
                21.84387050731539
              ],
              [
                80.22813849324268,
                21.84469753417181
              ],
              [
                80.22840132942451,
                21.8452877817308
              ],
              [
                80.22864377278415,
                21.84584925341107
              ],
              [
                80.2289111402161,
                21.84647462157557
              ],
              [
                80.22871627913196,
                21.84618346312834
              ],
              [
                80.22814302498085,
                21.84539042357676
              ],
              [
                80.22762415071276,
                21.84474919481636
              ],
              [
                80.22723216291956,
                21.8453926896899
              ],
              [
                80.22706222590773,
                21.84541761351807
              ],
              [
                80.22703730183542,
                21.84626525927069
              ],
              [
                80.22701464338803,
                21.84702544408583
              ],
              [
                80.2269987827924,
                21.84734945726962
              ],
              [
                80.22694893440371,
                21.84770768432111
              ],
              [
                80.22669289631745,
                21.84813819140129
              ],
              [
                80.22643912361212,
                21.84842595141151
              ],
              [
                80.22635528816284,
                21.84855306420457
              ],
              [
                80.22676540266508,
                21.84894731786721
              ],
              [
                80.22727068196252,
                21.84943900243798
              ],
              [
                80.22784393611346,
                21.84998959814141
              ],
              [
                80.22831069636788,
                21.85044842797606
              ],
              [
                80.22781448030298,
                21.85094690991002
              ],
              [
                80.22733639094702,
                21.85049147875725
              ],
              [
                80.22668156697176,
                21.84985704735993
              ],
              [
                80.22594064192225,
                21.84915464110941
              ],
              [
                80.22571405915846,
                21.84892126122634
              ],
              [
                80.22478507014387,
                21.84855193139219
              ],
              [
                80.22478216096408,
                21.84869414770094
              ],
              [
                80.22477247981175,
                21.8488829269977
              ],
              [
                80.2246731188169,
                21.84962386529219
              ],
              [
                80.22498839740018,
                21.84999863040071
              ],
              [
                80.22541592480673,
                21.85048213056336
              ],
              [
                80.22630304960603,
                21.85149174218191
              ],
              [
                80.22719475261789,
                21.85252859231514
              ],
              [
                80.22736666867564,
                21.85298797700568
              ],
              [
                80.22763805354487,
                21.85392624023473
              ],
              [
                80.2285141834285,
                21.85393108056678
              ],
              [
                80.22861099348717,
                21.85460875024523
              ],
              [
                80.22889658284305,
                21.85651154931941
              ],
              [
                80.22895466878049,
                21.8568358625522
              ],
              [
                80.23038261507094,
                21.85715533520886
              ],
              [
                80.23207678890066,
                21.85752805347079
              ],
              [
                80.23392585848234,
                21.85792497436967
              ],
              [
                80.23547965780023,
                21.85825896851054
              ],
              [
                80.23636062801592,
                21.8578668881878
              ],
              [
                80.23880023836978,
                21.85683102197606
              ],
              [
                80.2401700989667,
                21.85623564111586
              ],
              [
                80.23930560165144,
                21.85462485156393
              ],
              [
                80.23903001107493,
                21.85411828002998
              ],
              [
                80.23870088827209,
                21.85354132397481
              ],
              [
                80.23840348788116,
                21.85303177831997
              ],
              [
                80.23814375863276,
                21.85258746264572
              ],
              [
                80.23803272933583,
                21.85234756005752
              ],
              [
                80.23788799471657,
                21.85203429833871
              ],
              [
                80.23771748519488,
                21.8516655224596
              ],
              [
                80.23743991170835,
                21.85113991723426
              ],
              [
                80.23713854647372,
                21.85057525341563
              ],
              [
                80.23691252230344,
                21.85014739404005
              ],
              [
                80.23633556600407,
                21.84906525414658
              ],
              [
                80.23614522982234,
                21.84870282250563
              ],
              [
                80.23581808992947,
                21.84809454027823
              ],
              [
                80.23543940023194,
                21.84737681469164
              ],
              [
                80.23504683236041,
                21.84663708153687
              ],
              [
                80.23479899886411,
                21.84616956859668
              ],
              [
                80.23452737361964,
                21.8456560576102
              ],
              [
                80.23417049324837,
                21.84498770043172
              ],
              [
                80.23380964803312,
                21.8442957497474
              ],
              [
                80.23330208504444,
                21.84401619359483
              ],
              [
                80.23258832478973,
                21.84361569457099
              ],
              [
                80.23185275520899,
                21.84320131737343
              ],
              [
                80.231202440267,
                21.84284245458025
              ],
              [
                80.23093874568667,
                21.84268185863266
              ],
              [
                80.2311627869467,
                21.84220403563427
              ],
              [
                80.23137493245468,
                21.8417595217179
              ],
              [
                80.23163069661513,
                21.84119684056486
              ],
              [
                80.23110925496411,
                21.84110365526203
              ],
              [
                80.23037566804936,
                21.84097279930495
              ],
              [
                80.23011197346904,
                21.84078999730298
              ],
              [
                80.22929907991369,
                21.84021998045671
              ],
              [
                80.22850997810633,
                21.83967078148135
              ],
              [
                80.22829188484445,
                21.83951653001645
              ],
              [
                80.22778233918956,
                21.83915766722316
              ],
              [
                80.22742545906232,
                21.83891974705705
              ],
              [
                80.22742117952134,
                21.83891800609001
              ],
              [
                80.22606138410981,
                21.83836479857018
              ],
              [
                80.22531561970487,
                21.83808661692922
              ]
            ]
          ]
        ]
      }
    },
    {
      "type": "Feature",
      "id": "NGDR-L2375",
      "properties": {
        "feature_id": "NGDR-L2375",
        "state": "Madhya Pradesh",
        "district": "Balaghat",
        "official_lease_name": "Sitapathore",
        "taluka": "Tirodi",
        "source_record_line": 2375,
        "site_id": "MOIL-SIT-001",
        "canonical_master_id": "CUID-MOIL-004",
        "canonical_mine_name": "Sitapatore",
        "mapping_status": "MATCHED_CANONICAL_MINE",
        "source_id": "NGDR-ML-2022",
        "source_dataset_vintage": 2022,
        "verification_as_of": 2025
      },
      "geometry": {
        "type": "MultiPolygon",
        "coordinates": [
          [
            [
              [
                79.67591213962902,
                21.67435143970465
              ],
              [
                79.67596423797937,
                21.672047869602522
              ],
              [
                79.6754713298231,
                21.672075520331532
              ],
              [
                79.67501791998114,
                21.672100954963014
              ],
              [
                79.67455810839766,
                21.672080138332092
              ],
              [
                79.67424956217604,
                21.672059724261146
              ],
              [
                79.67356903030787,
                21.672012221801765
              ],
              [
                79.67333380030351,
                21.67198920855037
              ],
              [
                79.67308408517721,
                21.671960683665134
              ],
              [
                79.67266119259278,
                21.67184740761138
              ],
              [
                79.67240378738364,
                21.67173335121555
              ],
              [
                79.67144653968211,
                21.672005375616777
              ],
              [
                79.67050280409268,
                21.67222273691533
              ],
              [
                79.6696219518468,
                21.672215969298122
              ],
              [
                79.66979483066171,
                21.674060882489925
              ],
              [
                79.67004545972497,
                21.674064417677926
              ],
              [
                79.6701498335899,
                21.676918523806933
              ],
              [
                79.67229082488421,
                21.676973520317745
              ],
              [
                79.67395439577683,
                21.677032712169193
              ],
              [
                79.67408810930971,
                21.677924426117215
              ],
              [
                79.6758426762645,
                21.67803710410749
              ],
              [
                79.67581758922415,
                21.675940770536954
              ],
              [
                79.67591213962902,
                21.67435143970465
              ]
            ]
          ],
          [
            [
              [
                79.67078054233792,
                21.679232794804534
              ],
              [
                79.67026244502176,
                21.678493472236198
              ],
              [
                79.66977086074678,
                21.678562188354533
              ],
              [
                79.66884482434773,
                21.678715370685325
              ],
              [
                79.66827652759287,
                21.679006694788654
              ],
              [
                79.66748251956108,
                21.679484059783476
              ],
              [
                79.6670600796478,
                21.67981909321469
              ],
              [
                79.66729115666561,
                21.680680838979242
              ],
              [
                79.66747379092016,
                21.68135125268458
              ],
              [
                79.66925250239535,
                21.681491245265306
              ],
              [
                79.66936507761949,
                21.681345161947434
              ],
              [
                79.66965929676633,
                21.68104996388621
              ],
              [
                79.67018456870727,
                21.680627078258738
              ],
              [
                79.67063870414694,
                21.680181393618454
              ],
              [
                79.67090457991418,
                21.679741847612775
              ],
              [
                79.67083056801641,
                21.679633285405032
              ],
              [
                79.67079495869916,
                21.679501070862102
              ],
              [
                79.67078054233792,
                21.679232794804534
              ]
            ]
          ]
        ]
      }
    },
    {
      "type": "Feature",
      "id": "NGDR-L2376",
      "properties": {
        "feature_id": "NGDR-L2376",
        "state": "Madhya Pradesh",
        "district": "Balaghat",
        "official_lease_name": "Ukwa",
        "taluka": "Paraswada",
        "source_record_line": 2376,
        "site_id": "MOIL-UKW-001",
        "canonical_master_id": "CUID-MOIL-002",
        "canonical_mine_name": "Ukwa",
        "mapping_status": "MATCHED_CANONICAL_MINE",
        "source_id": "NGDR-ML-2022",
        "source_dataset_vintage": 2022,
        "verification_as_of": 2025
      },
      "geometry": {
        "type": "MultiPolygon",
        "coordinates": [
          [
            [
              [
                80.45378318228876,
                21.968442502930486
              ],
              [
                80.45375376555768,
                21.96809341669575
              ],
              [
                80.45372886173362,
                21.967904497663824
              ],
              [
                80.45348840842104,
                21.9677913519385
              ],
              [
                80.4531533046628,
                21.967634864703257
              ],
              [
                80.45263586305146,
                21.968249846010224
              ],
              [
                80.45187195013136,
                21.96764732457126
              ],
              [
                80.45116287262778,
                21.967114302536743
              ],
              [
                80.44994511397636,
                21.966140550205182
              ],
              [
                80.44919230326036,
                21.965615404829464
              ],
              [
                80.44900375726183,
                21.965467049842516
              ],
              [
                80.44863686873322,
                21.965372306636482
              ],
              [
                80.44805686692393,
                21.964931732509115
              ],
              [
                80.44766459404826,
                21.964643902563807
              ],
              [
                80.44706432666368,
                21.964119356229617
              ],
              [
                80.44593510581598,
                21.96333345414041
              ],
              [
                80.44583336162867,
                21.963515884334754
              ],
              [
                80.44571973936564,
                21.963656563219274
              ],
              [
                80.44559141617441,
                21.963741688162997
              ],
              [
                80.44546762731778,
                21.9637893774065
              ],
              [
                80.44533932594788,
                21.963816124690368
              ],
              [
                80.44515287415078,
                21.96385098939686
              ],
              [
                80.44499921144455,
                21.963832198047953
              ],
              [
                80.44384519193812,
                21.96510627884595
              ],
              [
                80.44470066158237,
                21.96573359289397
              ],
              [
                80.44666311804673,
                21.967190365718636
              ],
              [
                80.44808952154233,
                21.96823663306128
              ],
              [
                80.44846240596877,
                21.968507296109692
              ],
              [
                80.4496337532251,
                21.969280016467394
              ],
              [
                80.45074942998747,
                21.970121861955136
              ],
              [
                80.45196213525026,
                21.97097567677895
              ],
              [
                80.45280219760258,
                21.971455674382923
              ],
              [
                80.45292349156483,
                21.971368114463075
              ],
              [
                80.45309850576189,
                21.97117173435072
              ],
              [
                80.45334973956153,
                21.97087999462218
              ],
              [
                80.45351677161216,
                21.970626219521137
              ],
              [
                80.45364961488241,
                21.97031050057774
              ],
              [
                80.45372272140145,
                21.969956974885804
              ],
              [
                80.45378803001029,
                21.969632107169446
              ],
              [
                80.45381251931116,
                21.96925929700376
              ],
              [
                80.45380861875788,
                21.968938979661857
              ],
              [
                80.45378318228876,
                21.968442502930486
              ]
            ]
          ],
          [
            [
              [
                80.47147649299723,
                21.971845387768212
              ],
              [
                80.47158947660563,
                21.971784558873765
              ],
              [
                80.47115687783429,
                21.97178890273915
              ],
              [
                80.47123972545887,
                21.9715616096712
              ],
              [
                80.4713791907302,
                21.971546760644287
              ],
              [
                80.47209837566328,
                21.971554889580602
              ],
              [
                80.47211467755596,
                21.97168681049618
              ],
              [
                80.47245697853765,
                21.97170703346069
              ],
              [
                80.47282135911416,
                21.971716331070127
              ],
              [
                80.47283817080614,
                21.971674554178094
              ],
              [
                80.47256611558032,
                21.971577349856375
              ],
              [
                80.4720766933853,
                21.971424707579786
              ],
              [
                80.47172839129587,
                21.971364306887153
              ],
              [
                80.47146398891539,
                21.971346245486075
              ],
              [
                80.4710560637792,
                21.971331545855946
              ],
              [
                80.4709370715999,
                21.97135410966132
              ],
              [
                80.47106043672511,
                21.97181153926772
              ],
              [
                80.47063818816616,
                21.971878924343514
              ],
              [
                80.47064406329537,
                21.972022363390295
              ],
              [
                80.47088345251365,
                21.97199263442701
              ],
              [
                80.47116246181588,
                21.971941902180333
              ],
              [
                80.47147649299723,
                21.971845387768212
              ]
            ]
          ],
          [
            [
              [
                80.46995327064008,
                21.97221698857436
              ],
              [
                80.47027434024125,
                21.97201962707993
              ],
              [
                80.47024517516286,
                21.9715916630106
              ],
              [
                80.47028136772064,
                21.971160172085092
              ],
              [
                80.47032410323618,
                21.97092725510538
              ],
              [
                80.47033459314218,
                21.970862749895673
              ],
              [
                80.469673812086,
                21.970757832375796
              ],
              [
                80.46965191045655,
                21.971134956500975
              ],
              [
                80.46957279867081,
                21.971459786475293
              ],
              [
                80.46944984586287,
                21.97170338261253
              ],
              [
                80.469286354389,
                21.97183910326447
              ],
              [
                80.46932591630912,
                21.971951098813292
              ],
              [
                80.46869222276968,
                21.972003548850864
              ],
              [
                80.46871027919167,
                21.97210973813634
              ],
              [
                80.46821181357797,
                21.972184136880003
              ],
              [
                80.46794551028921,
                21.971196992205194
              ],
              [
                80.4674039608663,
                21.971246030893894
              ],
              [
                80.46745075369051,
                21.97164630472753
              ],
              [
                80.46668993854365,
                21.971564954001167
              ],
              [
                80.46671143554516,
                21.971641514520684
              ],
              [
                80.466185419049,
                21.971619487173484
              ],
              [
                80.4662120092841,
                21.972047443386884
              ],
              [
                80.46661863926198,
                21.97213481702107
              ],
              [
                80.46772280049731,
                21.97250699017968
              ],
              [
                80.46792881217169,
                21.972563731247135
              ],
              [
                80.46821599718646,
                21.972600556616214
              ],
              [
                80.46886029320888,
                21.97255766426963
              ],
              [
                80.46921163743349,
                21.972489480908678
              ],
              [
                80.46995327064008,
                21.97221698857436
              ]
            ]
          ],
          [
            [
              [
                80.47878517759892,
                21.979233907917717
              ],
              [
                80.47813947002123,
                21.979199586590937
              ],
              [
                80.47814968341493,
                21.980612306952253
              ],
              [
                80.47914230751604,
                21.98039315901707
              ],
              [
                80.47878517759892,
                21.979233907917717
              ]
            ]
          ],
          [
            [
              [
                80.47351166138765,
                21.973242821492704
              ],
              [
                80.47362582011795,
                21.973141359275587
              ],
              [
                80.47365700315152,
                21.973042799266523
              ],
              [
                80.473638867077,
                21.97293896358923
              ],
              [
                80.47355685335447,
                21.972871293147364
              ],
              [
                80.47344150322431,
                21.97287059157219
              ],
              [
                80.47279416075577,
                21.973018002531944
              ],
              [
                80.47250801446722,
                21.972447227400778
              ],
              [
                80.4717497576375,
                21.972503591542534
              ],
              [
                80.47052487607027,
                21.972763897157506
              ],
              [
                80.46917155918612,
                21.97304905609093
              ],
              [
                80.46856623193787,
                21.97319051770171
              ],
              [
                80.46796656317383,
                21.973188575360837
              ],
              [
                80.46741357547,
                21.973038581583808
              ],
              [
                80.46689671631736,
                21.972821773941007
              ],
              [
                80.46655892467754,
                21.97269159865664
              ],
              [
                80.46570722289431,
                21.97247083054316
              ],
              [
                80.46501251104786,
                21.972301244780112
              ],
              [
                80.46476153065498,
                21.972257400708997
              ],
              [
                80.46386548877996,
                21.97195990821541
              ],
              [
                80.46340226373604,
                21.971831119539843
              ],
              [
                80.46293344583563,
                21.971653658037837
              ],
              [
                80.46254659807329,
                21.971486024907506
              ],
              [
                80.46120937466947,
                21.970864744799428
              ],
              [
                80.45948226427447,
                21.970107547311613
              ],
              [
                80.45897060781255,
                21.9698763901535
              ],
              [
                80.45854581028368,
                21.96971722785861
              ],
              [
                80.45815678156828,
                21.969586866511463
              ],
              [
                80.45749653390783,
                21.969345653043945
              ],
              [
                80.45659347328052,
                21.969001333277674
              ],
              [
                80.4556875398294,
                21.968622523689532
              ],
              [
                80.45520854859836,
                21.968430186618946
              ],
              [
                80.45466836125178,
                21.968227654176417
              ],
              [
                80.45430371231032,
                21.968090193780313
              ],
              [
                80.45428799968056,
                21.968313199881322
              ],
              [
                80.45427845754244,
                21.968663789389325
              ],
              [
                80.4542375651888,
                21.969138134228103
              ],
              [
                80.45418564897273,
                21.969647102178044
              ],
              [
                80.45401953675065,
                21.970282138861705
              ],
              [
                80.4538088001699,
                21.970695034213406
              ],
              [
                80.4537095947914,
                21.970889405969785
              ],
              [
                80.4534401880154,
                21.97134963513855
              ],
              [
                80.45324070214298,
                21.97157904019116
              ],
              [
                80.45306950324971,
                21.971715913930723
              ],
              [
                80.45324553034231,
                21.971924458979345
              ],
              [
                80.4534319125109,
                21.97210923063011
              ],
              [
                80.4536962428507,
                21.972346753127567
              ],
              [
                80.45474109834743,
                21.97273817736584
              ],
              [
                80.45618067728634,
                21.973248507349638
              ],
              [
                80.45787402619328,
                21.973858264248292
              ],
              [
                80.45837804306933,
                21.97401754126514
              ],
              [
                80.45877710191075,
                21.974139712735393
              ],
              [
                80.45957908793645,
                21.974384351837614
              ],
              [
                80.46064540733494,
                21.974483077645573
              ],
              [
                80.46143309726739,
                21.974576496396196
              ],
              [
                80.46300451631475,
                21.974860280442044
              ],
              [
                80.46591449768493,
                21.97550740124433
              ],
              [
                80.46717800475847,
                21.976571261446395
              ],
              [
                80.46786231078966,
                21.9771892250767
              ],
              [
                80.47032374847248,
                21.978949300715897
              ],
              [
                80.4706443264626,
                21.97928512796352
              ],
              [
                80.47109702358205,
                21.979792096917095
              ],
              [
                80.47122727000175,
                21.979933277249017
              ],
              [
                80.47141535893729,
                21.980181547338304
              ],
              [
                80.47175893192104,
                21.980606397271856
              ],
              [
                80.47208897117156,
                21.980801763197064
              ],
              [
                80.47245405152648,
                21.981028501084552
              ],
              [
                80.4730331736879,
                21.98139847289457
              ],
              [
                80.47362640332665,
                21.98176609760941
              ],
              [
                80.47410964482731,
                21.98207599980401
              ],
              [
                80.4743939662556,
                21.982258177583162
              ],
              [
                80.4749543271036,
                21.98259282522025
              ],
              [
                80.47561717342774,
                21.983139940558885
              ],
              [
                80.47615198593138,
                21.98371622498189
              ],
              [
                80.47713402367407,
                21.98443478367534
              ],
              [
                80.47846673141873,
                21.98584095521204
              ],
              [
                80.4791470331354,
                21.986236246185854
              ],
              [
                80.48075038284776,
                21.98709133038983
              ],
              [
                80.48124937247678,
                21.987530734158668
              ],
              [
                80.48148343948947,
                21.98765338102112
              ],
              [
                80.48204652852831,
                21.98768814610969
              ],
              [
                80.4840515231241,
                21.98771916320561
              ],
              [
                80.48498949859402,
                21.988261210079315
              ],
              [
                80.48555100211257,
                21.988630126960743
              ],
              [
                80.4863772300555,
                21.989017581645783
              ],
              [
                80.48711465190672,
                21.989767132569852
              ],
              [
                80.48767142763575,
                21.990313868414887
              ],
              [
                80.48830781106255,
                21.991057256523675
              ],
              [
                80.4885131093867,
                21.990986186676196
              ],
              [
                80.4888517698435,
                21.990891628781355
              ],
              [
                80.48946234856624,
                21.990730987207712
              ],
              [
                80.48958888310426,
                21.989606728307024
              ],
              [
                80.48964759288583,
                21.989100398904213
              ],
              [
                80.48905001699165,
                21.98878110250621
              ],
              [
                80.48793240369673,
                21.98816397145663
              ],
              [
                80.48706276407722,
                21.987669324151852
              ],
              [
                80.48619761505279,
                21.987068077428148
              ],
              [
                80.48530026896935,
                21.986456383042878
              ],
              [
                80.48475340650236,
                21.986010064480297
              ],
              [
                80.48397616159178,
                21.985486529084312
              ],
              [
                80.48298266653882,
                21.98497119294325
              ],
              [
                80.48230188407467,
                21.98453042018508
              ],
              [
                80.48130961707596,
                21.983939264491937
              ],
              [
                80.48078275821348,
                21.983636416215006
              ],
              [
                80.48040000887119,
                21.98340764492565
              ],
              [
                80.47975318027642,
                21.983113018693757
              ],
              [
                80.47885043090463,
                21.982507551079948
              ],
              [
                80.47796798854773,
                21.982027874756056
              ],
              [
                80.4772457694861,
                21.98088458967061
              ],
              [
                80.47611480790022,
                21.97934041302517
              ],
              [
                80.47499819724635,
                21.977852407628063
              ],
              [
                80.4742950692933,
                21.977266915525092
              ],
              [
                80.47377698956666,
                21.976852683692073
              ],
              [
                80.47263284255166,
                21.976569940187744
              ],
              [
                80.47261031231051,
                21.97573121898182
              ],
              [
                80.47261009221086,
                21.975547939374337
              ],
              [
                80.47389309585441,
                21.975107454134218
              ],
              [
                80.47392430641816,
                21.974983256736607
              ],
              [
                80.47386634131539,
                21.974717743764813
              ],
              [
                80.47376450820707,
                21.97453407864367
              ],
              [
                80.47374048111885,
                21.97443360754096
              ],
              [
                80.47377028972346,
                21.97413347699245
              ],
              [
                80.47375454370012,
                21.97395558556906
              ],
              [
                80.47370162000755,
                21.97385215341751
              ],
              [
                80.4736052694924,
                21.97384993222238
              ],
              [
                80.47355984475962,
                21.97351977685821
              ],
              [
                80.47351166138765,
                21.973242821492704
              ]
            ]
          ]
        ]
      }
    },
    {
      "type": "Feature",
      "id": "NGDR-L2383",
      "properties": {
        "feature_id": "NGDR-L2383",
        "state": "Madhya Pradesh",
        "district": "Balaghat",
        "official_lease_name": "Lugma-Ukwa",
        "taluka": "Baihar",
        "source_record_line": 2383,
        "site_id": "NOT_ESTABLISHED",
        "canonical_master_id": "NOT_ESTABLISHED",
        "canonical_mine_name": "NOT_ESTABLISHED",
        "mapping_status": "PENDING_IDENTITY_MAPPING",
        "source_id": "NGDR-ML-2022",
        "source_dataset_vintage": 2022,
        "verification_as_of": 2025
      },
      "geometry": {
        "type": "MultiPolygon",
        "coordinates": [
          [
            [
              [
                80.45877479122339,
                21.974139007957238
              ],
              [
                80.45877582976404,
                21.974139325910826
              ],
              [
                80.45877710191083,
                21.974139712735383
              ],
              [
                80.45877630173693,
                21.9741381980354
              ],
              [
                80.45877479122339,
                21.974139007957238
              ]
            ]
          ],
          [
            [
              [
                80.45877479122339,
                21.974139007957238
              ],
              [
                80.45837804306937,
                21.974017541265003
              ],
              [
                80.45827592871561,
                21.974408899877957
              ],
              [
                80.4584745672612,
                21.97429998449341
              ],
              [
                80.45877479122339,
                21.974139007957238
              ]
            ]
          ],
          [
            [
              [
                80.45877710191083,
                21.974139712735383
              ],
              [
                80.45912947700447,
                21.97480674249005
              ],
              [
                80.45939188345918,
                21.974540845927898
              ],
              [
                80.45957908793642,
                21.97438435183758
              ],
              [
                80.45918590726694,
                21.97426401849182
              ],
              [
                80.45877710191083,
                21.974139712735383
              ]
            ]
          ],
          [
            [
              [
                80.46128179240762,
                21.974558552186913
              ],
              [
                80.46064540733491,
                21.974483077645672
              ],
              [
                80.46060138023148,
                21.974944266947887
              ],
              [
                80.46143309726733,
                21.97457649639624
              ],
              [
                80.46128179240762,
                21.974558552186913
              ]
            ]
          ],
          [
            [
              [
                80.45789719796483,
                21.974770914148475
              ],
              [
                80.45731683099034,
                21.97457407667526
              ],
              [
                80.4574534035698,
                21.97505533149468
              ],
              [
                80.45789719796483,
                21.974770914148475
              ]
            ]
          ],
          [
            [
              [
                80.4584416058774,
                21.975833565716627
              ],
              [
                80.45887637628884,
                21.97522546520437
              ],
              [
                80.45753679932987,
                21.97536745160218
              ],
              [
                80.45780947854576,
                21.97610935488474
              ],
              [
                80.45789486627385,
                21.976116275811307
              ],
              [
                80.45800162697317,
                21.976124929016738
              ],
              [
                80.45825448452983,
                21.976033344557575
              ],
              [
                80.4582550484858,
                21.97603314029332
              ],
              [
                80.4584416058774,
                21.975833565716627
              ]
            ]
          ],
          [
            [
              [
                80.46306149403026,
                21.974872901260444
              ],
              [
                80.46300451631478,
                21.97486028044205
              ],
              [
                80.46284451912058,
                21.975157641045367
              ],
              [
                80.46269946663827,
                21.9754272251147
              ],
              [
                80.46311884973692,
                21.97632083346612
              ],
              [
                80.46355546135412,
                21.97724020904517
              ],
              [
                80.46485463993912,
                21.97728173905542
              ],
              [
                80.46736302883069,
                21.977977131498566
              ],
              [
                80.46659558936238,
                21.977092255099198
              ],
              [
                80.4671780047584,
                21.97657126144635
              ],
              [
                80.46673806005839,
                21.976205546075132
              ],
              [
                80.46646169787299,
                21.975973861407805
              ],
              [
                80.4659144976848,
                21.975507401244315
              ],
              [
                80.46552474104045,
                21.975414821955393
              ],
              [
                80.4650843372178,
                21.97531060311815
              ],
              [
                80.46408274136121,
                21.9750991083857
              ],
              [
                80.46306149403026,
                21.974872901260444
              ]
            ]
          ],
          [
            [
              [
                80.4688642360339,
                21.977911960426326
              ],
              [
                80.4678623107897,
                21.977189225076682
              ],
              [
                80.46767011807452,
                21.977872237009556
              ],
              [
                80.467561431229,
                21.97824503589433
              ],
              [
                80.46755848984218,
                21.97825512490312
              ],
              [
                80.46801038758703,
                21.97885417330638
              ],
              [
                80.46806217139724,
                21.978923775048848
              ],
              [
                80.46847959867198,
                21.979484828940933
              ],
              [
                80.46918606022163,
                21.979339938646852
              ],
              [
                80.46939214952751,
                21.979297670548302
              ],
              [
                80.47032374847252,
                21.978949300715808
              ],
              [
                80.46961825610174,
                21.978452223569462
              ],
              [
                80.4688642360339,
                21.977911960426326
              ]
            ]
          ],
          [
            [
              [
                80.46773570768379,
                21.984293563626576
              ],
              [
                80.46690135845924,
                21.98398250261451
              ],
              [
                80.46729231535214,
                21.982990831483097
              ],
              [
                80.46736342649997,
                21.982810454781493
              ],
              [
                80.46763596076704,
                21.982119154377866
              ],
              [
                80.46818038825661,
                21.98113321935953
              ],
              [
                80.46827786344201,
                21.98095669426791
              ],
              [
                80.46855921462549,
                21.98044717154261
              ],
              [
                80.46714260835626,
                21.979758345879805
              ],
              [
                80.46689944307079,
                21.979637382540993
              ],
              [
                80.46656704012328,
                21.979472026736754
              ],
              [
                80.46606569151554,
                21.980584290979547
              ],
              [
                80.46573889863447,
                21.98093460617568
              ],
              [
                80.46562157394217,
                21.981057087217998
              ],
              [
                80.46505324559035,
                21.981573937501206
              ],
              [
                80.46338134905177,
                21.981133439185122
              ],
              [
                80.4632350356055,
                21.979990462424528
              ],
              [
                80.46289432616469,
                21.97995110249988
              ],
              [
                80.4629214648223,
                21.97954961576521
              ],
              [
                80.46266176994219,
                21.97936662255683
              ],
              [
                80.46219918002845,
                21.979162407402416
              ],
              [
                80.46214390296726,
                21.97914119135823
              ],
              [
                80.46202345078248,
                21.979005025813144
              ],
              [
                80.46191235636076,
                21.97910601165155
              ],
              [
                80.46170938335425,
                21.979105346093053
              ],
              [
                80.46157480706064,
                21.979061763580514
              ],
              [
                80.46102338568407,
                21.97888318442705
              ],
              [
                80.46080840050219,
                21.978805987744234
              ],
              [
                80.46065281434257,
                21.97874428409628
              ],
              [
                80.46042472674317,
                21.97863047180816
              ],
              [
                80.45956176106591,
                21.978038655261408
              ],
              [
                80.45916949569613,
                21.9776740330335
              ],
              [
                80.4586666910029,
                21.977210181311317
              ],
              [
                80.45845538944441,
                21.97724390505987
              ],
              [
                80.45834048369386,
                21.977268385346648
              ],
              [
                80.45808010042934,
                21.97726943814565
              ],
              [
                80.45767501410106,
                21.977178144147643
              ],
              [
                80.45744096022246,
                21.977127825100954
              ],
              [
                80.45728943155349,
                21.977887448996142
              ],
              [
                80.45724250219426,
                21.97809764281696
              ],
              [
                80.45717054314056,
                21.97853633506116
              ],
              [
                80.45708922622326,
                21.97905054463502
              ],
              [
                80.4570514712943,
                21.9792741545503
              ],
              [
                80.45703095247943,
                21.979413203822666
              ],
              [
                80.457359556803,
                21.97913031947976
              ],
              [
                80.45761880253542,
                21.979294674908754
              ],
              [
                80.45743200262974,
                21.97948910836049
              ],
              [
                80.45710167814202,
                21.979819793713595
              ],
              [
                80.45728160143832,
                21.979951378798393
              ],
              [
                80.45734495092293,
                21.980006326800332
              ],
              [
                80.45748280467835,
                21.980148290013428
              ],
              [
                80.45763591121077,
                21.980053182881804
              ],
              [
                80.45790411432729,
                21.97988387753272
              ],
              [
                80.45807686970005,
                21.98039167588568
              ],
              [
                80.45823175356456,
                21.980849666330805
              ],
              [
                80.45768371525749,
                21.981078523033155
              ],
              [
                80.45753208895694,
                21.98135709279602
              ],
              [
                80.45779540218857,
                21.981531261766396
              ],
              [
                80.45803565184414,
                21.981693761065003
              ],
              [
                80.45872598327826,
                21.98185666943509
              ],
              [
                80.45880394725742,
                21.981876567090605
              ],
              [
                80.45847191391815,
                21.982049009673215
              ],
              [
                80.45849626703004,
                21.982358279042177
              ],
              [
                80.4590424994753,
                21.982404062549065
              ],
              [
                80.4588389854525,
                21.98254489903527
              ],
              [
                80.45875979951592,
                21.98261061096529
              ],
              [
                80.45864044445145,
                21.982725909184474
              ],
              [
                80.45859965187859,
                21.9827709518222
              ],
              [
                80.45850501510117,
                21.983058674162034
              ],
              [
                80.45847062793123,
                21.983340619439137
              ],
              [
                80.45842619466696,
                21.983658426305283
              ],
              [
                80.45840625251489,
                21.98378074529423
              ],
              [
                80.45854157946272,
                21.983779279602423
              ],
              [
                80.45862776451884,
                21.983760441323682
              ],
              [
                80.45922334348056,
                21.983500425058683
              ],
              [
                80.4594025245203,
                21.98341805110286
              ],
              [
                80.46071244111435,
                21.98307385108369
              ],
              [
                80.46098313858235,
                21.983466276329743
              ],
              [
                80.46125741855822,
                21.98386056540231
              ],
              [
                80.46176704803798,
                21.98382781697768
              ],
              [
                80.46180869412554,
                21.983821324386998
              ],
              [
                80.46228270245098,
                21.983719616044986
              ],
              [
                80.4626664286593,
                21.983635777232596
              ],
              [
                80.4639890683158,
                21.98322235671792
              ],
              [
                80.46431847778112,
                21.98354325847533
              ],
              [
                80.465353294617,
                21.98457136765889
              ],
              [
                80.4656216603503,
                21.984358546299426
              ],
              [
                80.4658880895696,
                21.984142491233527
              ],
              [
                80.46614914601952,
                21.984238953922173
              ],
              [
                80.46646898477952,
                21.98465300596865
              ],
              [
                80.46670262176154,
                21.984955462324276
              ],
              [
                80.46681824133319,
                21.98510140914832
              ],
              [
                80.46617968845781,
                21.985889098087807
              ],
              [
                80.46672353336128,
                21.986303915438093
              ],
              [
                80.46743555126632,
                21.98684548635533
              ],
              [
                80.46898161496418,
                21.986822809114113
              ],
              [
                80.46958399285674,
                21.985889156454625
              ],
              [
                80.46961891745394,
                21.985835024791673
              ],
              [
                80.46977714989893,
                21.985589770504912
              ],
              [
                80.46985600595237,
                21.985467546231725
              ],
              [
                80.46950971797602,
                21.985278983873254
              ],
              [
                80.46902933868226,
                21.985017403457736
              ],
              [
                80.46889876324147,
                21.984944341910595
              ],
              [
                80.46773570768379,
                21.984293563626576
              ]
            ]
          ]
        ]
      }
    },
    {
      "type": "Feature",
      "id": "NGDR-L1411",
      "properties": {
        "feature_id": "NGDR-L1411",
        "state": "Maharashtra",
        "district": "Bhandara",
        "official_lease_name": "Chikla 15065 Hect",
        "taluka": "Tumsar",
        "source_record_line": 1411,
        "site_id": "MOIL-CHI-001",
        "canonical_master_id": "CUID-MOIL-006",
        "canonical_mine_name": "Chikla",
        "mapping_status": "MATCHED_CANONICAL_MINE",
        "source_id": "NGDR-ML-2022",
        "source_dataset_vintage": 2022,
        "verification_as_of": 2025
      },
      "geometry": {
        "type": "MultiPolygon",
        "coordinates": [
          [
            [
              [
                79.74628778555291,
                21.53351732826212
              ],
              [
                79.7426008385579,
                21.53202117653609
              ],
              [
                79.74160340407389,
                21.533303592686707
              ],
              [
                79.74270770679527,
                21.533909178166084
              ],
              [
                79.74403465107832,
                21.534158536787118
              ],
              [
                79.74538831332006,
                21.536393859289205
              ],
              [
                79.74651933310082,
                21.536580878704626
              ],
              [
                79.74644808700964,
                21.535556726261973
              ],
              [
                79.74628778555291,
                21.53351732826212
              ]
            ]
          ],
          [
            [
              [
                79.75694683912536,
                21.537224202435027
              ],
              [
                79.75450891285612,
                21.537090618037666
              ],
              [
                79.75545736666419,
                21.537791939046826
              ],
              [
                79.75704702809793,
                21.538840581827458
              ],
              [
                79.75694683912536,
                21.537224202435027
              ]
            ]
          ],
          [
            [
              [
                79.75266424415958,
                21.551078316111443
              ],
              [
                79.75443647156595,
                21.5485758239152
              ],
              [
                79.75429398118234,
                21.547150916481655
              ],
              [
                79.75611073762047,
                21.54693718090624
              ],
              [
                79.75799873925047,
                21.546002085627777
              ],
              [
                79.76040326919559,
                21.54579725513929
              ],
              [
                79.76205081819074,
                21.545645858769433
              ],
              [
                79.76366274414039,
                21.54559242465075
              ],
              [
                79.76588916065629,
                21.545512273472696
              ],
              [
                79.7698076551992,
                21.54540540613465
              ],
              [
                79.7688547479483,
                21.544381253691938
              ],
              [
                79.76413474432303,
                21.54425657438145
              ],
              [
                79.76158772309498,
                21.54423876330833
              ],
              [
                79.76141851565205,
                21.543713329007005
              ],
              [
                79.75971753253816,
                21.54380238527193
              ],
              [
                79.7597353445106,
                21.544318914486382
              ],
              [
                79.75780281384885,
                21.5444168767375
              ],
              [
                79.75642243544712,
                21.544479215943113
              ],
              [
                79.75687711918374,
                21.541965839252157
              ],
              [
                79.75728875956867,
                21.54153836720195
              ],
              [
                79.7589511509749,
                21.541095062587146
              ],
              [
                79.7592836285367,
                21.539860143231067
              ],
              [
                79.75720959764487,
                21.54031927951121
              ],
              [
                79.75708293982586,
                21.53944850374552
              ],
              [
                79.75594301405891,
                21.538783546823254
              ],
              [
                79.75355233637129,
                21.537041994392553
              ],
              [
                79.74854933048726,
                21.537247814135355
              ],
              [
                79.7483227310093,
                21.538194783162737
              ],
              [
                79.74801400094543,
                21.540545879888498
              ],
              [
                79.74807782493173,
                21.541317704148753
              ],
              [
                79.7481846931691,
                21.54346397038597
              ],
              [
                79.74834499462588,
                21.5457527270068
              ],
              [
                79.74790861658943,
                21.5482195970568
              ],
              [
                79.7481846931691,
                21.548896427727982
              ],
              [
                79.74933352402297,
                21.549412956043113
              ],
              [
                79.74927118391804,
                21.549608881444783
              ],
              [
                79.74826484344783,
                21.549181409394578
              ],
              [
                79.7489149570597,
                21.55073099523929
              ],
              [
                79.75266424415958,
                21.551078316111443
              ]
            ]
          ]
        ]
      }
    },
    {
      "type": "Feature",
      "id": "NGDR-L2388",
      "properties": {
        "feature_id": "NGDR-L2388",
        "state": "Maharashtra",
        "district": "Bhandara",
        "official_lease_name": "Dongri Buzurg",
        "taluka": "Tumsar",
        "source_record_line": 2388,
        "site_id": "MOIL-DON-001",
        "canonical_master_id": "CUID-MOIL-007",
        "canonical_mine_name": "Dongri Buzurg",
        "mapping_status": "MATCHED_CANONICAL_MINE",
        "source_id": "NGDR-ML-2022",
        "source_dataset_vintage": 2022,
        "verification_as_of": 2025
      },
      "geometry": {
        "type": "Polygon",
        "coordinates": [
          [
            [
              79.68301312000006,
              21.546522896000056
            ],
            [
              79.68671393500006,
              21.54729555600005
            ],
            [
              79.68701590600006,
              21.546253773000046
            ],
            [
              79.68681455300003,
              21.546230365000042
            ],
            [
              79.68498973100003,
              21.54601961700007
            ],
            [
              79.68313953000006,
              21.545925926000052
            ],
            [
              79.68301312000006,
              21.546522896000056
            ]
          ]
        ]
      }
    },
    {
      "type": "Feature",
      "id": "NGDR-L2510",
      "properties": {
        "feature_id": "NGDR-L2510",
        "state": "Maharashtra",
        "district": "Bhandara",
        "official_lease_name": "Dongri Buzurg_7050 Ha",
        "taluka": "Tumsar",
        "source_record_line": 2510,
        "site_id": "MOIL-DON-001",
        "canonical_master_id": "CUID-MOIL-007",
        "canonical_mine_name": "Dongri Buzurg",
        "mapping_status": "MATCHED_CANONICAL_MINE",
        "source_id": "NGDR-ML-2022",
        "source_dataset_vintage": 2022,
        "verification_as_of": 2025
      },
      "geometry": {
        "type": "MultiPolygon",
        "coordinates": [
          [
            [
              [
                79.68880162400006,
                21.546105557000146
              ],
              [
                79.6888195140001,
                21.54421212900013
              ],
              [
                79.68752213300013,
                21.543599094000115
              ],
              [
                79.68676698299998,
                21.543731256000058
              ],
              [
                79.68646736700009,
                21.543566631000033
              ],
              [
                79.6852780530001,
                21.543917431000068
              ],
              [
                79.68496718600005,
                21.54391792200005
              ],
              [
                79.68484348300018,
                21.54370375600007
              ],
              [
                79.68472694400003,
                21.54368666700003
              ],
              [
                79.68405651400019,
                21.542925192000155
              ],
              [
                79.68404357500009,
                21.543212736000157
              ],
              [
                79.68275018600008,
                21.543142098000146
              ],
              [
                79.6827137040001,
                21.54335740800002
              ],
              [
                79.6822489720002,
                21.543273590000013
              ],
              [
                79.68223583200017,
                21.543307358000163
              ],
              [
                79.68138182500013,
                21.543160150000062
              ],
              [
                79.68099773100016,
                21.543467514999975
              ],
              [
                79.68044538800018,
                21.543906452000158
              ],
              [
                79.67991270100009,
                21.54432284800015
              ],
              [
                79.67931593100008,
                21.54478933200005
              ],
              [
                79.67868933900007,
                21.545294554000066
              ],
              [
                79.6789493390001,
                21.545353518000184
              ],
              [
                79.678977084,
                21.545363016000067
              ],
              [
                79.67994087000017,
                21.54556659800005
              ],
              [
                79.68066654100011,
                21.545727151000108
              ],
              [
                79.68158601300013,
                21.54592468400017
              ],
              [
                79.68210737100009,
                21.546031246000098
              ],
              [
                79.6830948240002,
                21.546228531000168
              ],
              [
                79.68312532300013,
                21.545931821000124
              ],
              [
                79.684918761,
                21.546029910000186
              ],
              [
                79.68643429899998,
                21.546194463000006
              ],
              [
                79.68811468300015,
                21.54633760100012
              ],
              [
                79.68811942900015,
                21.54611453100017
              ],
              [
                79.68880162400006,
                21.546105557000146
              ]
            ]
          ],
          [
            [
              [
                79.69221864800016,
                21.54828492200005
              ],
              [
                79.69220811800017,
                21.548127941000132
              ],
              [
                79.69131146700016,
                21.548157435000064
              ],
              [
                79.6921870020002,
                21.548422274000075
              ],
              [
                79.69221864800016,
                21.54828492200005
              ]
            ]
          ],
          [
            [
              [
                79.69282129200008,
                21.54970527400019
              ],
              [
                79.69239800900016,
                21.548471308000046
              ],
              [
                79.69237690400007,
                21.548500743999966
              ],
              [
                79.69234525600012,
                21.54853017900018
              ],
              [
                79.69231361300012,
                21.548559612000076
              ],
              [
                79.69234528000015,
                21.549128636000034
              ],
              [
                79.69232411900009,
                21.549560309000185
              ],
              [
                79.69234523000011,
                21.54989387000012
              ],
              [
                79.6922715250002,
                21.551424406000137
              ],
              [
                79.69282129200008,
                21.54970527400019
              ]
            ]
          ],
          [
            [
              [
                79.68945099300004,
                21.554060761000017
              ],
              [
                79.69036047000003,
                21.553321880000112
              ],
              [
                79.68463635100011,
                21.551707912000154
              ],
              [
                79.68573900600012,
                21.550534525000103
              ],
              [
                79.68518568200017,
                21.550508755000124
              ],
              [
                79.68498705600007,
                21.550606193000192
              ],
              [
                79.68448110100007,
                21.550510975000122
              ],
              [
                79.684293991,
                21.55088142600016
              ],
              [
                79.6840460320002,
                21.551343191000058
              ],
              [
                79.68375528700005,
                21.55138973400011
              ],
              [
                79.68287514700006,
                21.551305823000177
              ],
              [
                79.68084102800003,
                21.550940477000154
              ],
              [
                79.67915733199999,
                21.550594589000127
              ],
              [
                79.67703457600004,
                21.549239301000057
              ],
              [
                79.67619524400004,
                21.548244002000047
              ],
              [
                79.67506507600018,
                21.54656957300017
              ],
              [
                79.67444657300007,
                21.546524460000057
              ],
              [
                79.67405136800011,
                21.546501857000067
              ],
              [
                79.67336429100004,
                21.546480824000184
              ],
              [
                79.67248373935246,
                21.546529047755143
              ],
              [
                79.6726972030001,
                21.546400090000077
              ],
              [
                79.67304596100018,
                21.54618939700015
              ],
              [
                79.6734636430001,
                21.545937064000157
              ],
              [
                79.67401370400006,
                21.545604753000077
              ],
              [
                79.67536077100004,
                21.544916980000096
              ],
              [
                79.67541937700008,
                21.544876419000047
              ],
              [
                79.67545090500005,
                21.544860578000055
              ],
              [
                79.67533992600016,
                21.5446966450001
              ],
              [
                79.6737425770001,
                21.543633624000165
              ],
              [
                79.673216061,
                21.542908663000105
              ],
              [
                79.6731803670001,
                21.54292610900012
              ],
              [
                79.67312229700008,
                21.542954492000092
              ],
              [
                79.67305057900018,
                21.54298954500007
              ],
              [
                79.67237347800005,
                21.543272473000002
              ],
              [
                79.67225703400015,
                21.54332919799998
              ],
              [
                79.67215221400005,
                21.543380260000163
              ],
              [
                79.67203173200016,
                21.54343895200003
              ],
              [
                79.67222531800002,
                21.5437878460001
              ],
              [
                79.67171870600004,
                21.544048136000185
              ],
              [
                79.67173239499999,
                21.544080179000048
              ],
              [
                79.67176771100009,
                21.544162844000084
              ],
              [
                79.67187964700014,
                21.544591605999983
              ],
              [
                79.67201795300019,
                21.54499636200012
              ],
              [
                79.67220838800006,
                21.545589111000027
              ],
              [
                79.6722592650001,
                21.54580655799998
              ],
              [
                79.67241664600004,
                21.546339990000092
              ],
              [
                79.67246750213872,
                21.54652993696311
              ],
              [
                79.67246955800016,
                21.546537614999977
              ],
              [
                79.67247055317102,
                21.54653701379698
              ],
              [
                79.67336414300019,
                21.548609580000118
              ],
              [
                79.67668084700017,
                21.55092427800014
              ],
              [
                79.67911800600012,
                21.551921901000185
              ],
              [
                79.68247833200019,
                21.552961526000104
              ],
              [
                79.68321233000012,
                21.552450773000032
              ],
              [
                79.68347187800015,
                21.552745009000034
              ],
              [
                79.68371879800014,
                21.553069634000167
              ],
              [
                79.68374651900018,
                21.55308345100019
              ],
              [
                79.68579881400012,
                21.553246438000087
              ],
              [
                79.68581658100004,
                21.553690922000044
              ],
              [
                79.68770779500005,
                21.553443964000053
              ],
              [
                79.68745555500016,
                21.554547223000156
              ],
              [
                79.68866663100016,
                21.554355032000103
              ],
              [
                79.68945099300004,
                21.554060761000017
              ]
            ]
          ]
        ]
      }
    },
    {
      "type": "Feature",
      "id": "NGDR-L2511",
      "properties": {
        "feature_id": "NGDR-L2511",
        "state": "Maharashtra",
        "district": "Bhandara",
        "official_lease_name": "Dongri Buzurg_4625 Ha",
        "taluka": "Tumsar",
        "source_record_line": 2511,
        "site_id": "MOIL-DON-001",
        "canonical_master_id": "CUID-MOIL-007",
        "canonical_mine_name": "Dongri Buzurg",
        "mapping_status": "MATCHED_CANONICAL_MINE",
        "source_id": "NGDR-ML-2022",
        "source_dataset_vintage": 2022,
        "verification_as_of": 2025
      },
      "geometry": {
        "type": "MultiPolygon",
        "coordinates": [
          [
            [
              [
                79.69157866100005,
                21.54488881100019
              ],
              [
                79.6888195140001,
                21.54421212900013
              ],
              [
                79.68880162400006,
                21.546105557000146
              ],
              [
                79.68811942900015,
                21.54611453100017
              ],
              [
                79.68810842000005,
                21.546631911000134
              ],
              [
                79.68860547300005,
                21.546647623000013
              ],
              [
                79.68949625200014,
                21.54668442700006
              ],
              [
                79.69218314200003,
                21.546797775000016
              ],
              [
                79.69157866100005,
                21.54488881100019
              ]
            ]
          ],
          [
            [
              [
                79.69174723200007,
                21.548886839000033
              ],
              [
                79.69210503000016,
                21.54865434300018
              ],
              [
                79.69234501000011,
                21.548503861000142
              ],
              [
                79.69076901000011,
                21.548058489000084
              ],
              [
                79.6907063540001,
                21.54766806100008
              ],
              [
                79.68962271500004,
                21.547580095000114
              ],
              [
                79.68711991800018,
                21.54671172100018
              ],
              [
                79.68668938200005,
                21.547284227000148
              ],
              [
                79.68576490300006,
                21.547107073000063
              ],
              [
                79.68305819400018,
                21.546526108000023
              ],
              [
                79.6830948240002,
                21.5462285320001
              ],
              [
                79.68210737100009,
                21.546031246000098
              ],
              [
                79.6789493390001,
                21.545353518000184
              ],
              [
                79.6786893397167,
                21.545294553160943
              ],
              [
                79.67924734800016,
                21.544842941000127
              ],
              [
                79.67984060800006,
                21.544379202000187
              ],
              [
                79.68049925100013,
                21.543864348000056
              ],
              [
                79.68099773100016,
                21.543467514999975
              ],
              [
                79.68138182496085,
                21.5431601502205
              ],
              [
                79.68140136500011,
                21.54316364300007
              ],
              [
                79.68223583200017,
                21.543307358000163
              ],
              [
                79.68273773500005,
                21.543365213000072
              ],
              [
                79.682752617,
                21.543191282000123
              ],
              [
                79.6828490040001,
                21.542361818000074
              ],
              [
                79.68233316500016,
                21.54251282600012
              ],
              [
                79.68160696600017,
                21.54259868300005
              ],
              [
                79.68143496800019,
                21.542707668000105
              ],
              [
                79.68032777800005,
                21.542352777000133
              ],
              [
                79.68019846000016,
                21.54268104600004
              ],
              [
                79.68040025800019,
                21.542602862000138
              ],
              [
                79.68057860900012,
                21.542999424000072
              ],
              [
                79.68014539600006,
                21.54344358300017
              ],
              [
                79.67816885400009,
                21.54517651250012
              ],
              [
                79.67545090500005,
                21.544860578000055
              ],
              [
                79.67435055600004,
                21.545439980000026
              ],
              [
                79.67246955800016,
                21.546537614999977
              ],
              [
                79.67336429100004,
                21.546480824000184
              ],
              [
                79.67405136800011,
                21.546501857000067
              ],
              [
                79.67484177800014,
                21.546547062000172
              ],
              [
                79.67506507600018,
                21.54656957300017
              ],
              [
                79.67554650300013,
                21.54666075400013
              ],
              [
                79.67664609400003,
                21.54684563799998
              ],
              [
                79.67775031900004,
                21.547430430000077
              ],
              [
                79.67899626200017,
                21.547669693000046
              ],
              [
                79.6806041690001,
                21.548065873000155
              ],
              [
                79.68126140700008,
                21.54816461400003
              ],
              [
                79.68317342900019,
                21.54869306500018
              ],
              [
                79.68368721800016,
                21.548730638000166
              ],
              [
                79.6849301530001,
                21.548746248000043
              ],
              [
                79.6862329000001,
                21.548888888000135
              ],
              [
                79.68754912500003,
                21.5488696380001
              ],
              [
                79.68811374800015,
                21.548964790000184
              ],
              [
                79.69036465500011,
                21.549115071000074
              ],
              [
                79.69083910700016,
                21.54910361900005
              ],
              [
                79.69159940200007,
                21.548973483999987
              ],
              [
                79.69174723200007,
                21.548886839000033
              ]
            ]
          ]
        ]
      }
    },
    {
      "type": "Feature",
      "id": "NGDR-L2512",
      "properties": {
        "feature_id": "NGDR-L2512",
        "state": "Maharashtra",
        "district": "Bhandara",
        "official_lease_name": "Dongri Buzurg_5398 Ha",
        "taluka": "Tumsar",
        "source_record_line": 2512,
        "site_id": "MOIL-DON-001",
        "canonical_master_id": "CUID-MOIL-007",
        "canonical_mine_name": "Dongri Buzurg",
        "mapping_status": "MATCHED_CANONICAL_MINE",
        "source_id": "NGDR-ML-2022",
        "source_dataset_vintage": 2022,
        "verification_as_of": 2025
      },
      "geometry": {
        "type": "MultiPolygon",
        "coordinates": [
          [
            [
              [
                79.6922609790002,
                21.55144403000014
              ],
              [
                79.69231363500012,
                21.55039422600015
              ],
              [
                79.69231360900011,
                21.548539991000098
              ],
              [
                79.69174723200007,
                21.548886839000033
              ],
              [
                79.69146455800012,
                21.548996564000163
              ],
              [
                79.69084234200011,
                21.549102242000174
              ],
              [
                79.69083579400012,
                21.54910482200006
              ],
              [
                79.69035807900013,
                21.549117293999984
              ],
              [
                79.68846996600013,
                21.548992718000022
              ],
              [
                79.68815514500011,
                21.548971766000022
              ],
              [
                79.68754912500003,
                21.5488696380001
              ],
              [
                79.68623157100012,
                21.548887643000114
              ],
              [
                79.68598134900003,
                21.548861346000137
              ],
              [
                79.68492868400006,
                21.54874383600003
              ],
              [
                79.68368660800013,
                21.54872739299998
              ],
              [
                79.68316732000017,
                21.548695033000172
              ],
              [
                79.68212550200008,
                21.548403360000066
              ],
              [
                79.68126140700008,
                21.54816461400003
              ],
              [
                79.6806041690001,
                21.548065873000155
              ],
              [
                79.68017831000009,
                21.54796094500017
              ],
              [
                79.67947016300002,
                21.5477864610001
              ],
              [
                79.67899626200017,
                21.547669693000046
              ],
              [
                79.67823337400011,
                21.547523858000147
              ],
              [
                79.67780702700009,
                21.547456899000053
              ],
              [
                79.67774265600019,
                21.547421946000043
              ],
              [
                79.67736848100003,
                21.547211914000115
              ],
              [
                79.67694310300004,
                21.54697452500011
              ],
              [
                79.67674833800015,
                21.54687342799997
              ],
              [
                79.67664353200018,
                21.54685182800017
              ],
              [
                79.67608914500005,
                21.546757892000187
              ],
              [
                79.67567074599998,
                21.546684285000026
              ],
              [
                79.67506507600018,
                21.54656957300017
              ],
              [
                79.67619524400004,
                21.548244002000047
              ],
              [
                79.67701750400005,
                21.549219057000187
              ],
              [
                79.67703457600004,
                21.549239301000057
              ],
              [
                79.67793692000009,
                21.549815415000126
              ],
              [
                79.67915733199999,
                21.550594589000127
              ],
              [
                79.68051179200017,
                21.550870046000057
              ],
              [
                79.68150218900013,
                21.551059230000078
              ],
              [
                79.68274589000009,
                21.551282608000122
              ],
              [
                79.68287514700006,
                21.551305823000177
              ],
              [
                79.68375528700005,
                21.55138973400011
              ],
              [
                79.6840460320002,
                21.551343191000058
              ],
              [
                79.68448110100007,
                21.550510975000122
              ],
              [
                79.68498705600007,
                21.550606193000192
              ],
              [
                79.68518568200017,
                21.550508755000124
              ],
              [
                79.68573900600012,
                21.550534525000103
              ],
              [
                79.68463635100011,
                21.551707912000154
              ],
              [
                79.69036047000003,
                21.553321880000112
              ],
              [
                79.6922609790002,
                21.55144403000014
              ]
            ]
          ],
          [
            [
              [
                79.68745555500016,
                21.554547223000156
              ],
              [
                79.68769426000006,
                21.553456924000045
              ],
              [
                79.68743082900005,
                21.553495827000177
              ],
              [
                79.6872640380002,
                21.553508802000124
              ],
              [
                79.68705595500012,
                21.553547757000047
              ],
              [
                79.68679166599998,
                21.553573746000154
              ],
              [
                79.68578879500006,
                21.55371701000007
              ],
              [
                79.68581309500013,
                21.553232797000078
              ],
              [
                79.68475558800009,
                21.553178474000106
              ],
              [
                79.68416278400008,
                21.55503030100016
              ],
              [
                79.68432620200014,
                21.55570792900005
              ],
              [
                79.68578511100014,
                21.555239637000057
              ],
              [
                79.68745555500016,
                21.554547223000156
              ]
            ]
          ]
        ]
      }
    },
    {
      "type": "Feature",
      "id": "NGDR-L745",
      "properties": {
        "feature_id": "NGDR-L745",
        "state": "Maharashtra",
        "district": "Nagpur",
        "official_lease_name": "MUNSAR_10863 HECT",
        "taluka": "Ramtek",
        "source_record_line": 745,
        "site_id": "MOIL-MAN-001",
        "canonical_master_id": "CUID-MOIL-011",
        "canonical_mine_name": "Munsar",
        "mapping_status": "MATCHED_CANONICAL_MINE",
        "source_id": "NGDR-ML-2022",
        "source_dataset_vintage": 2022,
        "verification_as_of": 2025
      },
      "geometry": {
        "type": "Polygon",
        "coordinates": [
          [
            [
              79.2888135362158,
              21.396727238071605
            ],
            [
              79.28881905895247,
              21.396730555670672
            ],
            [
              79.28886918806262,
              21.39667520599602
            ],
            [
              79.28892153939756,
              21.396612998091427
            ],
            [
              79.28902854523125,
              21.396480843616075
            ],
            [
              79.28919325156738,
              21.396284959583284
            ],
            [
              79.2894109198781,
              21.39601285081244
            ],
            [
              79.28957420348678,
              21.395815761688084
            ],
            [
              79.28979098866324,
              21.395552594876392
            ],
            [
              79.28995840195876,
              21.395356584039178
            ],
            [
              79.29004588620876,
              21.395246488134944
            ],
            [
              79.29007435155012,
              21.395210812928724
            ],
            [
              79.28986926115755,
              21.3952036516273
            ],
            [
              79.28928987922461,
              21.395208426128022
            ],
            [
              79.28890020568002,
              21.395198878025838
            ],
            [
              79.28874895140302,
              21.395198878025838
            ],
            [
              79.28857954431055,
              21.395199245848573
            ],
            [
              79.28855432282381,
              21.395199692811616
            ],
            [
              79.28846039313271,
              21.395199621765187
            ],
            [
              79.28836929540671,
              21.39520022071366
            ],
            [
              79.28832494534004,
              21.39520022071366
            ],
            [
              79.28817051016097,
              21.39520016045907
            ],
            [
              79.28816373017207,
              21.3952002225123
            ],
            [
              79.28817866341467,
              21.395239870024056
            ],
            [
              79.28821005964659,
              21.39530566082766
            ],
            [
              79.28826108717948,
              21.395432018273084
            ],
            [
              79.28832628263189,
              21.39558060156355
            ],
            [
              79.28843626162421,
              21.395838668319925
            ],
            [
              79.28852358219763,
              21.396044150816977
            ],
            [
              79.28859970711085,
              21.396225839051283
            ],
            [
              79.28866890094906,
              21.396392115603703
            ],
            [
              79.28872899454751,
              21.396530924162846
            ],
            [
              79.2887831840967,
              21.396659279002563
            ],
            [
              79.2888135362158,
              21.396727238071605
            ]
          ]
        ]
      }
    },
    {
      "type": "Feature",
      "id": "NGDR-L1475",
      "properties": {
        "feature_id": "NGDR-L1475",
        "state": "Maharashtra",
        "district": "Nagpur",
        "official_lease_name": "Kandri_83065 Ha",
        "taluka": "Ramtek",
        "source_record_line": 1475,
        "site_id": "MOIL-KAN-001",
        "canonical_master_id": "CUID-MOIL-010",
        "canonical_mine_name": "Kandri",
        "mapping_status": "MATCHED_CANONICAL_MINE",
        "source_id": "NGDR-ML-2022",
        "source_dataset_vintage": 2022,
        "verification_as_of": 2025
      },
      "geometry": {
        "type": "Polygon",
        "coordinates": [
          [
            [
              79.26139832147544,
              21.41519146541384
            ],
            [
              79.26135494897176,
              21.416155207696704
            ],
            [
              79.26160038475001,
              21.41616867684303
            ],
            [
              79.26245758255146,
              21.416059149310342
            ],
            [
              79.26332107111062,
              21.41585299232179
            ],
            [
              79.26379140844682,
              21.4158845837066
            ],
            [
              79.26426215947112,
              21.41595093838515
            ],
            [
              79.26448150771546,
              21.415964795139246
            ],
            [
              79.26464988328553,
              21.416390684382634
            ],
            [
              79.26516167397216,
              21.41636873373011
            ],
            [
              79.2651299593802,
              21.416195784208128
            ],
            [
              79.26514061544708,
              21.416078898422484
            ],
            [
              79.26571671935119,
              21.416057386639125
            ],
            [
              79.26639808890076,
              21.415650987503113
            ],
            [
              79.2667706960109,
              21.41545700193916
            ],
            [
              79.26711931730273,
              21.415456797793013
            ],
            [
              79.26784307819554,
              21.415417688975197
            ],
            [
              79.26853007390383,
              21.415332125677082
            ],
            [
              79.26886674500435,
              21.41521473717046
            ],
            [
              79.26943204715133,
              21.41499035002471
            ],
            [
              79.2698804850964,
              21.414717896813556
            ],
            [
              79.27014986982067,
              21.414625049906192
            ],
            [
              79.270594993764,
              21.414495795744415
            ],
            [
              79.2709906585921,
              21.41441311387416
            ],
            [
              79.27153712533811,
              21.4142645242884
            ],
            [
              79.27218539354112,
              21.413881058763877
            ],
            [
              79.27256254942216,
              21.413665443605396
            ],
            [
              79.27256251524796,
              21.413665431914183
            ],
            [
              79.27311541664324,
              21.413422450385838
            ],
            [
              79.27401443741638,
              21.413079455252728
            ],
            [
              79.27389860653551,
              21.412836007875512
            ],
            [
              79.27348494897126,
              21.41204364040175
            ],
            [
              79.27297330847148,
              21.411128292436786
            ],
            [
              79.27266963979213,
              21.410496246204843
            ],
            [
              79.27216101202117,
              21.409556671403323
            ],
            [
              79.27171159471436,
              21.40868256454877
            ],
            [
              79.27139468621584,
              21.408043102507236
            ],
            [
              79.27101941981044,
              21.407354177753177
            ],
            [
              79.27088124437398,
              21.407737920268858
            ],
            [
              79.27077795903563,
              21.40789124928176
            ],
            [
              79.27048949699275,
              21.40826996098997
            ],
            [
              79.27012598922306,
              21.408688296827506
            ],
            [
              79.26989012582868,
              21.409008361946405
            ],
            [
              79.26971534798497,
              21.409510202533852
            ],
            [
              79.26961674631582,
              21.409831900821644
            ],
            [
              79.26951429285037,
              21.410081520246024
            ],
            [
              79.26937118193456,
              21.410453444770724
            ],
            [
              79.26919920008305,
              21.410927065531723
            ],
            [
              79.26888854996668,
              21.412070771149217
            ],
            [
              79.26860453327265,
              21.4129991592838
            ],
            [
              79.26798685640836,
              21.412883471395162
            ],
            [
              79.26804362701182,
              21.412661401802325
            ],
            [
              79.26828237093474,
              21.411884965818558
            ],
            [
              79.26828238082726,
              21.411884929845712
            ],
            [
              79.26860557288893,
              21.410690734489833
            ],
            [
              79.26897289738139,
              21.409574823319474
            ],
            [
              79.26897299001155,
              21.409574719897478
            ],
            [
              79.26900946741307,
              21.40947443829475
            ],
            [
              79.2691093065493,
              21.409199984092027
            ],
            [
              79.26920687849469,
              21.408881699630797
            ],
            [
              79.26924079552634,
              21.408771062334722
            ],
            [
              79.26943783608732,
              21.40839260243672
            ],
            [
              79.26985858840317,
              21.407962742686493
            ],
            [
              79.26964842673357,
              21.40794151149163
            ],
            [
              79.26907720884617,
              21.407946746445248
            ],
            [
              79.26843043711506,
              21.408035778428484
            ],
            [
              79.2674034104391,
              21.4081746508395
            ],
            [
              79.2662121891413,
              21.408342578547206
            ],
            [
              79.26516608874408,
              21.408337828328172
            ],
            [
              79.26435230481508,
              21.40829548374961
            ],
            [
              79.26442116230686,
              21.40932203018758
            ],
            [
              79.26373127887547,
              21.408989966313925
            ],
            [
              79.26367191552652,
              21.409245563531954
            ],
            [
              79.26314414028991,
              21.409629765601267
            ],
            [
              79.26248255222805,
              21.409931211156504
            ],
            [
              79.26194820114864,
              21.40991712957191
            ],
            [
              79.26148105100975,
              21.412523539329925
            ],
            [
              79.26133022211212,
              21.413412746700942
            ],
            [
              79.26131474298109,
              21.41439728580616
            ],
            [
              79.26139832147544,
              21.41519146541384
            ]
          ]
        ]
      }
    },
    {
      "type": "Feature",
      "id": "NGDR-L1477",
      "properties": {
        "feature_id": "NGDR-L1477",
        "state": "Maharashtra",
        "district": "Nagpur",
        "official_lease_name": "MUNSAR_10863 HECT",
        "taluka": "Ramtek",
        "source_record_line": 1477,
        "site_id": "MOIL-MAN-001",
        "canonical_master_id": "CUID-MOIL-011",
        "canonical_mine_name": "Munsar",
        "mapping_status": "MATCHED_CANONICAL_MINE",
        "source_id": "NGDR-ML-2022",
        "source_dataset_vintage": 2022,
        "verification_as_of": 2025
      },
      "geometry": {
        "type": "MultiPolygon",
        "coordinates": [
          [
            [
              [
                79.2964512778043,
                21.391797153715743
              ],
              [
                79.29663024828739,
                21.389874144176474
              ],
              [
                79.29606128050375,
                21.390002318252414
              ],
              [
                79.29462665679483,
                21.390376468599186
              ],
              [
                79.2945532037674,
                21.39038105963823
              ],
              [
                79.29346377403402,
                21.39069534661303
              ],
              [
                79.29311722118285,
                21.39076547664547
              ],
              [
                79.29315248270098,
                21.39093590356913
              ],
              [
                79.2932912004286,
                21.391417389800722
              ],
              [
                79.29341913078832,
                21.391620314625868
              ],
              [
                79.29349258381575,
                21.39189040621733
              ],
              [
                79.29342942442844,
                21.3918978211276
              ],
              [
                79.29336081784754,
                21.39269477694245
              ],
              [
                79.29336081784754,
                21.39294782008585
              ],
              [
                79.29389351327507,
                21.39294782008585
              ],
              [
                79.29464232298488,
                21.392959041826373
              ],
              [
                79.29570090327411,
                21.392837135125717
              ],
              [
                79.29586158064751,
                21.392814180829816
              ],
              [
                79.29590008961748,
                21.392812148361998
              ],
              [
                79.29633183074947,
                21.391996349052306
              ],
              [
                79.2964512778043,
                21.391797153715743
              ]
            ]
          ],
          [
            [
              [
                79.29343081298168,
                21.393435237346353
              ],
              [
                79.2929138979581,
                21.393420528034994
              ],
              [
                79.29264555374937,
                21.39342978205883
              ],
              [
                79.29266565449643,
                21.39379663350786
              ],
              [
                79.29339406128696,
                21.393802754293745
              ],
              [
                79.29415307290606,
                21.39386396574946
              ],
              [
                79.2952365005641,
                21.393992507648136
              ],
              [
                79.2954646180977,
                21.3936645887498
              ],
              [
                79.29486651677638,
                21.393512344319277
              ],
              [
                79.29441967872526,
                21.393463376233854
              ],
              [
                79.29343081298168,
                21.393435237346353
              ]
            ]
          ],
          [
            [
              [
                79.27902597696732,
                21.397541256723684
              ],
              [
                79.27873202186538,
                21.39748910773619
              ],
              [
                79.27828021775792,
                21.397516750197894
              ],
              [
                79.27876276788749,
                21.39843166289097
              ],
              [
                79.2792440598655,
                21.399303630258373
              ],
              [
                79.27924848632864,
                21.399365595346012
              ],
              [
                79.27832408578797,
                21.39974683954506
              ],
              [
                79.27792927171856,
                21.399893876900933
              ],
              [
                79.27822757594191,
                21.400318651884334
              ],
              [
                79.27837825465281,
                21.400633730262484
              ],
              [
                79.27747304294661,
                21.400996654372136
              ],
              [
                79.2772985456914,
                21.401325865596277
              ],
              [
                79.27804225444652,
                21.4009677834365
              ],
              [
                79.27841270228441,
                21.400796401432842
              ],
              [
                79.27900976488877,
                21.40052018096162
              ],
              [
                79.27970432299617,
                21.400210724245596
              ],
              [
                79.27997038922211,
                21.400027817429873
              ],
              [
                79.28029289240311,
                21.399760404019503
              ],
              [
                79.2810503733761,
                21.399223280330148
              ],
              [
                79.28098834713455,
                21.39902254085763
              ],
              [
                79.28109363076652,
                21.397704634761112
              ],
              [
                79.27992966162464,
                21.397598439216665
              ],
              [
                79.27902597696732,
                21.397541256723684
              ]
            ]
          ],
          [
            [
              [
                79.28140565324833,
                21.40673948753738
              ],
              [
                79.2825807775809,
                21.405849653338862
              ],
              [
                79.28430429230929,
                21.40455865405869
              ],
              [
                79.28554209039521,
                21.403581279852233
              ],
              [
                79.28685491352348,
                21.402594497837867
              ],
              [
                79.28731260998904,
                21.40204226643749
              ],
              [
                79.28765732552523,
                21.401603212018642
              ],
              [
                79.28767779679293,
                21.401536754817414
              ],
              [
                79.28774849519698,
                21.401384359300778
              ],
              [
                79.28846044529337,
                21.400524516593237
              ],
              [
                79.28885594014957,
                21.40023335838282
              ],
              [
                79.28965502465974,
                21.399248660996932
              ],
              [
                79.28980296943155,
                21.39905694622115
              ],
              [
                79.28944590710302,
                21.398404032120425
              ],
              [
                79.28994246057613,
                21.3983611092778
              ],
              [
                79.29088255518582,
                21.398278564104487
              ],
              [
                79.2910695170446,
                21.39835882949643
              ],
              [
                79.29114587847954,
                21.39836013800999
              ],
              [
                79.29119433125345,
                21.398771981641687
              ],
              [
                79.29200020384638,
                21.398553431995367
              ],
              [
                79.29187030127343,
                21.398130398099454
              ],
              [
                79.29180909071704,
                21.39785495104519
              ],
              [
                79.2918773969244,
                21.39766576156569
              ],
              [
                79.29203025739054,
                21.39652847620829
              ],
              [
                79.29200097906198,
                21.39632181470006
              ],
              [
                79.29204271839677,
                21.396277881019444
              ],
              [
                79.2925136097154,
                21.395559300221578
              ],
              [
                79.29302787533624,
                21.39479582526718
              ],
              [
                79.29315322104435,
                21.394611523602975
              ],
              [
                79.29347401911076,
                21.39426188787587
              ],
              [
                79.29326590339878,
                21.394280250233408
              ],
              [
                79.29285438801963,
                21.39424477377736
              ],
              [
                79.29233396923735,
                21.394230400812376
              ],
              [
                79.29221044195839,
                21.39422026005701
              ],
              [
                79.29218247304277,
                21.394510438905684
              ],
              [
                79.29103307561599,
                21.394568620545442
              ],
              [
                79.29093513854588,
                21.3941401466505
              ],
              [
                79.29057399599316,
                21.394146267436327
              ],
              [
                79.29031691129649,
                21.394617589530185
              ],
              [
                79.29016053807845,
                21.39493953513147
              ],
              [
                79.28846039313271,
                21.395199621765187
              ],
              [
                79.28817051016097,
                21.39520016045907
              ],
              [
                79.28796284590868,
                21.39543380792395
              ],
              [
                79.2859573001893,
                21.397323011947492
              ],
              [
                79.28503286997102,
                21.39797948556486
              ],
              [
                79.28486835249254,
                21.398548428167487
              ],
              [
                79.28539880770887,
                21.39995469175568
              ],
              [
                79.28470383501406,
                21.39986136191237
              ],
              [
                79.28278446503111,
                21.399627952767844
              ],
              [
                79.28180266975744,
                21.39952551908749
              ],
              [
                79.28162053905669,
                21.399645647828436
              ],
              [
                79.2799617314488,
                21.400618896844662
              ],
              [
                79.27771530142007,
                21.401769656744307
              ],
              [
                79.2764176363649,
                21.402394004779524
              ],
              [
                79.27618528212514,
                21.402919055969733
              ],
              [
                79.27599224804385,
                21.402997769131787
              ],
              [
                79.2760000820382,
                21.40316552866625
              ],
              [
                79.27590540501046,
                21.40333784866283
              ],
              [
                79.27511991195445,
                21.4037864574791
              ],
              [
                79.27407497977657,
                21.40440293105047
              ],
              [
                79.27327531340507,
                21.404881797556982
              ],
              [
                79.27327571720065,
                21.404968512886626
              ],
              [
                79.27303969192832,
                21.40504260443271
              ],
              [
                79.27336137942416,
                21.406037475848905
              ],
              [
                79.27336919363341,
                21.406061642430927
              ],
              [
                79.27339635855515,
                21.40605370411521
              ],
              [
                79.27341079717058,
                21.4060494853955
              ],
              [
                79.27385055306064,
                21.405917063821505
              ],
              [
                79.27414527888158,
                21.405828315124666
              ],
              [
                79.27447983747459,
                21.40572757037114
              ],
              [
                79.27681049890543,
                21.406237780049537
              ],
              [
                79.27752120344087,
                21.40630706382001
              ],
              [
                79.27788387663963,
                21.406072932519862
              ],
              [
                79.27813177925827,
                21.405907664107474
              ],
              [
                79.27826170701223,
                21.406088515072952
              ],
              [
                79.27907427865512,
                21.406028835162658
              ],
              [
                79.28019135804482,
                21.406892655571653
              ],
              [
                79.28060656873822,
                21.40716981583438
              ],
              [
                79.28074991887371,
                21.407240805618756
              ],
              [
                79.28140565324833,
                21.40673948753738
              ]
            ]
          ]
        ]
      }
    },
    {
      "type": "Feature",
      "id": "NGDR-L1478",
      "properties": {
        "feature_id": "NGDR-L1478",
        "state": "Maharashtra",
        "district": "Nagpur",
        "official_lease_name": "SATUK_868",
        "taluka": "Parseoni",
        "source_record_line": 1478,
        "site_id": "NOT_ESTABLISHED",
        "canonical_master_id": "NOT_ESTABLISHED",
        "canonical_mine_name": "NOT_ESTABLISHED",
        "mapping_status": "PENDING_IDENTITY_MAPPING",
        "source_id": "NGDR-ML-2022",
        "source_dataset_vintage": 2022,
        "verification_as_of": 2025
      },
      "geometry": {
        "type": "Polygon",
        "coordinates": [
          [
            [
              79.27356572248016,
              21.332095087718187
            ],
            [
              79.27306118212789,
              21.332275173360586
            ],
            [
              79.27227243532468,
              21.332540918528593
            ],
            [
              79.27163053072445,
              21.332728502718282
            ],
            [
              79.27169765792064,
              21.33312320976836
            ],
            [
              79.27177317579151,
              21.333607800459674
            ],
            [
              79.27219272211647,
              21.334065032875003
            ],
            [
              79.27226675430734,
              21.334099770088358
            ],
            [
              79.2725475883006,
              21.334155458807402
            ],
            [
              79.27287483360675,
              21.334240456431985
            ],
            [
              79.27309509556227,
              21.334340109408572
            ],
            [
              79.273212771852,
              21.33447802853823
            ],
            [
              79.27325053078744,
              21.33452199279577
            ],
            [
              79.27287935270004,
              21.334784914092552
            ],
            [
              79.27291253138827,
              21.334892488297726
            ],
            [
              79.27360385553357,
              21.33522309167239
            ],
            [
              79.27393110173904,
              21.33540481048368
            ],
            [
              79.27392759348373,
              21.335489477157694
            ],
            [
              79.27412361331415,
              21.335473329830336
            ],
            [
              79.2738386316476,
              21.33506265441804
            ],
            [
              79.27364039588764,
              21.334620079153353
            ],
            [
              79.27352082562567,
              21.33410715981762
            ],
            [
              79.27414385165747,
              21.33381699355948
            ],
            [
              79.27488644705193,
              21.333881474950147
            ],
            [
              79.27535486973153,
              21.333895547541545
            ],
            [
              79.27567169279445,
              21.333870817983893
            ],
            [
              79.27608586297225,
              21.333799924427012
            ],
            [
              79.2761396370347,
              21.333617904342873
            ],
            [
              79.27617320063274,
              21.333331318285786
            ],
            [
              79.27609488497103,
              21.333138524323488
            ],
            [
              79.27589350338252,
              21.332904044985753
            ],
            [
              79.27570330936032,
              21.332716460796064
            ],
            [
              79.27544675256564,
              21.33255871611192
            ],
            [
              79.2750823814468,
              21.332450716527376
            ],
            [
              79.27478869883942,
              21.332403820479954
            ],
            [
              79.2747834548926,
              21.3325039635871
            ],
            [
              79.274139189572,
              21.332473187887388
            ],
            [
              79.27358460284722,
              21.33241383533027
            ],
            [
              79.27356572248016,
              21.332095087718187
            ]
          ]
        ]
      }
    },
    {
      "type": "Feature",
      "id": "NGDR-L1519",
      "properties": {
        "feature_id": "NGDR-L1519",
        "state": "Maharashtra",
        "district": "Nagpur",
        "official_lease_name": "SATUK NEW 1684 HECT",
        "taluka": "Parseoni",
        "source_record_line": 1519,
        "site_id": "NOT_ESTABLISHED",
        "canonical_master_id": "NOT_ESTABLISHED",
        "canonical_mine_name": "NOT_ESTABLISHED",
        "mapping_status": "PENDING_IDENTITY_MAPPING",
        "source_id": "NGDR-ML-2022",
        "source_dataset_vintage": 2022,
        "verification_as_of": 2025
      },
      "geometry": {
        "type": "MultiPolygon",
        "coordinates": [
          [
            [
              [
                79.26708263665444,
                21.341155536099166
              ],
              [
                79.26688895685993,
                21.34070120849401
              ],
              [
                79.26675179765738,
                21.340768851901032
              ],
              [
                79.26660350125064,
                21.34084328518952
              ],
              [
                79.26631327203995,
                21.3407643265125
              ],
              [
                79.26585807029375,
                21.34065861300462
              ],
              [
                79.26595731138087,
                21.340934282191427
              ],
              [
                79.26597394434214,
                21.34096904728375
              ],
              [
                79.26598585856055,
                21.340993949511187
              ],
              [
                79.2659896851759,
                21.34100194718218
              ],
              [
                79.26610048165196,
                21.34098237343784
              ],
              [
                79.26621969128576,
                21.340952527637114
              ],
              [
                79.26638870987114,
                21.3409180170529
              ],
              [
                79.26644125276164,
                21.34091596929659
              ],
              [
                79.26646026442972,
                21.340944651374627
              ],
              [
                79.26652504349602,
                21.34107739310724
              ],
              [
                79.26657120659598,
                21.3411477911377
              ],
              [
                79.26708263665444,
                21.341155536099166
              ]
            ]
          ],
          [
            [
              [
                79.2735962769467,
                21.340807556023947
              ],
              [
                79.27362591410468,
                21.340740860502365
              ],
              [
                79.27354934042978,
                21.340752468052017
              ],
              [
                79.27311928103006,
                21.340890479811833
              ],
              [
                79.27300793956482,
                21.34095666721646
              ],
              [
                79.27276092727504,
                21.341042176555277
              ],
              [
                79.27285429668848,
                21.341475147959784
              ],
              [
                79.27285608544003,
                21.34148343970901
              ],
              [
                79.2728605541713,
                21.34150416368624
              ],
              [
                79.2729189894199,
                21.34147109831258
              ],
              [
                79.27300867521024,
                21.34136584345896
              ],
              [
                79.2730675043619,
                21.34129911646113
              ],
              [
                79.27317103971177,
                21.341191414552213
              ],
              [
                79.27332739044675,
                21.34105835805684
              ],
              [
                79.2735962769467,
                21.340807556023947
              ]
            ]
          ],
          [
            [
              [
                79.27151484643309,
                21.342409657779513
              ],
              [
                79.27150834253604,
                21.34178547881686
              ],
              [
                79.2713452765633,
                21.341783801581244
              ],
              [
                79.27119475163653,
                21.341419697561037
              ],
              [
                79.27113825892354,
                21.341287043062664
              ],
              [
                79.27108483469743,
                21.341128523162865
              ],
              [
                79.27105424965396,
                21.340908085839544
              ],
              [
                79.27063384447638,
                21.34092965517948
              ],
              [
                79.27029328740537,
                21.340977942478105
              ],
              [
                79.2701410951355,
                21.34099191344609
              ],
              [
                79.26964527640843,
                21.34108003621475
              ],
              [
                79.26934344234604,
                21.341126130966245
              ],
              [
                79.26907486521293,
                21.341164798216937
              ],
              [
                79.26883107159671,
                21.341211490118212
              ],
              [
                79.26875939652899,
                21.34123018702354
              ],
              [
                79.26883376956289,
                21.341344633847825
              ],
              [
                79.2690328479876,
                21.341604519932673
              ],
              [
                79.26925391483638,
                21.341845694723077
              ],
              [
                79.26939533682537,
                21.341984080600866
              ],
              [
                79.26958828367242,
                21.34223661922465
              ],
              [
                79.26958995101546,
                21.342238702054487
              ],
              [
                79.2696269392319,
                21.34222839222656
              ],
              [
                79.26966068539235,
                21.34221898621729
              ],
              [
                79.27005867946457,
                21.34222308442787
              ],
              [
                79.27024523752777,
                21.342246388560056
              ],
              [
                79.2704495796844,
                21.342264030560614
              ],
              [
                79.27075843205603,
                21.34232677266249
              ],
              [
                79.27119384511991,
                21.342440020690447
              ],
              [
                79.27151366292526,
                21.342510642652087
              ],
              [
                79.27151484643309,
                21.342409657779513
              ]
            ]
          ],
          [
            [
              [
                79.26871355718498,
                21.342991979596206
              ],
              [
                79.26864954344171,
                21.342573087977655
              ],
              [
                79.26861669390536,
                21.342325112514004
              ],
              [
                79.26883284955642,
                21.34215875322394
              ],
              [
                79.26888597071104,
                21.342107507155788
              ],
              [
                79.26880220695637,
                21.341943494196926
              ],
              [
                79.26870969549611,
                21.341818236622373
              ],
              [
                79.26861921830232,
                21.34175515187883
              ],
              [
                79.26848151321133,
                21.341712298283994
              ],
              [
                79.26832737750652,
                21.341656326278496
              ],
              [
                79.26819851095257,
                21.341566948955574
              ],
              [
                79.26801774092604,
                21.34142524278076
              ],
              [
                79.26790770527646,
                21.341380084223545
              ],
              [
                79.26784966483024,
                21.34137948617439
              ],
              [
                79.26780255744211,
                21.341389358931792
              ],
              [
                79.26778652342938,
                21.34146072823006
              ],
              [
                79.26756489540367,
                21.34173812771246
              ],
              [
                79.26704713231936,
                21.34156567011962
              ],
              [
                79.26681872790203,
                21.34148959197114
              ],
              [
                79.26625199763163,
                21.3412610319711
              ],
              [
                79.26581203939418,
                21.3410648556586
              ],
              [
                79.26557581357298,
                21.34093811240399
              ],
              [
                79.26540561417784,
                21.34083794771317
              ],
              [
                79.26530448001779,
                21.340741086232185
              ],
              [
                79.26520116140455,
                21.34059499766107
              ],
              [
                79.26511952634513,
                21.340485388290062
              ],
              [
                79.26501857564682,
                21.340372990121466
              ],
              [
                79.26495829049276,
                21.340328343278486
              ],
              [
                79.26491981030108,
                21.340309818143623
              ],
              [
                79.26487835335337,
                21.340309390066352
              ],
              [
                79.26489004364066,
                21.34048173524394
              ],
              [
                79.26492876305201,
                21.340488597970477
              ],
              [
                79.26503597303179,
                21.340538908743667
              ],
              [
                79.26510728297478,
                21.340586258948747
              ],
              [
                79.2651809311551,
                21.34066988870444
              ],
              [
                79.26523246860359,
                21.340753290931673
              ],
              [
                79.26530811957412,
                21.340901682666583
              ],
              [
                79.26534571573228,
                21.340995299393626
              ],
              [
                79.26491121817821,
                21.341040016383715
              ],
              [
                79.26386785801532,
                21.341148361307887
              ],
              [
                79.26324516832989,
                21.341232067505985
              ],
              [
                79.26323312460909,
                21.341309145700563
              ],
              [
                79.26323007500804,
                21.341568080302693
              ],
              [
                79.26330942399079,
                21.342028134790667
              ],
              [
                79.2633123413915,
                21.34204188632407
              ],
              [
                79.26343861699866,
                21.342637179062592
              ],
              [
                79.26350477112834,
                21.342965887565697
              ],
              [
                79.26350599330698,
                21.34297526209872
              ],
              [
                79.2635520934544,
                21.343328930385894
              ],
              [
                79.2637454476943,
                21.34422107224475
              ],
              [
                79.26378222097276,
                21.344224938430216
              ],
              [
                79.26458548283381,
                21.344056204929984
              ],
              [
                79.26458190533072,
                21.343890429299904
              ],
              [
                79.26457811468828,
                21.343742779505703
              ],
              [
                79.26526614371761,
                21.34352976428727
              ],
              [
                79.26524446735834,
                21.343257624939497
              ],
              [
                79.26520298972628,
                21.343062392915158
              ],
              [
                79.26568825760705,
                21.342967892154547
              ],
              [
                79.26644464680305,
                21.34281772965454
              ],
              [
                79.26707325762482,
                21.34272062895394
              ],
              [
                79.26741084333582,
                21.34269044500809
              ],
              [
                79.26794776018102,
                21.342633829987335
              ],
              [
                79.26822162442846,
                21.34261593617657
              ],
              [
                79.2684873507107,
                21.342599538837703
              ],
              [
                79.26857237171765,
                21.34303817147446
              ],
              [
                79.26866062668665,
                21.343525939470567
              ],
              [
                79.26882292913496,
                21.344063673799553
              ],
              [
                79.2688815145703,
                21.344253323731948
              ],
              [
                79.2690281778082,
                21.34471061820051
              ],
              [
                79.26905215643194,
                21.344759036800156
              ],
              [
                79.26906791884943,
                21.344829120067914
              ],
              [
                79.26907745436108,
                21.34495870158287
              ],
              [
                79.26910250857395,
                21.345179082248876
              ],
              [
                79.2691164777433,
                21.345401937849203
              ],
              [
                79.26919732229862,
                21.34605018896508
              ],
              [
                79.26932099976437,
                21.34611102630288
              ],
              [
                79.2692382720287,
                21.345387654816477
              ],
              [
                79.26922816095095,
                21.345071610566436
              ],
              [
                79.26922652238613,
                21.344975776111255
              ],
              [
                79.26918451865066,
                21.344786297050007
              ],
              [
                79.26909917478713,
                21.34452127133966
              ],
              [
                79.26902503917427,
                21.344243412303683
              ],
              [
                79.26895770513403,
                21.34409251775554
              ],
              [
                79.26888226280624,
                21.343926001084128
              ],
              [
                79.26880505960588,
                21.343674006550202
              ],
              [
                79.26877131794203,
                21.343487202972085
              ],
              [
                79.268754403493,
                21.34327985438182
              ],
              [
                79.26871355718498,
                21.342991979596206
              ]
            ]
          ]
        ]
      }
    },
    {
      "type": "Feature",
      "id": "NGDR-L1526",
      "properties": {
        "feature_id": "NGDR-L1526",
        "state": "Maharashtra",
        "district": "Nagpur",
        "official_lease_name": "MANSAR_2515 HECT",
        "taluka": "Ramtek",
        "source_record_line": 1526,
        "site_id": "MOIL-MAN-001",
        "canonical_master_id": "CUID-MOIL-011",
        "canonical_mine_name": "Munsar",
        "mapping_status": "MATCHED_CANONICAL_MINE",
        "source_id": "NGDR-ML-2022",
        "source_dataset_vintage": 2022,
        "verification_as_of": 2025
      },
      "geometry": {
        "type": "MultiPolygon",
        "coordinates": [
          [
            [
              [
                79.29360166888199,
                21.39464522929393
              ],
              [
                79.29315322104435,
                21.394611523602975
              ],
              [
                79.29302787533624,
                21.39479582526718
              ],
              [
                79.2925136097154,
                21.395559300221578
              ],
              [
                79.29204271839677,
                21.396277881019444
              ],
              [
                79.29200097906198,
                21.39632181470006
              ],
              [
                79.29203025739054,
                21.39652847620829
              ],
              [
                79.2918773969244,
                21.39766576156569
              ],
              [
                79.29277621894738,
                21.397463985174852
              ],
              [
                79.29360166888199,
                21.397231636331014
              ],
              [
                79.29373618587636,
                21.396993172996588
              ],
              [
                79.29423756960819,
                21.396198296414298
              ],
              [
                79.29454940682973,
                21.395727484236033
              ],
              [
                79.29451883437679,
                21.395599081732314
              ],
              [
                79.29450660539555,
                21.394730831262905
              ],
              [
                79.29403579321735,
                21.394688029828785
              ],
              [
                79.29360166888199,
                21.39464522929393
              ]
            ]
          ],
          [
            [
              [
                79.29355682958408,
                21.39778601171514
              ],
              [
                79.29345899863392,
                21.397590349814834
              ],
              [
                79.29318996284655,
                21.397700409746164
              ],
              [
                79.29280475353659,
                21.39775544016146
              ],
              [
                79.29225445387999,
                21.397932758590002
              ],
              [
                79.29239126774286,
                21.39845211077636
              ],
              [
                79.29267634293893,
                21.398396879812196
              ],
              [
                79.29365942244442,
                21.398163367245672
              ],
              [
                79.29366039641025,
                21.39816314960973
              ],
              [
                79.29355682958408,
                21.39778601171514
              ]
            ]
          ],
          [
            [
              [
                79.29276289818927,
                21.39926703684432
              ],
              [
                79.29292840851929,
                21.399259296379455
              ],
              [
                79.29294727000058,
                21.399261734441552
              ],
              [
                79.29282309700835,
                21.399143417834523
              ],
              [
                79.29240731524544,
                21.39881935253112
              ],
              [
                79.29221776693646,
                21.39873374966288
              ],
              [
                79.2915023778325,
                21.399302392791242
              ],
              [
                79.29127260554634,
                21.399534120203555
              ],
              [
                79.29126698118631,
                21.39956613426972
              ],
              [
                79.29115512620814,
                21.399803023790582
              ],
              [
                79.29138827904592,
                21.39966888361215
              ],
              [
                79.29195502460476,
                21.399460204025218
              ],
              [
                79.2924010541654,
                21.399348256416943
              ],
              [
                79.29276289818927,
                21.39926703684432
              ]
            ]
          ],
          [
            [
              [
                79.29099261511715,
                21.39879217681755
              ],
              [
                79.29088255518582,
                21.398278564104487
              ],
              [
                79.28994246057613,
                21.3983611092778
              ],
              [
                79.29002041920705,
                21.39856747131182
              ],
              [
                79.29063950620832,
                21.39975520054213
              ],
              [
                79.29102012987516,
                21.400369701900274
              ],
              [
                79.29099720076027,
                21.40019085462427
              ],
              [
                79.29095134253049,
                21.399924876531884
              ],
              [
                79.29098802947402,
                21.399814816600554
              ],
              [
                79.29104764463312,
                21.399530495036345
              ],
              [
                79.29103847334693,
                21.39898019627907
              ],
              [
                79.29099261511715,
                21.39879217681755
              ]
            ]
          ],
          [
            [
              [
                79.29239051411099,
                21.401844067549746
              ],
              [
                79.29238793485536,
                21.40171251112355
              ],
              [
                79.29253754786959,
                21.40172540920031
              ],
              [
                79.29257366104565,
                21.401795056296862
              ],
              [
                79.29263556947603,
                21.401807953474304
              ],
              [
                79.29265104680843,
                21.401766680887647
              ],
              [
                79.29254012712522,
                21.401462297247292
              ],
              [
                79.29249885453856,
                21.40145197842611
              ],
              [
                79.29239309426595,
                21.401495831167722
              ],
              [
                79.29235698019056,
                21.401498410423358
              ],
              [
                79.29211708423611,
                21.401343638897856
              ],
              [
                79.29179722236398,
                21.40087932342209
              ],
              [
                79.29127099845789,
                21.400979925183435
              ],
              [
                79.29133290778753,
                21.401206923960444
              ],
              [
                79.2913587030418,
                21.40132816156546
              ],
              [
                79.29147220198058,
                21.401317843643596
              ],
              [
                79.29147736139117,
                21.401142435375164
              ],
              [
                79.29169662150196,
                21.40109342412228
              ],
              [
                79.29187202887107,
                21.401475194424734
              ],
              [
                79.29199326647614,
                21.401480353835325
              ],
              [
                79.29206291447196,
                21.401500989678993
              ],
              [
                79.29208612957126,
                21.40153710285506
              ],
              [
                79.29211708423611,
                21.401676397947483
              ],
              [
                79.29221768599746,
                21.401707352612277
              ],
              [
                79.29225637842916,
                21.401831169472928
              ],
              [
                79.2923363443469,
                21.401856964727187
              ],
              [
                79.29239051411099,
                21.401844067549746
              ]
            ]
          ],
          [
            [
              [
                79.29081641454593,
                21.401243344704653
              ],
              [
                79.2905447041748,
                21.400713681791046
              ],
              [
                79.29026955479617,
                21.400975074240307
              ],
              [
                79.2902274863095,
                21.401059570043174
              ],
              [
                79.29022132415486,
                21.401058851484834
              ],
              [
                79.29020378287834,
                21.401057023163162
              ],
              [
                79.29000844203603,
                21.401036655317455
              ],
              [
                79.28992610370676,
                21.40104050531511
              ],
              [
                79.28990842033738,
                21.401023224841992
              ],
              [
                79.2898155572422,
                21.400899407981342
              ],
              [
                79.28929965125798,
                21.400748075463355
              ],
              [
                79.28846044529337,
                21.400524516593237
              ],
              [
                79.28774849519698,
                21.401384359300778
              ],
              [
                79.28775029384104,
                21.4013940530931
              ],
              [
                79.28767779679293,
                21.401536754817414
              ],
              [
                79.28775541188281,
                21.401597425780608
              ],
              [
                79.28778622355543,
                21.401679038356974
              ],
              [
                79.28782503020102,
                21.40172276969014
              ],
              [
                79.28785578251842,
                21.401747858077215
              ],
              [
                79.28798653674932,
                21.401854533859705
              ],
              [
                79.28806854322875,
                21.4018718673928
              ],
              [
                79.28806147815476,
                21.401872749627728
              ],
              [
                79.28811994757757,
                21.401920901128733
              ],
              [
                79.28859801998271,
                21.402316428360507
              ],
              [
                79.28882157885283,
                21.402598457552813
              ],
              [
                79.28932716691526,
                21.40222700517222
              ],
              [
                79.28979836040605,
                21.401886507456425
              ],
              [
                79.29017325179422,
                21.40166294858625
              ],
              [
                79.29091271664862,
                21.401356844542818
              ],
              [
                79.29081641454593,
                21.401243344704653
              ]
            ]
          ],
          [
            [
              [
                79.29267770181457,
                21.402692731684283
              ],
              [
                79.29247592542367,
                21.402211220271624
              ],
              [
                79.29189811100906,
                21.402266249787658
              ],
              [
                79.29202192786971,
                21.40263311652518
              ],
              [
                79.29208154392819,
                21.402830307272893
              ],
              [
                79.29242089500838,
                21.402775276857597
              ],
              [
                79.29267770181457,
                21.402692731684283
              ]
            ]
          ],
          [
            [
              [
                79.2931780558227,
                21.403819731495446
              ],
              [
                79.29309293139374,
                21.403577255386097
              ],
              [
                79.29307745406129,
                21.403554040286792
              ],
              [
                79.2929949097873,
                21.40358241479663
              ],
              [
                79.29295363720064,
                21.403579835541052
              ],
              [
                79.29290631937118,
                21.403512680465894
              ],
              [
                79.29267442738296,
                21.40364218733714
              ],
              [
                79.29254883076396,
                21.40367342079179
              ],
              [
                79.29257444615382,
                21.40375008439895
              ],
              [
                79.29268020732576,
                21.403977082276583
              ],
              [
                79.29282208077444,
                21.40425309230642
              ],
              [
                79.29313162472477,
                21.40413443395704
              ],
              [
                79.2932760783284,
                21.40401835486324
              ],
              [
                79.2931780558227,
                21.403819731495446
              ]
            ]
          ],
          [
            [
              [
                79.29143681725537,
                21.402779258156272
              ],
              [
                79.29106995141717,
                21.40194769463045
              ],
              [
                79.29095377699525,
                21.40173368925838
              ],
              [
                79.29070919917024,
                21.401813176736766
              ],
              [
                79.29031176087909,
                21.40199660965584
              ],
              [
                79.28999992455692,
                21.40217392808438
              ],
              [
                79.28990438687799,
                21.402235072990266
              ],
              [
                79.28986913255449,
                21.4022376522459
              ],
              [
                79.28986339667847,
                21.402243255022256
              ],
              [
                79.2898657151307,
                21.402286754330305
              ],
              [
                79.28982808839561,
                21.402284814492646
              ],
              [
                79.28972983836138,
                21.402366628517143
              ],
              [
                79.28950197983255,
                21.402689069644907
              ],
              [
                79.28942631357359,
                21.402816326412392
              ],
              [
                79.28929217879107,
                21.40301924943884
              ],
              [
                79.28907549793593,
                21.40346980708597
              ],
              [
                79.28899639266945,
                21.40379998687996
              ],
              [
                79.28881983776535,
                21.40478364734747
              ],
              [
                79.28857220314472,
                21.40590717487629
              ],
              [
                79.288495772462,
                21.406252259134476
              ],
              [
                79.28913778857816,
                21.405958765384753
              ],
              [
                79.29006106856355,
                21.405598014037196
              ],
              [
                79.29089874747928,
                21.405231147299673
              ],
              [
                79.29169973855215,
                21.404919310977448
              ],
              [
                79.29217054983104,
                21.404729763567786
              ],
              [
                79.29247015807141,
                21.40456467412048
              ],
              [
                79.29202991834609,
                21.403861513098377
              ],
              [
                79.29168139508039,
                21.40315835297565
              ],
              [
                79.29143681725537,
                21.402779258156272
              ]
            ]
          ]
        ]
      }
    },
    {
      "type": "Feature",
      "id": "NGDR-L1720",
      "properties": {
        "feature_id": "NGDR-L1720",
        "state": "Maharashtra",
        "district": "Nagpur",
        "official_lease_name": "Mansar_574 Ha",
        "taluka": "Ramtek",
        "source_record_line": 1720,
        "site_id": "MOIL-MAN-001",
        "canonical_master_id": "CUID-MOIL-011",
        "canonical_mine_name": "Munsar",
        "mapping_status": "MATCHED_CANONICAL_MINE",
        "source_id": "NGDR-ML-2022",
        "source_dataset_vintage": 2022,
        "verification_as_of": 2025
      },
      "geometry": {
        "type": "Polygon",
        "coordinates": [
          [
            [
              79.27339635855515,
              21.40605370411521
            ],
            [
              79.27341079717058,
              21.4060494853955
            ],
            [
              79.27447983747459,
              21.40572757037114
            ],
            [
              79.27569519747544,
              21.40534967704599
            ],
            [
              79.27656810373503,
              21.405060560296647
            ],
            [
              79.27636915840998,
              21.404407517592915
            ],
            [
              79.27604561651202,
              21.403315414175097
            ],
            [
              79.27590540501046,
              21.40333784866283
            ],
            [
              79.27589591536429,
              21.40333898000995
            ],
            [
              79.27511991195445,
              21.4037864574791
            ],
            [
              79.27407497977657,
              21.40440293105047
            ],
            [
              79.27336939148427,
              21.40483009912981
            ],
            [
              79.27327531340507,
              21.404881797556982
            ],
            [
              79.27327571720065,
              21.404968512886626
            ],
            [
              79.27303969192832,
              21.40504260443271
            ],
            [
              79.27336919363341,
              21.406061642430927
            ],
            [
              79.27339635855515,
              21.40605370411521
            ]
          ]
        ]
      }
    },
    {
      "type": "Feature",
      "id": "NGDR-L1987",
      "properties": {
        "feature_id": "NGDR-L1987",
        "state": "Maharashtra",
        "district": "Nagpur",
        "official_lease_name": "Parsoda",
        "taluka": "Ramtek",
        "source_record_line": 1987,
        "site_id": "NOT_ESTABLISHED",
        "canonical_master_id": "NOT_ESTABLISHED",
        "canonical_mine_name": "NOT_ESTABLISHED",
        "mapping_status": "PENDING_IDENTITY_MAPPING",
        "source_id": "NGDR-ML-2022",
        "source_dataset_vintage": 2022,
        "verification_as_of": 2025
      },
      "geometry": {
        "type": "Polygon",
        "coordinates": [
          [
            [
              79.29410219732596,
              21.390488060273217
            ],
            [
              79.29641263690274,
              21.389836431608348
            ],
            [
              79.29659545979618,
              21.38974867148569
            ],
            [
              79.29679592088888,
              21.389713247600294
            ],
            [
              79.29740019584604,
              21.38970982483542
            ],
            [
              79.2988888826894,
              21.38922076543024
            ],
            [
              79.29872646223993,
              21.388702921339313
            ],
            [
              79.29970455996808,
              21.388411726512754
            ],
            [
              79.29997918379784,
              21.388273512522655
            ],
            [
              79.30007936055007,
              21.388186742708072
            ],
            [
              79.29988788729177,
              21.387462195043987
            ],
            [
              79.29998348776961,
              21.387469616626575
            ],
            [
              79.30030949715727,
              21.387609856584866
            ],
            [
              79.30054041057784,
              21.387746527409906
            ],
            [
              79.3007331014638,
              21.38790302589069
            ],
            [
              79.30149871750942,
              21.387600806220632
            ],
            [
              79.30136807960606,
              21.38718043147799
            ],
            [
              79.30127161603508,
              21.386164983865154
            ],
            [
              79.30150808573417,
              21.386104288085757
            ],
            [
              79.30162644237707,
              21.383714848414623
            ],
            [
              79.30162526746228,
              21.383551374049695
            ],
            [
              79.3012392246637,
              21.382788105106073
            ],
            [
              79.30064572195762,
              21.38292165766617
            ],
            [
              79.30044366472922,
              21.3821535994521
            ],
            [
              79.30043791897758,
              21.382054603453952
            ],
            [
              79.30023151568204,
              21.38216363777473
            ],
            [
              79.29914385550806,
              21.382290742967946
            ],
            [
              79.29795663043029,
              21.382481275642295
            ],
            [
              79.2969612679905,
              21.382633272628976
            ],
            [
              79.29639836709481,
              21.382768076582042
            ],
            [
              79.29615153702682,
              21.383106832522003
            ],
            [
              79.29576343719158,
              21.3837298927371
            ],
            [
              79.29560926334773,
              21.383735017584296
            ],
            [
              79.29465565504822,
              21.384519055474076
            ],
            [
              79.29568117089093,
              21.38541896158499
            ],
            [
              79.295517236549,
              21.38556163931646
            ],
            [
              79.29379854941118,
              21.38617921177223
            ],
            [
              79.29378561594478,
              21.38572131508102
            ],
            [
              79.29239231800574,
              21.38615171610208
            ],
            [
              79.29240333265523,
              21.386345879444455
            ],
            [
              79.29201998187365,
              21.386486319304844
            ],
            [
              79.29191089646956,
              21.38656359352947
            ],
            [
              79.29151284445268,
              21.38665522029557
            ],
            [
              79.29183756404299,
              21.38795763395305
            ],
            [
              79.29199695056957,
              21.388404953583617
            ],
            [
              79.29293025871957,
              21.38826896608842
            ],
            [
              79.29346916668514,
              21.388257841880087
            ],
            [
              79.29368712363083,
              21.389045704335672
            ],
            [
              79.29410219732596,
              21.390488060273217
            ]
          ]
        ]
      }
    },
    {
      "type": "Feature",
      "id": "NGDR-L2507",
      "properties": {
        "feature_id": "NGDR-L2507",
        "state": "Maharashtra",
        "district": "Nagpur",
        "official_lease_name": "Mansar Chargaon_097 Ha",
        "taluka": "Ramtek",
        "source_record_line": 2507,
        "site_id": "MOIL-MAN-001",
        "canonical_master_id": "CUID-MOIL-011",
        "canonical_mine_name": "Munsar",
        "mapping_status": "MATCHED_CANONICAL_MINE",
        "source_id": "NGDR-ML-2022",
        "source_dataset_vintage": 2022,
        "verification_as_of": 2025
      },
      "geometry": {
        "type": "Polygon",
        "coordinates": [
          [
            [
              79.28860232300008,
              21.396266023000067
            ],
            [
              79.28872638400009,
              21.396132054000077
            ],
            [
              79.28888949300006,
              21.395955918000027
            ],
            [
              79.28918193600003,
              21.395630131000075
            ],
            [
              79.28947072700004,
              21.395380465000073
            ],
            [
              79.28966768300006,
              21.39516452600003
            ],
            [
              79.28970846900006,
              21.395080343000075
            ],
            [
              79.28815954900006,
              21.395205881000038
            ],
            [
              79.28860232300008,
              21.396266023000067
            ]
          ]
        ]
      }
    },
    {
      "type": "Feature",
      "id": "NGDR-L2514",
      "properties": {
        "feature_id": "NGDR-L2514",
        "state": "Maharashtra",
        "district": "Nagpur",
        "official_lease_name": "BELDONGRI 267 HECT",
        "taluka": "Parseoni",
        "source_record_line": 2514,
        "site_id": "MOIL-BEL-001",
        "canonical_master_id": "CUID-MOIL-008",
        "canonical_mine_name": "Beldongri",
        "mapping_status": "MATCHED_CANONICAL_MINE",
        "source_id": "NGDR-ML-2022",
        "source_dataset_vintage": 2022,
        "verification_as_of": 2025
      },
      "geometry": {
        "type": "Polygon",
        "coordinates": [
          [
            [
              79.28685429000006,
              21.34240873600004
            ],
            [
              79.28724722600003,
              21.342377613000053
            ],
            [
              79.28863271000006,
              21.342279078000047
            ],
            [
              79.28958634800006,
              21.342205904000025
            ],
            [
              79.28958206500005,
              21.342135361000032
            ],
            [
              79.29016975500008,
              21.34204933600006
            ],
            [
              79.29052114600006,
              21.341993167000055
            ],
            [
              79.29082549100008,
              21.34192457000006
            ],
            [
              79.29105627200005,
              21.341906704000053
            ],
            [
              79.29142392500006,
              21.341877942000053
            ],
            [
              79.29182306100006,
              21.341861927000025
            ],
            [
              79.29233315800008,
              21.341833859000076
            ],
            [
              79.29231938800007,
              21.341580160000035
            ],
            [
              79.29227251200007,
              21.34103865700007
            ],
            [
              79.29222905400007,
              21.340408024000055
            ],
            [
              79.29104853000007,
              21.339594431000023
            ],
            [
              79.29104219100003,
              21.33948109000005
            ],
            [
              79.29102537100005,
              21.339281689000074
            ],
            [
              79.29101344800006,
              21.339099943000065
            ],
            [
              79.29098904900007,
              21.33889417100005
            ],
            [
              79.29084311600008,
              21.338830552000047
            ],
            [
              79.29093024500008,
              21.33857572900007
            ],
            [
              79.29104568500009,
              21.338187891000075
            ],
            [
              79.29115524200006,
              21.337978703000033
            ],
            [
              79.29119091900003,
              21.337871524000036
            ],
            [
              79.29128703800006,
              21.33758366400008
            ],
            [
              79.29129954300004,
              21.337384960000065
            ],
            [
              79.29127962400008,
              21.337166807000074
            ],
            [
              79.29122447300006,
              21.33681924600006
            ],
            [
              79.29084710100005,
              21.336857983000073
            ],
            [
              79.29034167100008,
              21.33682488000005
            ],
            [
              79.28979156800006,
              21.337028131000068
            ],
            [
              79.28951703300004,
              21.337038241000073
            ],
            [
              79.28931905200005,
              21.337041961000068
            ],
            [
              79.28918187100004,
              21.337081669000042
            ],
            [
              79.28908309100007,
              21.337153313000044
            ],
            [
              79.28899466800004,
              21.337211680000053
            ],
            [
              79.28891368600006,
              21.337244312000053
            ],
            [
              79.28871764500008,
              21.337256654000043
            ],
            [
              79.28855845300006,
              21.33725885700005
            ],
            [
              79.28852783600007,
              21.33727049400005
            ],
            [
              79.28856438500003,
              21.33741807800004
            ],
            [
              79.28858068000005,
              21.337464606000026
            ],
            [
              79.28851123500004,
              21.337514085000066
            ],
            [
              79.28827296600008,
              21.337641121000047
            ],
            [
              79.28799832000004,
              21.337788880000062
            ],
            [
              79.28768009300006,
              21.337955313000066
            ],
            [
              79.28750307100006,
              21.33804312700005
            ],
            [
              79.28737053800006,
              21.338114665000035
            ],
            [
              79.28725862600004,
              21.338262647000022
            ],
            [
              79.28714475100008,
              21.338447891000044
            ],
            [
              79.28715007300008,
              21.338516772000048
            ],
            [
              79.28716620700004,
              21.338577159000067
            ],
            [
              79.28718659800006,
              21.338666267000065
            ],
            [
              79.28718624900006,
              21.33869637500004
            ],
            [
              79.28719208700005,
              21.33872081100003
            ],
            [
              79.28718047200005,
              21.338753415000042
            ],
            [
              79.28717505200007,
              21.338780842000062
            ],
            [
              79.28716387900005,
              21.338809406000053
            ],
            [
              79.28715588800003,
              21.33883860000003
            ],
            [
              79.28714602500008,
              21.33886418900005
            ],
            [
              79.28713364000004,
              21.338887364000072
            ],
            [
              79.28711614000008,
              21.33891168100007
            ],
            [
              79.28709084200005,
              21.338948465000044
            ],
            [
              79.28707777100004,
              21.338975814000037
            ],
            [
              79.28705577200003,
              21.33900307300007
            ],
            [
              79.28703815400007,
              21.339037545000053
            ],
            [
              79.28701811000008,
              21.339061239000046
            ],
            [
              79.28699745000006,
              21.339083134000077
            ],
            [
              79.28697228400006,
              21.33910856700004
            ],
            [
              79.28690104800006,
              21.339174955000033
            ],
            [
              79.28682880200006,
              21.339245912000024
            ],
            [
              79.28673850800004,
              21.339333414000066
            ],
            [
              79.28663921700007,
              21.339426798000034
            ],
            [
              79.28657355500007,
              21.339479899000025
            ],
            [
              79.28650108700003,
              21.33956997300004
            ],
            [
              79.28646336900005,
              21.339632918000063
            ],
            [
              79.28642426500005,
              21.339705408000043
            ],
            [
              79.28637871500007,
              21.33978380600007
            ],
            [
              79.28628690900007,
              21.339891606000037
            ],
            [
              79.28626948600004,
              21.339922944000023
            ],
            [
              79.28626902800005,
              21.33996237100007
            ],
            [
              79.28626615800005,
              21.339989824000043
            ],
            [
              79.28629615100004,
              21.340152636000028
            ],
            [
              79.28633337900004,
              21.340351369000075
            ],
            [
              79.28637060700004,
              21.340550103000055
            ],
            [
              79.28638593400007,
              21.340632388000074
            ],
            [
              79.28639726000006,
              21.34071136700004
            ],
            [
              79.28639666000004,
              21.34076298100007
            ],
            [
              79.28639629300005,
              21.340794522000067
            ],
            [
              79.28644110300007,
              21.340889615000037
            ],
            [
              79.28649073700007,
              21.34096468300004
            ],
            [
              79.28652698100007,
              21.34100663600003
            ],
            [
              79.28656620200007,
              21.341055788000062
            ],
            [
              79.28660700400007,
              21.34110065400006
            ],
            [
              79.28666745000004,
              21.341167229000064
            ],
            [
              79.28669160200008,
              21.341196153000055
            ],
            [
              79.28672901000004,
              21.34126966200006
            ],
            [
              79.28677862800004,
              21.341346164000072
            ],
            [
              79.28682079300006,
              21.34140538300005
            ],
            [
              79.28684206000008,
              21.34165262700003
            ],
            [
              79.28684357200007,
              21.341785994000077
            ],
            [
              79.28685046300006,
              21.341891072000067
            ],
            [
              79.28685367600008,
              21.34205361100004
            ],
            [
              79.28685429000006,
              21.34240873600004
            ]
          ]
        ]
      }
    },
    {
      "type": "Feature",
      "id": "NGDR-L2515",
      "properties": {
        "feature_id": "NGDR-L2515",
        "state": "Maharashtra",
        "district": "Nagpur",
        "official_lease_name": "Gumgaon 4860 Hect",
        "taluka": "Savner",
        "source_record_line": 2515,
        "site_id": "MOIL-GUM-001",
        "canonical_master_id": "CUID-MOIL-009",
        "canonical_mine_name": "Gumgaon",
        "mapping_status": "MATCHED_CANONICAL_MINE",
        "source_id": "NGDR-ML-2022",
        "source_dataset_vintage": 2022,
        "verification_as_of": 2025
      },
      "geometry": {
        "type": "MultiPolygon",
        "coordinates": [
          [
            [
              [
                78.98524892300003,
                21.40353876800009
              ],
              [
                78.98523739500013,
                21.40337870200017
              ],
              [
                78.98471505400016,
                21.403388602999996
              ],
              [
                78.98397385800013,
                21.403404539000064
              ],
              [
                78.98357982900012,
                21.403409356000054
              ],
              [
                78.9829912420002,
                21.403416132000075
              ],
              [
                78.98273741800011,
                21.40342088700004
              ],
              [
                78.98275461000014,
                21.403604077000068
              ],
              [
                78.98278347200005,
                21.40410382500005
              ],
              [
                78.98279481300017,
                21.404498305000175
              ],
              [
                78.98280917500011,
                21.40484614700017
              ],
              [
                78.98280142900018,
                21.405700838000087
              ],
              [
                78.98280167300004,
                21.406280306999975
              ],
              [
                78.98280039600019,
                21.406899963000114
              ],
              [
                78.98279117300007,
                21.40729037300008
              ],
              [
                78.98341893700012,
                21.407295814000065
              ],
              [
                78.98444633600013,
                21.407325141000115
              ],
              [
                78.98544608300017,
                21.40735728700008
              ],
              [
                78.98543792200013,
                21.407261165000136
              ],
              [
                78.98543724900014,
                21.407253229000048
              ],
              [
                78.98543708100016,
                21.407251250000115
              ],
              [
                78.98543694900013,
                21.40724970100007
              ],
              [
                78.98543642200019,
                21.40724009700017
              ],
              [
                78.98543601700004,
                21.407231155000147
              ],
              [
                78.98543571100004,
                21.4072244190001
              ],
              [
                78.98543529900019,
                21.407215340000164
              ],
              [
                78.98542364700006,
                21.406880885000135
              ],
              [
                78.98542053500017,
                21.406755797000073
              ],
              [
                78.98541157400007,
                21.406570214999988
              ],
              [
                78.98539357400017,
                21.406263668000122
              ],
              [
                78.98536325900005,
                21.405727564000188
              ],
              [
                78.98534098900018,
                21.405283059000055
              ],
              [
                78.98531757500018,
                21.40481485800018
              ],
              [
                78.98529997100013,
                21.404513542000075
              ],
              [
                78.98529131200007,
                21.40434610400007
              ],
              [
                78.98527229299998,
                21.403922851000175
              ],
              [
                78.9852603650001,
                21.403697616999978
              ],
              [
                78.98524892300003,
                21.40353876800009
              ]
            ]
          ],
          [
            [
              [
                78.98889746000003,
                21.408260307000035
              ],
              [
                78.98946432700012,
                21.408246800000086
              ],
              [
                78.98975776100002,
                21.408247334000123
              ],
              [
                78.99014044799998,
                21.40825192500006
              ],
              [
                78.99084396600011,
                21.40827195100013
              ],
              [
                78.99243747200018,
                21.408252447999985
              ],
              [
                78.99246208800008,
                21.407876169000076
              ],
              [
                78.99245844800015,
                21.40732080800001
              ],
              [
                78.99248662700006,
                21.40685435900008
              ],
              [
                78.99250186000017,
                21.406370432000074
              ],
              [
                78.99250662000003,
                21.405857824000122
              ],
              [
                78.99249227500019,
                21.405226827000035
              ],
              [
                78.99246115500006,
                21.404703156000153
              ],
              [
                78.99242021000015,
                21.403777934000175
              ],
              [
                78.99240979799998,
                21.403419386000166
              ],
              [
                78.99159902600007,
                21.403426387000138
              ],
              [
                78.99106838300014,
                21.403420027000095
              ],
              [
                78.98828238100003,
                21.40337704900014
              ],
              [
                78.98713952800006,
                21.403358546999982
              ],
              [
                78.98580081400013,
                21.403373127000123
              ],
              [
                78.98555393400011,
                21.403368171000068
              ],
              [
                78.98556984300012,
                21.403717709000034
              ],
              [
                78.98559068600014,
                21.40420835500015
              ],
              [
                78.9856016550001,
                21.404475957000102
              ],
              [
                78.98563418800018,
                21.405179418000102
              ],
              [
                78.98566751600009,
                21.405917509000176
              ],
              [
                78.98568732200016,
                21.406417053000098
              ],
              [
                78.98570537100011,
                21.406793178000044
              ],
              [
                78.98572262100015,
                21.407208962000027
              ],
              [
                78.9857287980002,
                21.40735781900014
              ],
              [
                78.9857490760001,
                21.407648058999996
              ],
              [
                78.98576255200015,
                21.408005209000066
              ],
              [
                78.9857791120001,
                21.4082677130001
              ],
              [
                78.9857800530001,
                21.408348010999987
              ],
              [
                78.98616822700006,
                21.40832318600019
              ],
              [
                78.98658780500011,
                21.408316998000032
              ],
              [
                78.98771195600017,
                21.408286299000054
              ],
              [
                78.98889746000003,
                21.408260307000035
              ]
            ]
          ]
        ]
      }
    },
    {
      "type": "Feature",
      "id": "NGDR-L2516",
      "properties": {
        "feature_id": "NGDR-L2516",
        "state": "Maharashtra",
        "district": "Nagpur",
        "official_lease_name": "Gumgaon 133 Hect",
        "taluka": "Savner",
        "source_record_line": 2516,
        "site_id": "MOIL-GUM-001",
        "canonical_master_id": "CUID-MOIL-009",
        "canonical_mine_name": "Gumgaon",
        "mapping_status": "MATCHED_CANONICAL_MINE",
        "source_id": "NGDR-ML-2022",
        "source_dataset_vintage": 2022,
        "verification_as_of": 2025
      },
      "geometry": {
        "type": "Polygon",
        "coordinates": [
          [
            [
              78.98544608300006,
              21.407357287000025
            ],
            [
              78.98572879800008,
              21.407357819000026
            ],
            [
              78.98570313500005,
              21.40673930400004
            ],
            [
              78.98568279200003,
              21.40632472300007
            ],
            [
              78.98566569300004,
              21.405868892000058
            ],
            [
              78.98565408000007,
              21.405599218000077
            ],
            [
              78.98560677900008,
              21.404600982000034
            ],
            [
              78.98558319600005,
              21.404025630000035
            ],
            [
              78.98556380800005,
              21.403578564000043
            ],
            [
              78.98555393400005,
              21.403368171000068
            ],
            [
              78.98523739500007,
              21.403378702000055
            ],
            [
              78.98526826200003,
              21.403807268000037
            ],
            [
              78.98527592700003,
              21.404027066000026
            ],
            [
              78.98528489200004,
              21.404210686000056
            ],
            [
              78.98529614800003,
              21.404448097000056
            ],
            [
              78.98532313800007,
              21.40491008500004
            ],
            [
              78.98534098900006,
              21.405283059000055
            ],
            [
              78.98534767800004,
              21.405465217000028
            ],
            [
              78.98537226500008,
              21.405879180000056
            ],
            [
              78.98539357400006,
              21.406263668000065
            ],
            [
              78.98540718900006,
              21.406498956000064
            ],
            [
              78.98541738400007,
              21.406664600000056
            ],
            [
              78.98542053500006,
              21.406755797000073
            ],
            [
              78.98542792000006,
              21.407052669000052
            ],
            [
              78.98543675300004,
              21.40724739500007
            ],
            [
              78.98544608300006,
              21.407357287000025
            ]
          ]
        ]
      }
    }
  ]
}