sample_id,latitude,longitude,sentinel2_b2,sentinel2_b3,sentinel2_b4,sentinel2_b8,sentinel2_b11,sentinel2_b12,ndvi,ndmi,elevation_m,slope_deg,curvature,geology_class,label,grid_tile_id,acquisition_date
S001500,21.385087934507535,80.2472891352344,0.08776553278614996,0.09362593463205056,0.0848974784836685,0.22583868530233275,0.17366586751581234,0.16119643729530003,0.36410302071198475,0.18758513308565852,198.30086682973632,3.5686145232358695,0.6458185067666278,laterite,0,T0714,2026-01-15
S100353,21.34345830842031,80.22204317537539,0.10049513467501545,0.11162397623988506,0.12442750507952456,0.23486859130543175,0.2811256140911432,0.22149221996333796,0.2660437207999916,-0.022150192235263794,332.9058881491422,12.048596967834744,0.5981697426851235,granite_gneiss,1,T0614,2026-01-15
S000973,21.08376167147175,79.85240478013381,0.061931954749098336,0.10116616074929773,0.13125523500486921,0.29500937484654033,0.2584542379666918,0.16054366702261108,0.3179770695854789,0.0758358450149445,298.5394334904935,5.126872531831241,-0.42392003538886397,banded_iron_formation,0,T0107,2026-01-15
S000545,21.52130975461321,79.7240326336694,0.06615160157640418,0.1198420864583021,0.11889895542971654,0.2755842606014189,0.15064715476081697,0.05606909837410157,0.4322183820117686,0.08466042235395334,217.50478181719515,7.41364254829238,-0.09082523087461676,laterite,0,T1004,2026-01-15
S000929,21.022935267169643,79.96731166435401,0.09633474348300648,0.09349745501111303,0.11009014257013829,0.20938032877927096,0.23661626451980394,0.17184468574444953,0.3702161576645487,0.1617410417401184,298.08473248816705,7.464431093988145,-0.09893185186983328,granite_gneiss,0,T0009,2026-01-15
S000913,21.255519934905255,80.27832408016909,0.0817127541531235,0.09906364826279429,0.0927460124892304,0.25350994833598367,0.2753421652260495,0.17428768569062272,0.365157112650922,0.0599209483186916,240.5246919410025,7.512837585705801,0.19066615756226327,gondite,0,T0515,2026-01-15
S000578,21.321786373154975,79.75126153386366,0.0728128836938167,0.10849877371593186,0.1045338997832636,0.19177379527067148,0.235635857274728,0.1923816503231902,0.33420624658682935,0.20269049134026948,312.2084577557351,6.50057771722844,0.7707900620708231,laterite,0,T0605,2026-01-15
S001371,21.283222573518685,79.53535265532919,0.06026134993372746,0.09965227227386583,0.0937424904951621,0.2159607839186958,0.21012699046228564,0.16863248269306572,0.3280774189739425,0.169108127088698,216.3901076924197,5.225802719395773,1.0873858709083422,granite_gneiss,0,T0500,2026-01-15
S100065,21.332147640394798,80.14118544868754,0.07030020551476553,0.12162900939257065,0.13453745727392846,0.2613376574297855,0.29201472701289466,0.23279342248594825,0.338991863174869,0.05766397516129613,364.8363230686073,11.904393445785338,-0.8395552138118586,gondite,1,T0612,2026-01-15
S000963,21.437544587305904,79.62162872615566,0.08480480283991244,0.08857149652117194,0.11860230947555434,0.2221275369511213,0.22609887529795447,0.11834973257093419,0.31076899121891893,0.12588729760476286,378.2839312295292,3.795634712649238,0.7541803841423667,granite_gneiss,0,T0802,2026-01-15
S100056,21.275349465323004,79.61441750013331,0.05186998745975535,0.07815635345826084,0.10744845517577942,0.23977441179808817,0.3448713660393835,0.2053044337423255,0.2691279341690099,-0.0007227736062407134,366.1541724822277,9.93772446592839,0.2038641848090194,banded_iron_formation,1,T0502,2026-01-15
S000932,21.484910886022757,79.58910808548565,0.06438911259217404,0.1046243721726465,0.0898327624931293,0.2820586570165814,0.175597549513896,0.1210613996794647,0.35289615765301025,0.191993030378803,239.5418863544034,8.141165810967525,0.24769730751727068,laterite,0,T0901,2026-01-15
S000758,21.295499909206857,79.65146264513811,0.06044671881456472,0.06247789751127889,0.1043557316717337,0.22798722804064975,0.23087805988537635,0.2157185471631547,0.29228082822045803,0.10595493266490918,307.4601386770212,3.580288109656329,0.010349095131212823,laterite,0,T0503,2026-01-15
S000224,21.547929635105163,79.60235363802539,0.07193526925664395,0.10773035870864907,0.13327063973767417,0.2639588343815227,0.19753529498396158,0.20905833783886815,0.29370785313347264,0.160289958592381,274.1919241113914,0.3905192959807646,0.876062055332205,laterite,0,T1002,2026-01-15
S000014,21.372888334521086,79.80453034216131,0.06341366211686277,0.09095916207273451,0.09545142699405411,0.26570370555859907,0.24109085393720378,0.2567797937244377,0.3399921023334574,0.006774612036899441,225.42622742513691,0.907903874029949,0.32627735120676726,banded_iron_formation,0,T0706,2026-01-15
S100275,21.236178274099217,79.58742583289164,0.0866709802327241,0.09002124900076108,0.09234523659402746,0.21763602931220366,0.3257659334860793,0.20987570790620153,0.15915929215429084,-0.05504685819472872,375.3583833672712,7.215722486164665,-0.3472326209626765,gondite,1,T0401,2026-01-15
S000386,21.280851228873356,80.29940792136436,0.060675457301464196,0.08320605005141204,0.08366530151498434,0.2665920349458398,0.20078796724412903,0.11857838198186106,0.2783776184087301,0.1299912203310358,244.32586338101365,0.0,0.35331399191876695,laterite,0,T0515,2026-01-15
S100128,21.062041780633532,79.95796634649768,0.06831941333555985,0.09205033330141138,0.0935542720819963,0.22833598794264315,0.2699188511015376,0.23961843462768823,0.14017184134047794,-0.0315379667522728,190.63861744700114,0.0,-0.19611300646014154,gondite,1,T0109,2026-01-15
S001286,21.260402805990537,80.22709924521898,0.07931155777908032,0.09893442910460315,0.14254488646005403,0.26554823632643204,0.23009891359852078,0.17863746430611685,0.47099867573315224,0.12444619599941678,169.04521118257736,8.826471907013822,0.7115346626453569,granite_gneiss,0,T0514,2026-01-15
S001492,21.146932169088245,80.10759087757482,0.08464085209486481,0.08767004427484923,0.09209647357041462,0.240735296577126,0.22206533960245706,0.15061514027716283,0.3871897044677367,-0.06124533179509237,228.15472156130903,3.3182142503701697,0.36526071564438195,granite_gneiss,0,T0212,2026-01-15
S000314,21.07749851766144,80.14723703074439,0.05882915611933219,0.10371652406500961,0.12117083816927499,0.289097122494433,0.25885139434839055,0.20639661793673086,0.404635743451066,0.19431968787279907,302.58730955261126,5.7735819374465835,1.044525791639413,granite_gneiss,0,T0112,2026-01-15
S001304,21.246691882739764,79.83944349382605,0.09234574644992137,0.07297545636220983,0.09392415428386586,0.2695222606220995,0.3199128389253423,0.12163033567610174,0.2368374145644776,0.07021559202385244,288.1895196403435,8.553874223632306,-0.022170809266646066,granite_gneiss,0,T0406,2026-01-15
S001621,21.315519138577507,79.96618476534478,0.09811551817443837,0.05989844727576331,0.071023404545711,0.2955958286593686,0.19355597039390995,0.1447320508297934,0.34648154161832395,0.10864681703478252,360.96530181111734,2.349263912189751,-0.5898404073814659,banded_iron_formation,0,T0609,2026-01-15
S000723,21.47120253089265,79.51732230002563,0.12303517950360071,0.1029779095621219,0.11335580359746991,0.2516930207822429,0.1322215981492692,0.1474956888076293,0.2787756547290162,0.11183239719327084,211.81817461207078,6.70165993844757,-0.19331586718200983,granite_gneiss,0,T0900,2026-01-15
S001562,21.334771789613225,80.14108617001294,0.06720570185625856,0.09733515366014082,0.10931852976566299,0.2654699926365884,0.25344136695709163,0.1511597052360264,0.17382196407410674,0.12004571914633982,272.87426650795544,2.300609479353674,-0.3875603618068906,banded_iron_formation,0,T0612,2026-01-15
S100099,21.57713859872971,80.00912667368623,0.0773579757437375,0.16177024389720568,0.11662314829594067,0.21450439911990185,0.3288909658871201,0.21436002695449602,0.2211622305550055,0.0351786338218924,337.39312855510406,4.601366616622634,0.2301093197175317,gondite,1,T1110,2026-01-15
S000819,21.158514997941182,79.80191341712398,0.07467491701007747,0.10016613985402607,0.09929134770545629,0.22580325601032608,0.15818650862863595,0.18600830355675624,0.3314337539713298,0.021474292512690146,283.2975069803476,3.014832408464878,-0.24642833185194318,granite_gneiss,0,T0306,2026-01-15
S000604,21.16530650367291,79.73857263149635,0.10836930916619503,0.13989539018260622,0.09769985692594538,0.2511862416283343,0.17647172333788766,0.15076362424321446,0.323886991190649,0.13723710912024142,276.6317112754195,3.595497048699733,-0.015125294238937409,laterite,0,T0304,2026-01-15
S000432,21.402218702297407,80.06383755062792,0.07693361882553346,0.12011902581148365,0.08629336352178255,0.18080385593443415,0.21821249973975862,0.17196333233095074,0.1622261017329466,0.225986628815053,138.1070914341327,2.8529676005714615,0.5777631455247545,banded_iron_formation,0,T0811,2026-01-15
S100029,21.409829371945474,80.18042694335263,0.08233960468047774,0.09030538476902013,0.1124681055395303,0.2510384845373402,0.298852868493008,0.2282641783290335,0.14696976106249382,0.06658640280821648,208.8702886759279,9.897189228726377,0.061870007205695084,laterite,1,T0813,2026-01-15
S000268,21.26024098421249,79.63288097018967,0.06291892461675867,0.09315063781966874,0.08124131301578477,0.2367049343267135,0.1660442670488559,0.11992968563081935,0.33245600317994467,0.12164991919220965,177.7334130164403,8.845432649253311,-0.15519505180312418,banded_iron_formation,0,T0502,2026-01-15
S000584,21.463360441924475,79.52948331089348,0.06742362260129216,0.1313404601601316,0.07920011292109948,0.15949547025097788,0.26739300025992074,0.20363567683001363,0.3802801060228292,0.23721259275895962,237.2811545089191,5.2746181778492325,0.27658257379795287,alluvium,0,T0900,2026-01-15
S000212,21.497657136097924,80.12882905411668,0.09639174918745429,0.1400761179101836,0.11805696872838843,0.27054029213950476,0.2693595615638407,0.17719891908146454,0.30685940147033436,0.12067164476781765,293.9286273186152,0.15559763896027246,-0.48159394377000003,banded_iron_formation,0,T0912,2026-01-15
S000547,21.32948434613135,79.99440728830594,0.10712324767772065,0.12516943128028082,0.12365332876139598,0.29210518958546267,0.14852594929288565,0.10268828036271631,0.19844430816662884,0.12831487053409746,239.1146616471253,2.414245755641131,-0.010414700577924544,alluvium,0,T0609,2026-01-15
S000720,21.564806386228298,79.71145729038798,0.10990156047565951,0.07488448715194088,0.0923808504398522,0.26374340615219094,0.2018848979492664,0.16487364619836786,0.18006730659849313,0.08344512382184786,268.0722161472886,4.8451227740917435,-0.05452587893285499,banded_iron_formation,0,T1104,2026-01-15
S000090,21.22506819184534,79.68669735897252,0.061654094001768175,0.09460568727450215,0.07676115435399689,0.16811584933807155,0.16267562305760244,0.12127528794329534,0.3788837708159748,0.23516308211590278,359.66322359085586,10.849268533148635,-0.5831546828820424,banded_iron_formation,0,T0403,2026-01-15
S001249,21.12268485300838,79.69275413911534,0.07700735525947539,0.10074157491244792,0.09879108406980294,0.26381081859042216,0.18614896061970243,0.17544313937761163,0.5923870711097714,0.14391546440809994,271.5981612427738,7.576911698171411,0.0935138418922145,granite_gneiss,0,T0203,2026-01-15
S000930,21.080501283184116,79.75421715403161,0.08035417923696014,0.09967460673460406,0.09007836005110303,0.2273806592185938,0.22360754549319617,0.20336344073111623,0.4030573111763426,0.11304711708719062,274.55428339169384,11.56339366489015,-0.3592388150804266,laterite,0,T0105,2026-01-15
S000718,21.27736521616817,79.73487304772777,0.10150808137864996,0.07308380604555015,0.062663778267706,0.15138634762127612,0.1936989443463763,0.2007751881599576,0.3174258655658726,0.033616001013564906,262.6618778249977,11.747284618246642,-0.32093223144674093,alluvium,0,T0504,2026-01-15
S100254,21.14199741779855,79.73058259639032,0.09182641457704968,0.11544422954705011,0.11399383483527373,0.2185729188692999,0.3276222927309701,0.2066296133184037,0.1427719044152989,0.05900351147438861,348.59617803943877,8.653181196631506,0.6960354604871275,gondite,1,T0204,2026-01-15
S100124,21.024968504317137,79.52884786742189,0.0793505135216509,0.09477471217917492,0.14700340102524023,0.2524405942165682,0.2320951076192751,0.26802625371031275,0.19091333677545608,0.0932097106344581,352.5714934686558,13.662688359535277,-0.6654386263067453,gondite,1,T0000,2026-01-15
S001567,21.490889705049202,79.96767039293474,0.0870435661673554,0.13651149772365292,0.15002690459292806,0.2389732849347728,0.2231862326953972,0.1507990666110203,0.28146703560307285,0.09258728524488113,306.9555624415614,4.850814188173943,0.1444381916795443,laterite,0,T0909,2026-01-15
S100251,21.520494379051396,80.02328192758588,0.10656957621583463,0.10472648564056403,0.11874386553712088,0.2663974233992227,0.2634177981282431,0.23843932144245467,0.09395045382635078,0.07719319405960787,318.3150154937581,11.017778590649874,-0.47221143920154574,gondite,1,T1010,2026-01-15
S000225,21.451894811412526,79.70612199307821,0.05751792797562462,0.09280416825437707,0.13045792138739984,0.27809648640014056,0.19205445438476365,0.1354048449155421,0.2720538450706471,0.09068563199565294,202.20243575290272,4.8025335662607205,-0.07880149619605949,laterite,0,T0904,2026-01-15
S001208,21.447764288100185,80.12394340843856,0.07962186926252729,0.11219144789686276,0.08192031951264885,0.2602041786289029,0.27175997357556425,0.12978628406192938,0.35212540890860383,0.1614276138576744,396.3820090616577,9.087920777311322,0.6336037422010796,gondite,0,T0812,2026-01-15
S000464,21.25603787974615,79.74239704049377,0.046487635002650934,0.12144348335579885,0.09193719395508813,0.27173853922645497,0.18724860092596973,0.141359590578413,0.2909024690516441,0.14401287186363498,333.8450316958792,6.5994353190507455,0.041505464136878535,laterite,0,T0504,2026-01-15
S000147,21.515826038809326,80.09189912386634,0.06387313841010281,0.11173168231951691,0.10563341740059116,0.26982804271312594,0.2253127357248565,0.14986199380244453,0.3505774765380141,0.15706006699330663,259.2136096746193,4.783380543109857,1.0848606789176296,granite_gneiss,0,T1011,2026-01-15
S000529,21.12175186983692,80.28711573102093,0.10700793254602654,0.09298517919312302,0.10552181928899411,0.19672047895233152,0.20225267747226816,0.13916483446675085,0.47736957183910356,0.061435997548636836,291.742367651363,0.0,1.0362714323504008,alluvium,0,T0215,2026-01-15
S100070,21.12875080369172,80.24223634413782,0.11889195584520457,0.07736027119846078,0.09418506926168763,0.22284847304631286,0.2699720825398335,0.26909275637024993,0.2263190973072008,0.038604070235717505,325.2777737798601,1.574753731542172,-0.19001903109609794,gondite,1,T0214,2026-01-15
S001248,21.17057921064691,79.50180686288,0.06430831527635603,0.09137524165230151,0.09457368197677742,0.24885278119595056,0.2913306344034395,0.15784315496065032,0.34499686433962,0.19936262281790582,250.70023455571933,5.9080008046593395,-0.4967973922227909,alluvium,0,T0300,2026-01-15
S001172,21.167316574942923,79.67185549178039,0.07574060393482676,0.09901901165345328,0.08951448240724422,0.3073688471852436,0.24500535071714497,0.2021127700062838,0.49705188118128557,0.15629919283761828,246.63715294995,3.017530751780086,0.010496771692149659,gondite,0,T0303,2026-01-15
S100247,21.24754294156421,79.59128325694691,0.09874753933839296,0.1388173387836374,0.10946293608025645,0.25294626379968776,0.37176927117314346,0.18693588912209427,0.1884341718504485,0.08754078784266256,359.52784210197154,8.54088820399231,0.8637091433140505,gondite,1,T0401,2026-01-15
S001090,21.320032800500968,79.6574968068515,0.12678105991165253,0.09733539670380484,0.11337413240610598,0.28120618106451367,0.27129663903064927,0.1578746954295085,0.35000712247709104,-0.056072136807773704,300.5912276137466,10.077985972824361,0.0339634125473844,gondite,0,T0603,2026-01-15
S100212,21.119865390996036,79.88605800686983,0.07050974132761922,0.11888831737080546,0.1291980053261554,0.2580663017053792,0.21390536708582858,0.2006875772420125,0.216916939052527,-0.07438906475282527,333.0363894937174,12.338102189476231,0.07281515717194241,gondite,1,T0207,2026-01-15
S000549,21.542274424846784,79.63800955015861,0.06493050249832057,0.09532879455979405,0.08034139634812229,0.26812286015303655,0.22325177490294162,0.18636333174887432,0.2816612911220372,0.06314708391317356,269.55989013486646,3.6857260164975143,-0.1333198111548556,laterite,0,T1002,2026-01-15
S001381,21.027988142555166,79.66513942125856,0.07780845599433306,0.11414891599139959,0.09081801601521823,0.2394956796762396,0.23406357446739223,0.16807141313555887,0.3147253789965682,0.10169427633794581,353.11861534113734,0.0,0.3242688673604911,laterite,0,T0003,2026-01-15
S000884,21.456041262492537,80.15582599652787,0.11238523123048536,0.109331042309747,0.09159744890195362,0.2322342330317225,0.2038826445014664,0.22313627062169464,0.3593149544466826,0.1371145483476878,356.649535788849,2.249196905656695,-0.0964389799450466,laterite,0,T0913,2026-01-15
S001336,21.42907441407421,80.09897127085426,0.09869852965687301,0.0871886927868206,0.09666622950237568,0.2910318459258368,0.08457949352997224,0.21564876011969725,0.3128973900142564,0.11202332840529641,297.3616374769639,1.8157580726995395,-0.2892184189869502,laterite,0,T0811,2026-01-15
S000822,21.221022649556108,79.99438889673723,0.05372883643630702,0.07301191323503733,0.0974534636200504,0.20621528132425007,0.19053174879057544,0.13413119332526421,0.2906423524531474,0.16480727775908638,243.63570460635268,6.115075098429871,0.9242316327757313,granite_gneiss,0,T0409,2026-01-15
S000001,21.128290892875338,79.88066404747957,0.07441065063121259,0.1527473508213998,0.09746262447695948,0.271813815678333,0.22750286310791198,0.17949025098976193,0.39482386748480824,0.23503491335846638,361.5479761091776,11.714436977552861,-0.10749272498413907,granite_gneiss,0,T0207,2026-01-15
S001113,21.339548947079493,80.25872556931017,0.04429476395548694,0.08360072800197796,0.1118892028517807,0.2672847368487211,0.15038251403566769,0.1374669647493976,0.3772492899740359,0.04910682058458897,300.7844876121401,0.0,-0.10383598200330431,banded_iron_formation,0,T0615,2026-01-15
S000318,21.576318278342825,80.00606590191619,0.059840779558722274,0.07434815999403238,0.09191987963879178,0.2854634224486997,0.23236407373886744,0.1936660403918037,0.34336883709135835,0.22385831121187533,264.86680850450733,1.5811819894417578,0.6051752162464723,laterite,0,T1110,2026-01-15
S001261,21.07702689843391,80.08362322987928,0.09292232909893344,0.1324835990464085,0.10481957799083515,0.24569553557783244,0.33475075904101775,0.11927169396664823,0.3745262030131654,0.13031886108158283,215.86472878544248,0.0,1.0958539735755255,alluvium,0,T0111,2026-01-15
S000729,21.492467626224702,80.09502094661288,0.07901975967471153,0.10175101291380424,0.10747499684137855,0.2298649232320129,0.2503647624539299,0.15929201274552915,0.3411224974935819,0.19154199499230773,242.32874722955705,10.207970738964487,-0.00453200371386648,granite_gneiss,0,T0911,2026-01-15
S001627,21.545986263910272,80.06112090350537,0.10131354242331157,0.08451535859919354,0.08294709665290664,0.2223613340352499,0.24866962805352566,0.1602456423385022,0.38775280035929705,0.30900261592639433,292.64114280814306,4.785287579051923,0.3181324457158381,gondite,0,T1011,2026-01-15
S001487,21.066969628003292,80.16669011946912,0.05910799268143383,0.10712246921462418,0.09270583162035222,0.24315736684283196,0.2623353254635072,0.1671323172093245,0.4138911408838912,0.1540531336878857,258.37302081038234,0.0,-0.9106490806347488,alluvium,0,T0113,2026-01-15
S000627,21.4517314821947,80.09065514956191,0.038764473951138745,0.07798291596920001,0.13812111731510646,0.29819292821354054,0.2461851143065369,0.1795696476311539,0.3996013771274862,0.12420055147716379,248.07711178393566,8.710898479996551,0.23518585716349527,alluvium,0,T0911,2026-01-15
S001152,21.449953296900457,80.24381319970199,0.08474029592245497,0.14411766251094857,0.10763167403125559,0.20875703267848086,0.3052660969635984,0.1183863909604601,0.418155066596447,0.16248153222109846,307.26729930994406,5.77005204852443,0.27892765969387007,laterite,0,T0814,2026-01-15
S100111,21.12141801887714,79.87933498358609,0.09062446457185164,0.09676557993917506,0.09905582479845927,0.3379539141392933,0.30263933207672983,0.22504617421333767,0.22010718774035895,-4.135933282568144e-05,363.7897273409318,8.843604315133788,0.6189418439593652,banded_iron_formation,1,T0207,2026-01-15
S001127,21.214210379400363,79.61975137958251,0.08530774133725297,0.0916503867245447,0.11004178061391898,0.25971483484890157,0.2062468064994242,0.13339829769205916,0.1944327500877151,0.13623606111392084,184.030467964546,0.2522677171967027,-0.26260162579765345,laterite,0,T0402,2026-01-15
S001093,21.26181536845954,80.09295402058336,0.02836320520375451,0.12869755221218748,0.1396732830846906,0.23614212474837448,0.21727412515871972,0.20025293703428607,0.4376331034091965,0.09237038454173915,328.80969623617574,2.8849369703864522,0.39651094332545966,banded_iron_formation,0,T0511,2026-01-15
S000023,21.16608197243463,80.17700869072996,0.077753863472605,0.09748295993021804,0.10405691396758975,0.26438370822176693,0.2271747976309979,0.09850407577033746,0.29783181025655137,0.1780107074720696,341.1423595168169,3.2302927722741215,0.5461116202840289,laterite,0,T0313,2026-01-15
S001035,21.33710816823958,80.14333706752238,0.08017662530335756,0.13745731393186394,0.10248542776903577,0.27054280731267283,0.244136405438619,0.1563316196821871,0.36623226648585677,0.07503348329625459,315.2208403092623,0.0,0.2187213110306235,alluvium,0,T0612,2026-01-15
S000694,21.4175601614413,79.88568857620353,0.08945038602933722,0.11705672929676486,0.09864680652761507,0.21784696367150705,0.23993526012448457,0.1661546240071906,0.43741930531653017,-0.00882055527641315,296.20382869495745,11.197679814959109,-0.005211898289114547,laterite,0,T0807,2026-01-15
S000395,21.149734309215933,79.8594360503092,0.07949373870169921,0.12024077950789211,0.09010401448950894,0.30401272254350165,0.22845649367852916,0.14121347542290447,0.3386606324649888,0.16902276960731974,299.6163047557766,6.649692632795472,0.17691651206295006,banded_iron_formation,0,T0207,2026-01-15
S100324,21.509136293264177,80.00763221196144,0.05623222290803461,0.09775672199778833,0.1054828355862572,0.3086264067338139,0.2827155295818795,0.23018777869765553,0.2967672420600059,0.05262662626377189,348.06918697457945,12.276416675648553,-0.6880216657865741,gondite,1,T1010,2026-01-15
S001263,21.120983955272497,79.97338993956615,0.09000675565638946,0.08793523716473596,0.07977920012370085,0.2959093116858263,0.22964199292083728,0.1538642292212073,0.5436750812527069,0.08710787982957942,303.9577883761353,10.816097612101071,-0.32247846496368354,alluvium,0,T0209,2026-01-15
S000427,21.105658457561034,79.89416627773379,0.0657891839795815,0.06227983801071522,0.0863011081746766,0.32674706791628366,0.22311323100641012,0.13136109029682314,0.3129963006646539,0.13612548073302339,270.146571763898,9.327134668656495,0.4435632027377835,laterite,0,T0207,2026-01-15
S000008,21.524703359467907,79.91311153882253,0.08661004869544289,0.1047609246942316,0.08153775057227149,0.2643439010393929,0.20805028429625705,0.15027877185900104,0.24429212917390633,0.23107189754159813,151.88826411479448,0.6665841675894413,-0.03710209524802671,gondite,0,T1008,2026-01-15
S001459,21.15438285899482,79.61004329405965,0.10082312080060166,0.08543511133016474,0.1331273394283829,0.22133667081021324,0.2439059168052456,0.1102232306590978,0.29581105314350453,0.198944328408572,286.0162419423553,5.50630320910068,-0.40592739114161625,laterite,0,T0302,2026-01-15
S100069,21.26203043353942,80.14077108291333,0.08714729944311347,0.06166368256469847,0.11657100337024413,0.27407582594425767,0.25891077613249364,0.20249429863626878,0.22816250377924593,0.03664676777658159,354.71969802891,9.692028558608904,0.1945187952168815,banded_iron_formation,1,T0512,2026-01-15
S000497,21.36873836477716,79.51792437214583,0.09815349230056457,0.08998874113551482,0.11855069309258826,0.24942215653059133,0.16544065892086285,0.1931803131680031,0.3370880740322756,0.09286181322600803,282.165236913667,0.0,-0.5428422143488746,laterite,0,T0700,2026-01-15
S001123,21.227182363612375,80.0272776040195,0.055937776057199746,0.1005933561652203,0.08103070995045258,0.18945596754426886,0.21391423308399565,0.15473350948428627,0.32410712040050893,0.26050982399142,260.43536885450635,7.655205179964666,0.24976003262386065,banded_iron_formation,0,T0410,2026-01-15
S001195,21.227103957893178,79.7075508285847,0.09191594406710199,0.08053565610267155,0.1038164254372985,0.25643204583416396,0.1636360250755354,0.16069005329220015,0.28260448360554363,0.10093174383386955,208.62689295201926,3.297971223209486,-0.17570724758896122,banded_iron_formation,0,T0404,2026-01-15
S001331,21.434279859359187,79.92319754489388,0.08658527168819717,0.1328012247673859,0.1269690412168895,0.2865267954922904,0.23593387501318983,0.11081845317745473,0.30753171140182056,0.03749595578104914,239.15986736500943,2.2240353953825056,0.10735769852765639,banded_iron_formation,0,T0808,2026-01-15
S001114,21.38404360175585,79.71869212018822,0.10501618643557051,0.12105496495757266,0.09249501705173656,0.36245747536029377,0.2527719805489059,0.152317571390934,0.31697202014381987,0.15526416868843088,199.63800542244724,0.0,-0.34002191408744514,alluvium,0,T0704,2026-01-15
S001438,21.26290697445133,79.74020030683029,0.09862426982382066,0.08281898023312992,0.13525891641071244,0.30768813010054746,0.19494258479891818,0.13897706086237857,0.44218339933999284,0.1312246989070049,375.0643499784438,8.565515088899234,0.26259192847804,banded_iron_formation,0,T0504,2026-01-15
S000118,21.276456759775076,80.24984904317705,0.06475341628761279,0.09818804502222045,0.1184896713773954,0.22994792485797827,0.21171220554150239,0.1596861466279048,0.4015811975658391,0.18150094153216517,252.75812706849848,8.219465394164281,0.07418673921975111,banded_iron_formation,0,T0514,2026-01-15
S100281,21.108899045757916,80.1406972736853,0.07914633807545048,0.1146581711487507,0.11812029134430757,0.25035381226787784,0.17707878916714798,0.2558795253514531,0.24343470587978333,0.012317865799689416,359.6265539929062,10.16293271146729,-0.9106751709623192,banded_iron_formation,1,T0212,2026-01-15
S001287,21.568072116908795,80.06244445364042,0.07888022821663514,0.11221382236448789,0.07348296896131383,0.23350636161127353,0.1709913681641464,0.17663858342320854,0.4231721907259147,0.04036692603556659,267.63928327739006,6.166114190887058,0.5665954894209453,gondite,0,T1111,2026-01-15
S001196,21.519144210042903,80.05288574365558,0.08197289162956004,0.0787856617374175,0.1042288416207046,0.2044013303506385,0.1565909650280334,0.2368725430667495,0.37508316652845347,0.15879574318283107,276.48385818339494,0.0,-0.2761737974141758,granite_gneiss,0,T1011,2026-01-15
S001369,21.007347399474494,79.83552267943811,0.07023576670808847,0.08717782599579157,0.0900465629629919,0.32307860630634,0.19625553526562015,0.14680862831689062,0.37639872737416263,0.2071381730211034,182.82981441228722,5.7660038608164985,0.3462599204296833,gondite,0,T0006,2026-01-15
S100210,21.416557461385732,79.77076518663786,0.05723346546078115,0.10131065161660102,0.10127357449909413,0.22563587424706716,0.2450779736172543,0.25635246721588467,0.16972122158905684,0.08724905617170069,366.19141358332126,9.338645122931055,0.4771741645458487,gondite,1,T0805,2026-01-15
S100297,21.481215528164157,79.73915492089512,0.0754494116927356,0.11271686676531865,0.0963248180587961,0.3808410448885836,0.30594912703681093,0.21206743861825889,0.2551192823511116,0.0598993631338381,336.3717510815464,15.199562264516505,0.25054271631123287,laterite,1,T0904,2026-01-15
S001524,21.39639528907028,80.09428977667942,0.07762542618633601,0.06369930217627562,0.1125802049526197,0.2722170453460429,0.26376120906473066,0.13912464661401305,0.44589211785065425,0.1252328906764233,361.0491200225146,4.045362876077011,0.21538353964011345,gondite,0,T0711,2026-01-15
S001473,21.236427717900092,79.79830037723302,0.12109785842226256,0.1053604007631887,0.08036029837747642,0.2643095503698346,0.1704743447880005,0.17399659965810838,0.4320006255119663,-0.013226853092548563,317.7640967237239,5.013217736335093,-0.20724874508151298,laterite,0,T0405,2026-01-15
S000291,21.575965451606642,79.6122888011654,0.08293829527851763,0.10239262998211732,0.13916273869845447,0.26226252666447925,0.2563572145665517,0.1308207997278396,0.37356502750622483,0.022500812564252293,349.8997164357711,7.6309268886106825,0.25689670619261634,laterite,0,T1102,2026-01-15
S000873,21.491306330965465,79.79835131047058,0.08779703479071112,0.08029668023184189,0.08819839415485346,0.23566660861889635,0.2065065890230557,0.16791809971745444,0.23354968060767214,0.17570420450867422,217.75222108919735,2.817217974341583,-0.07871843599712074,alluvium,0,T0905,2026-01-15
S001142,21.022400851706497,79.90721957460387,0.08070011512304677,0.06802938548468156,0.11012603211537442,0.24944616606548678,0.15536154332302313,0.18955250179817418,0.47760910870379136,0.00011231182381682414,312.2365607173691,2.5140583411275794,0.8780371610743706,laterite,0,T0008,2026-01-15
S001571,21.073896351523732,79.58761978342565,0.0966953923745621,0.08592996875097765,0.1267253871465651,0.30488799204461337,0.17476492471422395,0.17257027933621222,0.24004048202871753,0.14233648236685767,396.2828858251895,0.0,0.8309158995715927,granite_gneiss,0,T0101,2026-01-15
S000556,21.10398525593755,79.81430559651632,0.1033699595086541,0.10880212984226639,0.08517811420816869,0.24796270400342238,0.21009442012964225,0.1330438010061125,0.3487161900733321,0.23048681227057505,300.7887660181138,9.82714042893726,0.2821234498425892,granite_gneiss,0,T0206,2026-01-15
S000633,21.031896703040836,80.11547236073727,0.054155203931164096,0.07219688363212805,0.1130494972881003,0.25880156189146936,0.23442436000229636,0.1479167011872327,0.333604204562156,0.20114596240684826,391.79360991353457,2.32846740084963,0.18728744128180486,gondite,0,T0012,2026-01-15
S000069,21.58453249970119,79.62986129707011,0.08937636832980835,0.09080785489059157,0.06722149257194154,0.1965207779834212,0.19807690148514345,0.16322189723159095,0.2989256634185156,0.2052506064560826,266.850385613335,8.224319565122471,-0.01992986655513631,banded_iron_formation,0,T1102,2026-01-15
S001010,21.574133160189717,79.66038615190402,0.09600101341047326,0.07736814267756555,0.0840703350655599,0.22006583918240807,0.2903583248252829,0.1927089764941824,0.40649989774058565,0.3379063624757435,294.497538531043,6.628448274162432,-0.09354408987515178,laterite,0,T1103,2026-01-15
S100239,21.06548639805944,79.99628616772644,0.07058356684448928,0.12212012583005573,0.13965832412923523,0.24097731915725584,0.34157014438536243,0.23324076077589848,0.22483747584938946,-0.054447408483109444,235.71250714338035,19.12761871096871,-0.2926892509865217,banded_iron_formation,1,T0109,2026-01-15
S000519,21.136529321291693,80.2308341186824,0.03457245823199027,0.12466896307872302,0.06921428003429486,0.21528734735047628,0.19407393418823024,0.1331228379721431,0.32956908705165855,0.17974196371310375,183.32436772027995,5.341530238815258,-0.5213267911483569,laterite,0,T0214,2026-01-15
S000260,21.05159938298097,79.97976127923862,0.0780374252232809,0.08059146870519457,0.13850945728885558,0.2204995208234878,0.1967689241920112,0.1825907801750149,0.20991073108115219,0.1549836933117648,177.08048641247314,8.12161438995353,-0.2534240274176629,laterite,0,T0109,2026-01-15
S100256,21.489941258054348,80.09998683034821,0.06955523040914986,0.07174717954797558,0.14463958806530045,0.25316860191216556,0.31089333604513314,0.22211768726252015,0.05324782760092206,-0.027009488760701417,272.6008187679438,12.161362327138816,0.32378705153084286,banded_iron_formation,1,T0911,2026-01-15
S000251,21.43294754657931,79.5218267410111,0.09099739968981793,0.1037032587946803,0.10323394783197556,0.3234860594528818,0.22578161150533113,0.15924643993569995,0.2781834080819799,0.1866959800011315,204.46819224195477,3.6826037630535406,-0.38762882987874825,laterite,0,T0800,2026-01-15
S000184,21.255249284866228,79.97631422355462,0.0645306841436142,0.0959057398972501,0.10111482025515184,0.2736523665085129,0.23717953986456586,0.22474595367926237,0.3568199017087549,0.02117118124351622,108.373636150506,6.1387042611935945,0.41953856823220204,laterite,0,T0509,2026-01-15
S000411,21.364007109154784,80.27844852281396,0.05559572649130963,0.09039224211891442,0.08431227028329753,0.25489594766886,0.23019459540987144,0.13150247802762538,0.323776015998733,0.19240675607959834,271.71335879421144,3.0577715345505947,0.3239775746653179,granite_gneiss,0,T0715,2026-01-15
S001059,21.43682054482702,79.66548188936122,0.06382609369189135,0.082718820501331,0.09050088401892967,0.23328683072623196,0.2643535800546572,0.13286071855457415,0.33275108040404827,0.0894602213903416,229.38723596562957,2.332974609666267,-0.3251825886859318,banded_iron_formation,0,T0803,2026-01-15
S000681,21.49820810436814,79.79553942780359,0.09496867397675689,0.10448174024457724,0.09931526365513768,0.23542039354338318,0.22758304271689903,0.2060557787924181,0.3970005272191382,0.1398139549365949,242.4634408862984,5.0939346667290994,-0.14371384744698024,granite_gneiss,0,T0905,2026-01-15
S001429,21.228590750341144,79.91531886926848,0.08749990307215431,0.09502008114040873,0.10191282933194686,0.17187366130124093,0.20634358292695673,0.17564529810993681,0.35500267302670163,0.08149985213945315,270.3265366177576,4.772886891445025,0.40824389217205304,gondite,0,T0408,2026-01-15
S000399,21.54914746561823,79.83393266015885,0.08923609812078362,0.12790150725576732,0.0696411262532903,0.3056870816454608,0.2081448025426251,0.10888936686589265,0.3366890988323097,0.08695303139636193,312.7047192688844,9.407037045317107,0.67700453430113,laterite,0,T1006,2026-01-15
S000022,21.536573561688446,80.1066046256039,0.08614654673202099,0.1261365256959255,0.11576759387008072,0.22603592581437937,0.19270153107055235,0.1472895336579319,0.23791586047542324,0.1333877350253408,357.55734462036065,0.0,-0.8998721658826982,alluvium,0,T1012,2026-01-15
S000743,21.11708653232299,79.96691253986785,0.09243426126645121,0.07435580874112957,0.12295986071627933,0.2822429279458885,0.16382229428637546,0.16309811141291816,0.42350771907315987,0.1885289232783905,369.50588222840815,0.0,0.15786768271297405,gondite,0,T0209,2026-01-15
S000613,21.228451784816777,79.78041651591785,0.09110881735818821,0.09992681620995339,0.13642099989695364,0.35716650844776665,0.23703429462346204,0.1623655322725516,0.28872432479786464,0.04184083664218509,235.94466059341264,1.4418208824558385,-0.638235525784827,granite_gneiss,0,T0405,2026-01-15
S100352,21.338970366883466,80.1517107544943,0.07587108483178921,0.1081950243924658,0.10697407747279711,0.24042005457653015,0.25824352901642134,0.24342043269777333,0.20540001258797908,0.20873509427294784,326.45205080321807,9.846855136682388,0.11533615119031285,gondite,1,T0613,2026-01-15
S001245,21.030964598983356,80.07576955809385,0.08697677527138484,0.0819089814378824,0.12269434489133255,0.2282726053182781,0.2938535064808003,0.1258845955360861,0.23364307724776243,0.017994185186150008,291.9861600793476,3.77808102704958,0.5466185911773469,granite_gneiss,0,T0011,2026-01-15
S001465,21.415785126119545,79.66705514742834,0.029853699776767204,0.06742364208121276,0.08917170984916535,0.2863132038103797,0.22688848603405218,0.13533818924681232,0.37648157798428006,0.1380320097676945,261.53867407366226,2.7320342219815967,-0.5806698584563564,granite_gneiss,0,T0803,2026-01-15
S000676,21.45616517081181,80.07115543873118,0.09954861001432677,0.0664442080889764,0.11168274202110429,0.259306500090712,0.2741239547906712,0.15256899165752694,0.3171322455920628,0.15720191550584794,273.23367678722275,2.7033636156545082,0.2664336039870164,gondite,0,T0911,2026-01-15
S000747,21.092981395889936,80.05863711567056,0.09861557488649327,0.09923788084302378,0.09980464107009986,0.2540483555073016,0.29636560911784243,0.13918583341698954,0.304415166054176,0.14996293405458944,372.2623360478285,5.59167735963659,-0.29353510165197183,alluvium,0,T0111,2026-01-15
S000134,21.39047937691073,79.7880425019953,0.07349753699215346,0.09987877541583498,0.08556793358276735,0.21229885768210904,0.23721193007163185,0.17099659826699928,0.3193075245557864,0.09452299286948855,340.44218517361685,12.135427351602987,0.9318111885786535,banded_iron_formation,0,T0705,2026-01-15
S000033,21.1810615791117,79.6264814311549,0.09380649794227636,0.12237230585726358,0.06340796605995724,0.2560156957209462,0.2292190064911817,0.20213579613286792,0.45531519582833563,0.07245543863412146,288.7760151699917,8.736275568663608,-0.12003203269920255,banded_iron_formation,0,T0302,2026-01-15
S001186,21.571219019131938,80.20938772173294,0.04966899816524893,0.06897346601201136,0.10788125146769462,0.2577512738832152,0.21780039962400483,0.1524849019203049,0.4038538937725086,0.12093288716588488,232.3076805422172,4.531993794112145,-1.0369353724117276,alluvium,0,T1114,2026-01-15
S000104,21.48014906616532,80.04477301268375,0.06999972959499406,0.12582280769736298,0.08444587746338057,0.2699339947395091,0.23521132502363412,0.18551101849436272,0.37099107492245825,0.11843341179835969,234.23339986301283,3.4197575459525296,0.44824431183694213,banded_iron_formation,0,T0910,2026-01-15
S000526,21.35446424918252,80.16314478518997,0.09587843158012894,0.13011411189625918,0.12101716793830798,0.21600247436721765,0.2233800351150074,0.19837489497089572,0.23995958772690906,0.025347346323962697,352.28458500396675,4.31079458084727,0.38955509272833505,banded_iron_formation,0,T0713,2026-01-15
S000833,21.185317652949156,79.97999904684775,0.09616048025623897,0.1264244156638438,0.09588378884837423,0.32767677877154056,0.2861385291169327,0.14777444072586965,0.3755074432112364,0.09910115800992464,298.01365931464017,1.4991346869591649,0.46662838411512936,alluvium,0,T0309,2026-01-15
S000006,21.131702490569005,79.87174913415558,0.07766568293328674,0.09595123651085974,0.12131336138061237,0.24389003144616708,0.1539093330696833,0.1755692138748282,0.2641544538350148,0.08564968308028183,277.59556752717293,0.0,0.6728061432071291,granite_gneiss,0,T0207,2026-01-15
S001533,21.254535970219944,79.77559697499649,0.0721234716251019,0.09827102689171956,0.10530713011597016,0.33432216416028954,0.2050697533635256,0.17287608529438708,0.27771321356078704,0.12475105423760022,243.44990730749666,6.044221576240352,-0.8903269885573402,granite_gneiss,0,T0505,2026-01-15
S001513,21.231620120171577,79.75715210638765,0.045031981354733526,0.06492346310822701,0.12720785843113314,0.22644557582064936,0.2427611868412564,0.11167481725523656,0.3229916999458818,0.2098830814718604,294.73230308639324,3.5961403137240957,0.614460557618517,alluvium,0,T0405,2026-01-15
S000384,21.060685927996563,79.94678493872468,0.09417144937345524,0.12253863833320155,0.1292302063471592,0.27712355497163654,0.17556898308324556,0.14997622926598944,0.3029628770603121,0.16345196402632617,234.09503821841136,8.996436601261447,0.6133334883183708,alluvium,0,T0108,2026-01-15
S000169,21.350096130881745,80.06539886687807,0.061246769813054894,0.12247433723683501,0.1204989739812995,0.17657978591431558,0.20658734567874287,0.21494377095579398,0.2724273909305877,0.057662198127318764,247.21236312828256,9.453637367468685,-0.15603840903437874,laterite,0,T0711,2026-01-15
S000442,21.116461015409268,79.63892076423333,0.08484178177092683,0.07797139900956485,0.09123967701685637,0.2675611710517622,0.2062359596938827,0.16153571778348155,0.3804621547715523,0.1316960770733804,340.1506433226849,4.593117907404653,-0.4403145823759614,granite_gneiss,0,T0202,2026-01-15
S000863,21.28995748925305,80.17064937751383,0.08913184000388855,0.049012464591987395,0.08855193140672124,0.2608986830356476,0.19557177548061422,0.10621324873935001,0.3580626873448046,0.14729434751262402,265.5924847731101,6.761654750959185,-0.1348899823693649,alluvium,0,T0513,2026-01-15
S001618,21.05691721806671,79.63751343630162,0.048673807279303205,0.09059755684758264,0.07626974526160486,0.2735132503591417,0.2717067838314906,0.1579793674288952,0.37679808721830993,0.16986313030467293,246.48185265683978,3.917707499404531,-0.5249509360954682,banded_iron_formation,0,T0102,2026-01-15
S001545,21.192408156289513,79.75292918464166,0.04969478984163866,0.11276931235714087,0.11016270782939133,0.24969141568472278,0.16531356269914343,0.20923557194887607,0.25260185177103145,0.13580585004647347,319.6406926922939,0.0,0.6483492160555981,alluvium,0,T0305,2026-01-15
S001339,21.513187000724642,79.5209016929379,0.11087298634767256,0.0651695408586328,0.09167631493132111,0.20663945416766255,0.24944737133871658,0.16473308121352434,0.3093282890106555,0.18298055693310622,364.5350161072861,9.928078814304158,0.4000406688808661,granite_gneiss,0,T1000,2026-01-15
S001184,21.09406440488871,80.0242316922115,0.09072070382453142,0.10817798900958085,0.07710627031031936,0.2645171895582745,0.19047181044502307,0.17800982977946536,0.5128814569736921,0.13436990479142077,296.71838561882896,5.977862265540316,0.9760329350235549,granite_gneiss,0,T0110,2026-01-15
S000953,21.513694897495302,79.85023157307077,0.08638233825293622,0.08977409720720837,0.09094404331900464,0.1912891149830189,0.22149664702380295,0.21169626545898942,0.3779560978627312,0.1484110329043942,264.60234787274703,4.031456927282489,0.23719428737773687,gondite,0,T1007,2026-01-15
S100306,21.23105369766021,80.14594528478102,0.06182004610972565,0.0721232969593075,0.09947203091769613,0.2781859132888259,0.3618358591911459,0.19510544853377412,0.2649818297531595,-0.10930154826052267,235.58515006388828,13.110324282215288,-0.05426831634257834,granite_gneiss,1,T0412,2026-01-15
S001306,21.06545397820649,79.68167022503421,0.0731426458659664,0.10071921840659512,0.0410517386802465,0.14972060202489532,0.22142872367772612,0.14262424383297956,0.3694628372244315,0.15329386546324672,290.7197189618073,9.090841663275516,0.27511938531160235,alluvium,0,T0103,2026-01-15
S000502,21.035385462233975,80.23033046710573,0.07096091388148011,0.09112250914149746,0.0754180714894451,0.32404346657635474,0.21510770528268008,0.2013870953654118,0.2826672295117123,0.045854704878415364,286.8150989450848,6.249771768312267,-0.2698478834328802,laterite,0,T0014,2026-01-15
S001206,21.30552557384617,79.91995923658664,0.06927914362095547,0.10972286936554948,0.0821213512943765,0.26134274173841515,0.2768523375989761,0.1849193819807595,0.4437446944572023,0.13241215256944236,298.6467974097948,3.2703082239515764,1.009967634399746,granite_gneiss,0,T0608,2026-01-15
S000170,21.594838829331373,80.22443763874837,0.09681688801654093,0.09342606385391176,0.10833439639570144,0.3236148769771146,0.23530510657044976,0.20042160256648817,0.35002653002050826,0.23701620253185246,289.59260327813985,4.6334657921723865,0.015687553078303385,gondite,0,T1114,2026-01-15
S000294,21.230876780997423,79.63642938089396,0.0977013709329014,0.10526046643131182,0.10558489458330048,0.2765035904655123,0.25291391667588836,0.17881438913492703,0.24189986047229173,0.03623115938722246,370.14711509577376,0.6560864667538366,0.13393089233392166,banded_iron_formation,0,T0402,2026-01-15
S000899,21.52265151591582,79.86069861848019,0.08556240016533462,0.1400896337375019,0.13162397590716826,0.25379350789960115,0.20596345579668404,0.21685310944737704,0.43112712997678115,0.06093179994573707,256.82990967805245,11.0080649818009,0.38002032175987543,laterite,0,T1007,2026-01-15
S100233,21.357625531940624,79.97878175324618,0.05482387080631328,0.09431801989278435,0.13678402710304527,0.29209692051196684,0.2884437647658937,0.23568985984741986,0.24909585202743703,0.050579733697054895,288.1506903122212,13.83705827370151,0.5196845224592767,gondite,1,T0709,2026-01-15
S100120,21.35045878134764,79.82702648754295,0.0480010133183131,0.10567812002350947,0.12535548394985022,0.2440265905171401,0.350801717357077,0.23104030109483556,0.1511326657181144,0.12552153273208172,336.00417007859846,6.517925517405354,-0.44874648542733114,gondite,1,T0706,2026-01-15
S001337,21.159963424229506,80.08057557848028,0.07208981819894741,0.0964460996010666,0.09292100513415608,0.28373434871759157,0.24975243360999685,0.2341289166823366,0.27730532471117175,0.11831082644905669,328.6896245183993,5.389941251958853,0.8044027486534285,granite_gneiss,0,T0311,2026-01-15
S000589,21.118978807199973,79.80745907144457,0.0802609851466684,0.12368061099358178,0.12355195660317833,0.22111617251183763,0.22307988601486417,0.126951825378848,0.3283952261157572,0.17219493167281918,178.46550390829466,3.5505238617456847,0.6297943062161931,alluvium,0,T0206,2026-01-15
S000257,21.113367450277313,79.88616291935112,0.055326466820185945,0.11031765544252815,0.09141445529375505,0.2909005583502276,0.13992150398356268,0.18581400109434273,0.40992239928932583,0.14400871353724362,337.1605351036167,9.180170173045816,0.1303001515275806,alluvium,0,T0207,2026-01-15
S000818,21.022364932795824,79.94356775999253,0.08298623704283807,0.13049623516240116,0.07662369957387147,0.23273043341483213,0.1724024706552236,0.18240275257865093,0.23337612975377875,0.24380396303224086,339.2736328569068,4.89342525282718,-1.0333196314270356,gondite,0,T0008,2026-01-15
S100307,21.383737962742266,80.29899469605341,0.0883699814910077,0.08748751787197208,0.11019723303521241,0.2115601463230272,0.3096028605056832,0.21767683397103393,0.11664941854146481,0.09486935035764814,201.33505625797233,4.926737870554967,-0.39289813469138657,gondite,1,T0715,2026-01-15
S100135,21.013682322617818,79.93931550687974,0.07820538460176762,0.09303660418326651,0.11899051854437157,0.2597975690817787,0.3462536518759609,0.20954846946813036,0.11436088126743701,0.031737012389940505,286.72565566157317,0.0,-0.34227801208990033,banded_iron_formation,1,T0008,2026-01-15
S000194,21.051890517747232,79.7854339300266,0.06924277586660693,0.11067520366153391,0.1215290434177764,0.26495970157907955,0.13992196123806877,0.1698489653771349,0.22392613134504652,0.06490547092809226,338.0055299269891,3.737785246689924,-0.12600163773226566,laterite,0,T0105,2026-01-15
S001313,21.345009024941103,80.29125401072858,0.0738106029628732,0.10060378279020568,0.10400548800143973,0.26489448669652493,0.22126188920482795,0.2382755796159847,0.28211768685840577,0.18202073112861497,308.51937237272733,3.4537615324960207,0.4642880582815477,gondite,0,T0615,2026-01-15
S000223,21.122268582568037,79.54621121167585,0.056114389521783076,0.12670725158180296,0.09640729108172821,0.22745191129623102,0.19940490428990088,0.157650841515809,0.26595576031427803,0.15327034713489426,290.1541189594806,9.202786893596777,0.1358267014963807,alluvium,0,T0200,2026-01-15
S001280,21.577328313370565,80.07218626396381,0.09956346854015458,0.12358573957472224,0.10006436751075556,0.20829759481494003,0.20853147059214522,0.17329157321204178,0.22410895232783687,0.029413879176586874,230.55584982400683,6.576240356308143,0.04276628094721119,alluvium,0,T1111,2026-01-15
S000310,21.497991989390936,79.68219322894042,0.04208376556227687,0.07764709234771872,0.13959606111203335,0.20267880163059104,0.23273259625618897,0.1635021664751565,0.41400549223573707,0.08079192889553267,266.6615100963956,5.1147924363175745,0.22713972692725912,banded_iron_formation,0,T0903,2026-01-15
S000474,21.31899385708133,79.95523342172675,0.05648559983171285,0.1439048981791888,0.10683585926659472,0.2048882809372931,0.1458099957553235,0.1595131519086172,0.3895376095422796,0.13045360282388874,282.4855006031166,5.001367556313094,-0.46079181183514717,granite_gneiss,0,T0609,2026-01-15
S100109,21.541561437926305,79.90668219075755,0.03743660916028376,0.1217490924029693,0.0927796614418506,0.2210170468724837,0.2535239911360075,0.27354844368640413,0.2758253471200004,-0.06776285372537189,256.1316352324297,5.306080880266785,-0.8040929056057707,gondite,1,T1008,2026-01-15
S000804,21.59547522586501,80.02010447943843,0.08058765394027384,0.1270808577459858,0.12284709527017615,0.215189938075305,0.2532583767803626,0.18469953855325041,0.2761322886032292,0.17442835896683417,270.5798612336749,1.243307871615552,0.26702446975198035,alluvium,0,T1110,2026-01-15
S001599,21.233666944321573,80.2851178662657,0.06546706321401308,0.08887065356144232,0.0938524203902382,0.20329110722438076,0.247153198334162,0.15220669109661822,0.3052592944104201,0.07321897899289553,330.35712153961987,6.434193918280282,0.5802248189383586,banded_iron_formation,0,T0415,2026-01-15
S001104,21.544759873691156,79.52674265016952,0.0818240096355655,0.08466197373053111,0.11422375591347782,0.2908475797520461,0.16747236061897958,0.1711491546846076,0.4476597153863091,0.15732657558854046,304.1571207621454,10.915862937460606,0.8237596102487406,laterite,0,T1000,2026-01-15
S001368,21.50872760568629,79.70672672685384,0.08003204920496075,0.10541316467704455,0.06561083600357982,0.2605146909281135,0.2394289004594661,0.14901686684109092,0.28019231758290686,0.14196758808168397,294.7961885189522,9.250676558398794,0.15105866256780975,granite_gneiss,0,T1004,2026-01-15
S000882,21.469701332372583,79.75370481106975,0.0996205619627919,0.08151833660056361,0.1035941062261872,0.25604510927946683,0.2569039343795364,0.20041733884243307,0.42950136840450237,0.05534851600642489,162.79572845623755,4.424072200711361,0.21758433565752505,laterite,0,T0905,2026-01-15
S100211,21.348669965532544,80.17558309862974,0.07116616411654011,0.1023026273501562,0.10187137881445674,0.30531488956162933,0.2808588602096893,0.17602325514899386,0.2819595763092297,0.25399712538907937,206.4097303257137,20.06974356812904,0.24763647303429898,gondite,1,T0613,2026-01-15
S001407,21.030399977569722,79.93171684112107,0.09155702446656283,0.09656940705522608,0.05442180760251328,0.2420553517212432,0.26637889269673465,0.14236069539893922,0.32408071699750624,0.09679289912445269,224.59708755028936,3.9335287141185304,-0.40427076096933384,gondite,0,T0008,2026-01-15
S000760,21.156341589855288,80.12441067166101,0.08750984096863784,0.09652545412799368,0.10322021884301648,0.29122260311657094,0.20334068137512723,0.15825542124249645,0.36133030190495224,0.15826271835599515,263.52462441599414,0.5549829852049344,-0.29325839467406856,granite_gneiss,0,T0312,2026-01-15
S000319,21.16232377721125,80.10539984996075,0.09749908512628494,0.07245987404522547,0.09017859575157947,0.19141273546317444,0.18023635292184326,0.14768171908954872,0.4135700649851194,0.1071885714236905,168.86504284477047,6.118829633539852,-0.3469382495323555,alluvium,0,T0312,2026-01-15
S001590,21.443936778738916,80.03973534500462,0.05385280827689504,0.07948326476560708,0.11262438547140503,0.2286113486235916,0.24516468441255881,0.24008158215270312,0.3239091912236035,0.1025739682160699,308.71861987970703,6.197413561479504,-0.23290892764826926,laterite,0,T0810,2026-01-15
S001478,21.439295459700435,80.25509434380159,0.07888227894206488,0.11685841490553807,0.08930004056487614,0.22317003571462501,0.1899143719716724,0.17748221393961888,0.22420196689652475,0.10585993258987458,303.6742534927696,0.0,0.6280103686900248,banded_iron_formation,0,T0815,2026-01-15
S000051,21.00256968637976,79.65207388765842,0.08800921592702149,0.1276929024617218,0.053374065395583245,0.2691947392536314,0.246307769578476,0.18570126042994808,0.4009721932248389,0.17645759028664654,223.87281124212126,8.924079707438882,-0.08962432142809161,alluvium,0,T0003,2026-01-15
S000964,21.03981248685396,80.02394826147388,0.0791137512915583,0.12639547093930945,0.0956573381569498,0.20781994370455625,0.17434497698068488,0.19627450086419357,0.24317860218576112,0.2514035319194747,322.28647015630173,5.35854829960675,0.3364192562983601,alluvium,0,T0010,2026-01-15
S000422,21.402552816332378,79.63036579662985,0.08764025081409177,0.08562754801570695,0.0816661127224512,0.20978566439205235,0.2672428667283888,0.21892793910152736,0.28484068097108733,0.257890765458982,145.40528403386435,8.585314194971785,-0.12619396385298365,banded_iron_formation,0,T0802,2026-01-15
S000985,21.22959330228848,79.71377373054547,0.037416420565905266,0.0676644649227148,0.08708921907280821,0.2179263714872531,0.21970464034833231,0.17921157701760096,0.26724705570468965,0.11030881314429072,153.70090324972466,6.252367738699045,-0.14680619339877524,granite_gneiss,0,T0404,2026-01-15
S000514,21.234869198152104,80.0749267421961,0.05975000158901029,0.08652367857437324,0.11744724183226618,0.23969530245926082,0.1911525624422529,0.15010527036294224,0.32136517966418837,0.19437670532466703,337.2815503633772,8.569005907898312,0.04672509477187646,laterite,0,T0411,2026-01-15
S001292,21.526817563611946,80.06770199293102,0.06628392586201688,0.0895590887946833,0.08861187515607115,0.22579926587053806,0.2065683820039449,0.15050167268120662,0.4157550238596534,0.08659428444073144,274.58526487062466,5.288257409958188,0.3237131389552342,banded_iron_formation,0,T1011,2026-01-15
S000918,21.317214522061253,79.51904390226908,0.08561164556793283,0.10538411597046375,0.0759744297542256,0.30452884956405657,0.19602716756699312,0.10884535998024183,0.10044200609055914,0.08499416526543753,281.13938610072324,0.0,-0.4223630911617085,laterite,0,T0600,2026-01-15
S000425,21.03860938930496,79.71669049383628,0.08790415698031703,0.07388952193660649,0.10310500650081948,0.20391603356522878,0.19772844782164656,0.18264045446117244,0.39239124396799313,0.12749076033581508,331.2482670386428,5.9369187657846805,-0.44041849891703905,laterite,0,T0004,2026-01-15
S001458,21.287411074388356,79.71437349956544,0.0622632906127381,0.11113538056561814,0.07257322616115386,0.25859371904223316,0.22436737244084684,0.11780706233889639,0.42174620591194256,0.13270523791199879,300.5359254863189,5.293116290645808,-0.7805063612906552,gondite,0,T0504,2026-01-15
S000838,21.416629808252132,80.21785741530984,0.07845045570912898,0.09572448878910356,0.09678076193609987,0.26830815832192617,0.22903171802715866,0.13820530981898063,0.41650730960866295,0.20535358545952276,325.6749247808116,4.32798232780429,-0.05156136282370215,laterite,0,T0814,2026-01-15
S000447,21.51763608795776,79.98114854078351,0.08778029389426985,0.08859975135345742,0.13916747111452488,0.30867873991908534,0.1748087592367549,0.16636973445707545,0.23799181774258765,0.22627653685658555,288.68727325625446,8.793117496874807,0.6188190048101879,laterite,0,T1009,2026-01-15
S000352,21.34385768480491,79.68390998763712,0.1171635523387642,0.12073541574082008,0.11006041441107095,0.25753855040834917,0.24610883190202115,0.11114116936731991,0.27296688900273414,0.15065357025135276,334.90424525008535,6.556345964938416,0.7435147571721116,laterite,0,T0603,2026-01-15
S001630,21.479237243537092,79.93786224977416,0.081107886953154,0.11565321754360422,0.09786345528150801,0.24514758679004975,0.1551218939704509,0.17085564139021361,0.4607284677204739,0.2833604490434173,291.66628420321194,2.689356742533268,-0.272726578264446,alluvium,0,T0908,2026-01-15
S001299,21.01351130519715,79.62527683961645,0.08620507454526989,0.08599185647471762,0.11145097246911649,0.23937877156880263,0.20649803018495763,0.15604984720592546,0.2832921045995194,0.13537703201828588,208.69923543294317,6.464067683074328,-0.6936458121972253,banded_iron_formation,0,T0002,2026-01-15
S000830,21.327631347645262,79.73942269769766,0.08060193905219776,0.12757540678298337,0.09975435393388031,0.2610600027295479,0.21791270919229672,0.14794010011347053,0.36300727847320463,0.2711354786146999,364.62507811698026,5.92911212501749,-0.45916887387052313,laterite,0,T0604,2026-01-15
S000865,21.412696097625737,80.06157031069884,0.04875977769341573,0.07834036053590501,0.12319106216637085,0.2412972968061169,0.2081847033803277,0.11418098378719477,0.4270512778540042,0.08289577920305201,252.14679764667957,4.48033128008397,-0.2919500367445017,granite_gneiss,0,T0811,2026-01-15
S000242,21.496935016388594,79.50103195556505,0.11693042289789565,0.12756555831671873,0.051310538342609305,0.2766040278088495,0.3085787040657809,0.11633851337767806,0.3515974333228815,0.09420268961079475,157.24754618450658,3.5794172206197157,-0.08083382789347357,laterite,0,T0900,2026-01-15
S100270,21.033237245498555,80.2397613337759,0.09497627771964955,0.11221484311592389,0.12563617097367102,0.21627469367953003,0.36494348711891544,0.2230693100142658,0.36689806717840157,-0.06305356234093515,364.21019185520305,4.360642856932139,-0.5987941445170786,banded_iron_formation,1,T0014,2026-01-15
S001024,21.482825153148713,80.07030388533376,0.05474332540431073,0.0685663398244269,0.09175544794524666,0.290184434722382,0.2620757096031868,0.17572178117034531,0.41320088788894654,0.139812438534613,274.2680734597816,9.506670491167334,-0.17158135036662325,laterite,0,T0911,2026-01-15
S100231,21.251468591589784,79.8585658626055,0.07982132264216059,0.08697251419864896,0.0868080632334719,0.26444791536215984,0.332364699535424,0.24810906986767606,0.17202004407049082,-0.07356542207119945,338.23024553825377,9.600324521380097,0.05746695579050637,gondite,1,T0507,2026-01-15
S100049,21.083851490165586,80.29928378437938,0.06675510361350814,0.09259258780677787,0.08294544276619444,0.2232664652658119,0.32309330967138716,0.21636914752660072,0.1675156050687226,0.15270268754963295,330.21061659151593,10.340169470149652,-0.08748401835708906,banded_iron_formation,1,T0115,2026-01-15
S000102,21.115784665060705,80.0188557066915,0.08220195190429122,0.12023102878157314,0.1027242907973563,0.21101700114338956,0.24082633569607173,0.12894762384274355,0.27185521891079,0.05782269683607455,206.3289921691952,10.565381591945947,0.8766764963049125,alluvium,0,T0210,2026-01-15
S000745,21.173649680133614,79.93614291412781,0.05556323911506972,0.10600077238118336,0.07805119010117906,0.2676580393553841,0.2005456273129504,0.13441161135275412,0.36492384446831827,0.15597465523328416,262.8094566773085,6.535543217629437,-0.28536086615556133,laterite,0,T0308,2026-01-15
S000495,21.18706287526675,80.16133377710165,0.09042817449827067,0.07400805895643559,0.07959381341752354,0.2350467186336076,0.23230454169506543,0.17995189255072616,0.23704059382798204,0.10462058381460268,233.27763821767152,11.916612914745407,-0.272850060974559,alluvium,0,T0313,2026-01-15
S000333,21.038120008977202,79.50819628830678,0.09157908861158806,0.11526859215153203,0.10073015545533338,0.24515407434821349,0.22787029020453753,0.224147095353247,0.3342856862395063,0.029153173534544982,254.35951871831156,9.206888360781985,-0.13095604896025304,granite_gneiss,0,T0000,2026-01-15
S001191,21.423893831160413,79.70508107401908,0.10565837468413727,0.11177517194919037,0.060913542007412766,0.3103595289524709,0.20238461362418936,0.11768034695386087,0.36735429483335885,0.10549438187699005,249.058353463326,4.462603216673496,0.6538163537573073,laterite,0,T0804,2026-01-15
S001512,21.476329611753098,80.24055781341566,0.07210623232458309,0.07650731046173251,0.094065185436691,0.24980570493573473,0.21774628384902334,0.13787394168373507,0.4061713481843325,0.09710019785730428,240.25179408327386,2.949659477889573,-0.02684722360138469,gondite,0,T0914,2026-01-15
S000166,21.517598475451855,79.95912263485747,0.08051485351765147,0.0732310944450067,0.11287272001207482,0.21522465006178843,0.2084898438740313,0.1849905558886374,0.2668579496614748,0.15467348850310195,311.7669493749773,5.0611295165953045,-0.7331892277057351,granite_gneiss,0,T1009,2026-01-15
S100173,21.56162614202938,80.01271090766893,0.08757278647676071,0.0806997455044098,0.1065405796454507,0.26745117812931457,0.2769696590224714,0.23741867858340956,0.12437128205615178,-0.10499311597301021,279.36354895944334,6.970397694398299,-0.08997004394165305,gondite,1,T1110,2026-01-15
S000360,21.52831498581559,79.75370213964523,0.07976260938644003,0.15362144254759807,0.10555630164462523,0.166523001999344,0.2071304805355141,0.1539294963775896,0.2881444433888988,0.34804534135459514,272.44858343796557,0.2039276344065657,0.19769304244818994,granite_gneiss,0,T1005,2026-01-15
S000054,21.394735068843598,80.02659224464888,0.0952301066481349,0.07332902772872675,0.0952954153494007,0.19715560228242499,0.24000198257353866,0.14104843896403113,0.45216648497493095,0.20519139852046633,415.6818894875242,1.945115315230458,-0.25245228147589566,alluvium,0,T0710,2026-01-15
S100237,21.470858069551312,80.00701581845541,0.08458920728916859,0.1012795542273771,0.11558687853517434,0.27133008084855054,0.29448471244231056,0.20115040043834762,0.05887179241077681,-0.11898754957217263,346.0405894070064,7.590939860200923,-0.8673057484685976,banded_iron_formation,1,T0910,2026-01-15
S001112,21.502900220465637,80.27641333100168,0.09171243971797861,0.09810259671791485,0.11516966233922088,0.26622526619708914,0.21047120923349613,0.09087316777675622,0.40054900141792243,0.12930856117476391,320.55711765694247,0.0,-0.0068162829649038486,laterite,0,T1015,2026-01-15
S000975,21.11866027299496,79.8662737547947,0.07798042566621234,0.08828423566385396,0.07606413526447277,0.26032860681959946,0.24270720160197437,0.11320704466879868,0.32373407611897065,0.23379947957690084,177.63041407754983,9.77657557015837,0.7124228104073952,laterite,0,T0207,2026-01-15
S000703,21.47509790591681,79.97846404728945,0.11438730226732567,0.08742880732082156,0.07859991626336896,0.15354906306567517,0.2003713695717454,0.09847981604653414,0.3555884392089721,0.13289496408267362,339.8240732158758,4.307335190670238,0.9368108913488735,laterite,0,T0909,2026-01-15
S100023,21.53587267279332,79.88349565129963,0.08129179313886443,0.11231170575722577,0.10400685155404711,0.2477818650076834,0.3134499298540948,0.27558594924815716,0.33561007655412267,0.09582616699134502,338.0931384087742,7.542490828427033,0.45262970074697734,gondite,1,T1007,2026-01-15
S001406,21.422783111358093,79.97382281985762,0.0414143054204355,0.10200205007968717,0.06346566907826184,0.2544341040829252,0.19325452054744394,0.15458704413793461,0.29181433498571546,0.1465172096683617,424.92676970862345,8.001488961123295,-0.05835463444246091,granite_gneiss,0,T0809,2026-01-15
S100063,21.458999314449617,79.54132633361152,0.056017657477095396,0.0937391542814759,0.14453881752871878,0.2978651147594804,0.31628519212833106,0.19579761245663224,0.324285205424647,-0.04989954815303689,267.43340454632255,17.043704449602057,-0.8674880410227164,banded_iron_formation,1,T0900,2026-01-15
S100289,21.06100314174223,79.52368583130288,0.0694698660696777,0.12881625196008528,0.12183052878477722,0.24519659019725024,0.3417796757620227,0.20842483676165136,0.2529577265701403,-0.03743419794746369,341.987068794293,13.4398785724228,-0.2137821822960624,banded_iron_formation,1,T0100,2026-01-15
S100188,21.448073766809415,80.10426413823579,0.08714257352542643,0.07905816558467091,0.13515553521872373,0.2718848922175736,0.3354730531519681,0.19565199846423678,0.22692044335371694,-0.0010704035894952557,280.7622119817847,9.223757400529603,0.24259911573885354,gondite,1,T0812,2026-01-15
S000341,21.084836056846658,79.9545516468549,0.07747671903901968,0.08070409979464865,0.07295654571351565,0.2684427611022222,0.1901918767000754,0.10419942514706768,0.36719129974027703,0.05724227290133685,304.49142816521044,11.023776495915929,0.8041029637228406,alluvium,0,T0109,2026-01-15
S001454,21.49244147185499,79.74846430606185,0.06989288507696194,0.0813034757267111,0.09761571041165275,0.20811096207286103,0.2679113795796388,0.13907809972939614,0.22087844536448464,0.2007554448204213,292.363570911166,3.592968141245673,-0.1535747243989562,banded_iron_formation,0,T0904,2026-01-15
S000777,21.47869471429598,80.28090142333006,0.08053448671694526,0.10164973678505794,0.09751019627653831,0.24313856684093535,0.19793162812553183,0.1436943227171557,0.2085206507552758,0.12128358489222471,253.11245501771728,3.6728605776000824,-0.25617510851945263,alluvium,0,T0915,2026-01-15
S100354,21.27959109178874,80.13007186898346,0.07163463219272381,0.08347313646342183,0.1279034628563097,0.21166163577218944,0.27578202048512135,0.19321803372285976,0.10721444568417518,0.05492933891291023,366.35238845496565,7.879725492476498,0.03769977157303113,granite_gneiss,1,T0512,2026-01-15
S000056,21.00192461441111,79.89191023359459,0.0934994749789751,0.09628757598123049,0.09878007778452733,0.2714279659720947,0.22965237097524943,0.19947761635578215,0.2537344536503618,0.20103421534332627,383.23031287633665,11.365068822656522,0.5490637337017175,granite_gneiss,0,T0007,2026-01-15
S000885,21.421943638143684,79.67795633391334,0.04647951831858215,0.10022417718959031,0.13055158351710125,0.20442628545749697,0.23125888688279617,0.1834935164360061,0.4100252471453543,0.1225931209443804,272.7330431746372,10.352716667433565,0.5878001691154257,alluvium,0,T0803,2026-01-15
S000570,21.074334365573016,80.0139046013725,0.06275852045460298,0.14939133593454373,0.10481328176114088,0.19984920466629363,0.2372674050794001,0.1379543186756897,0.5018315385914089,0.22467760511312632,285.6117570365925,7.1992551214852885,0.7003946276556517,gondite,0,T0110,2026-01-15
S100196,21.359629674912508,79.73364746425162,0.0776194298679975,0.11649875779228205,0.13518770417661485,0.27930558265861966,0.29832321155030683,0.18991664331162655,0.13989668537947647,0.12928828743637122,281.5705956886744,14.031115803477771,-0.11079808499905135,gondite,1,T0704,2026-01-15
S000219,21.04164991886962,80.00335835106367,0.05268310959756199,0.07984169350490483,0.10376457409006454,0.21807303496982985,0.191610747191746,0.14841120772257682,0.3940785828756536,0.2767498164042863,209.5035946416324,3.569613486680915,-0.5717507036455481,gondite,0,T0010,2026-01-15
S000774,21.499947023280797,80.25723715563521,0.10016205720528289,0.0667629186649617,0.09609778378305933,0.19878713721457297,0.302629679900006,0.15455093038820228,0.2683820874583525,0.1219751941636669,181.95122514953366,4.645023453458874,0.4540911115858301,laterite,0,T0915,2026-01-15
S001453,21.575919214498338,80.14957385767079,0.09573852371128765,0.09491909161192173,0.11950883113473246,0.2613057095652063,0.2650727465099112,0.1268151439116104,0.213610789268998,0.19270123031905603,327.59358889335385,0.0,-0.14504462330075144,laterite,0,T1112,2026-01-15
S001574,21.140462053694936,79.63096244921509,0.10765420505323231,0.07169686121028164,0.1143799432773537,0.15013600819747797,0.23762190745377257,0.13393808309257976,0.2856310834934418,0.23033063252888109,299.6644019971145,10.125011333713529,-0.4264234562503737,banded_iron_formation,0,T0202,2026-01-15
S000073,21.32572457285719,80.21663559747702,0.11027675982659468,0.09566305029866455,0.07475237989942879,0.20613633373341755,0.2409550296636535,0.12354166762601464,0.3042000659215036,0.2380095230794086,264.35840847265314,0.23911562338303138,0.23013785608035708,granite_gneiss,0,T0614,2026-01-15
S100100,21.545148414424567,79.95793051996691,0.08454325596774932,0.11031916953535689,0.08836094965124201,0.2114104622795463,0.2847826895607195,0.2275734794377718,0.275208353981121,0.08491036087488063,329.4339706061716,9.93719344150759,0.4971752340621592,gondite,1,T1009,2026-01-15
S001294,21.204743282792823,80.01705298090314,0.06009943077808859,0.11261801394695319,0.0992134829963672,0.2513178889312374,0.2666315235724133,0.1682874688478164,0.3403059622899158,0.15754804032085984,229.40558052474694,8.206038166933237,0.6995136609283094,gondite,0,T0410,2026-01-15
S000034,21.59472001846575,79.82580155143279,0.04201933147123659,0.10953029326454361,0.1002173569088009,0.20683472834810274,0.25146859990046533,0.1648523629889981,0.3349667978645596,0.1740735293743089,258.10037879687735,2.8749072721900752,-0.4328748608945322,granite_gneiss,0,T1106,2026-01-15
S001578,21.2750910063752,80.16558581936208,0.09674772176841626,0.09948154495840358,0.13457641561932782,0.24562966667870498,0.24169615110825357,0.16833652099355112,0.23911141783832385,0.1209098278555342,220.53554283852057,0.9211276115334277,-0.08673334870885734,granite_gneiss,0,T0513,2026-01-15
S100220,21.180569215068566,79.89905356682519,0.08008265765309733,0.10750514956333472,0.09568687263056076,0.17635855330828618,0.36406285511581704,0.22259532372361884,0.21076008965608523,0.12924366018899247,302.6074630715078,5.120798419539705,-0.08810652948098793,gondite,1,T0307,2026-01-15
S001315,21.54653124185736,79.99221127027508,0.10035807630365041,0.09598652619749254,0.11000728415707595,0.32469380671724435,0.2319694009556805,0.1227430890317249,0.38741427018456864,0.16947330205536598,282.1301299283983,8.351151021283435,0.16771803339139701,alluvium,0,T1009,2026-01-15
S001137,21.422657420130047,80.03015059128262,0.10033468614478344,0.09188510192902549,0.08443420629459737,0.2829139639347834,0.26154356908178467,0.13329956864513617,0.4176662659053259,0.1275973571820802,258.41504690874393,5.481503388676172,0.4924925135555329,laterite,0,T0810,2026-01-15
S001424,21.51809515053793,80.03476889416376,0.0718753175021407,0.11225616361651851,0.07797593524347679,0.24293432845830867,0.25061530753902506,0.20397091169350284,0.2703286459300402,0.23947084491538903,224.05820389654303,0.0,-0.2580027818187396,granite_gneiss,0,T1010,2026-01-15
S100344,21.46957446277773,79.72659754660009,0.05275898338294696,0.11136888611189226,0.09006679046554239,0.24263548271531343,0.2586665001604388,0.24481757953421507,0.14673412181628498,0.11249990714260688,332.68318850289603,9.064517661104016,1.2469635028639947,gondite,1,T0904,2026-01-15
S000667,21.068510642438714,79.60736450136429,0.08286252167581835,0.1203988849572687,0.09921456763080451,0.2830140143960517,0.17720643459355648,0.22842801927738948,0.37212406859540265,0.17820635019400474,295.63341235027167,10.49945922283299,0.14827743064903248,granite_gneiss,0,T0102,2026-01-15
S000528,21.173244621143883,80.01694333488805,0.04771615388959648,0.10668694841893671,0.08163793067914822,0.2439884448792405,0.20670411405390932,0.17409462110840565,0.31157799771004635,0.25640859717959297,307.1447270828793,2.737310571199766,-0.034091873962922944,granite_gneiss,0,T0310,2026-01-15
S000990,21.232023218107305,79.59635119504921,0.07644011438239988,0.11242634056993044,0.10663432163722633,0.3659403727439149,0.2820488894554752,0.15767012381365386,0.3049418338443683,0.19798653485309758,337.39884339071284,3.6831451224951044,0.3086047668226353,laterite,0,T0401,2026-01-15
S000192,21.244131575948913,79.79179814423256,0.06815398374139767,0.09451775609530755,0.09293012379873437,0.2510731141675831,0.2987529405380393,0.18969156887715616,0.3552480118674075,0.18402315477874748,321.49552105643687,11.227925341962795,-0.10225963053371549,laterite,0,T0405,2026-01-15
S000383,21.35489260444776,79.98071298120671,0.10039697394520128,0.10566845029098518,0.10740051968896427,0.22388026410794848,0.1685306835047658,0.16087790264512636,0.4196630077481548,0.037297704424124264,259.8065070922386,6.524917194312203,0.32998409446010196,granite_gneiss,0,T0709,2026-01-15
S001181,21.509169297774385,79.83110339865307,0.0954004398179194,0.11273917607109614,0.11078119286426066,0.23075476117251115,0.23459477710429674,0.14523380115068552,0.3931217794116032,0.17699917401779947,452.07775206110205,4.0235195260668455,0.4746869150990117,laterite,0,T1006,2026-01-15
S000178,21.007354081119015,79.80610341838765,0.04510814336348838,0.09507840528346972,0.07039730940549216,0.22787070062503592,0.2394182862381784,0.15311262256569563,0.2030238122548653,0.12505183618241655,242.8648511484979,1.835036726967791,0.2000619161626206,granite_gneiss,0,T0006,2026-01-15
S000546,21.21701080501329,79.82200570071554,0.11386310178534273,0.10945689559718087,0.11473146839052925,0.33000172206464107,0.2533584211112228,0.13592964413740155,0.47982729978913563,0.05218293820555682,238.67021846897194,3.930659194480583,0.39087729875225036,laterite,0,T0406,2026-01-15
S001034,21.413602116352738,79.65609604436298,0.05337772310515864,0.12619012608665556,0.1373902932262502,0.16565878154945102,0.2601536780164597,0.18681093199625226,0.3745602898900396,0.0618677221542743,312.6235692873207,3.9983037662493564,-0.6702956240075416,laterite,0,T0803,2026-01-15
S100115,21.513968570455425,79.74376368300867,0.054618207702803755,0.06787486363409237,0.10733491595452811,0.25368708430107334,0.29806064398117377,0.22537515323802623,0.1250343658900504,-0.038760974179079796,363.49128029337203,13.917502870600417,-0.2718914021763617,banded_iron_formation,1,T1004,2026-01-15
S000469,21.38016227156512,80.12555622003703,0.09184415547165484,0.07294305499040085,0.10234303549694491,0.17674289424619927,0.29543486671041885,0.16461464817745,0.3029025515077625,0.16873894403563683,302.20298099592657,0.0,-0.40937146826043913,laterite,0,T0712,2026-01-15
S001577,21.073437081285707,79.7838348857915,0.08907733108679676,0.11287252538321765,0.08110650980136902,0.2886516711477117,0.2199710009683067,0.14923984885640193,0.36131498553753205,0.20975989229894368,225.9043916682812,3.282608698908281,0.9362738891119106,laterite,0,T0105,2026-01-15
S000448,21.195594627249374,80.15221256344425,0.0883922051956674,0.15845606618476063,0.09833812847628008,0.2753790375306953,0.2444884974180871,0.11978748743390448,0.3953470401591415,0.15711558742449158,300.2843036036364,9.767599376715378,-0.1070555111886226,laterite,0,T0313,2026-01-15
S000950,21.375505972426193,79.93193504848072,0.12163758726804083,0.09474548279488203,0.10123214530985895,0.2649001455447146,0.2366610281900295,0.1817719664499466,0.2436296485152677,0.19256108049289997,231.60738669895326,12.754102169361385,0.029056587066936028,alluvium,0,T0708,2026-01-15
S000644,21.480790395729517,80.111989743041,0.06367175845863575,0.09838337988763027,0.11081002623055583,0.24644639053810585,0.3480930361499015,0.18963176896424064,0.36999041810614347,0.1562231985350803,225.8161493323826,2.38766254684098,0.6376322693103119,gondite,0,T0912,2026-01-15
S100305,21.27767961935611,80.07411131811325,0.08540970772220398,0.11021415898427028,0.12035073803346116,0.29649852018727985,0.33394064421554015,0.25389911182322666,0.1997694842945735,0.009332786802796172,299.47082655607716,2.9112028992342864,0.7397951868254675,gondite,1,T0511,2026-01-15
S000740,21.495757749076528,80.27156296863448,0.051091233621388954,0.1332012146575262,0.07503981992842271,0.2209147817927222,0.2618109930066225,0.18393935856641652,0.4132066169956571,0.20632741996926202,273.5237322043956,0.9297783239260475,-0.15946345066476741,banded_iron_formation,0,T0915,2026-01-15
S000119,21.391838150591845,80.26563236298605,0.08777052610492331,0.13471247271294828,0.10413280148426968,0.24335156599280178,0.14242137184332135,0.16994563947468724,0.3291670629142071,0.08091565545784311,331.6471881909539,5.908879748395105,0.12002248301538483,granite_gneiss,0,T0715,2026-01-15
S001063,21.366569419873162,79.64858275439164,0.0652910636441546,0.11446039963731611,0.08095066870735182,0.21045568808748077,0.19270043067289028,0.16201056971000014,0.30893049849471543,0.13455685643139284,266.9694403201539,1.3125197825463255,-0.11454040602297431,banded_iron_formation,0,T0702,2026-01-15
S000715,21.19969491738906,80.2331091283379,0.08386653279521923,0.09635535905584221,0.05518350421927857,0.2025822756762709,0.16955587865608135,0.17351732278956522,0.3580236851445285,0.0950085263101915,267.98989785614776,1.0372785912966438,-0.33954621424559733,alluvium,0,T0314,2026-01-15
S000210,21.417038033948987,80.15656934728939,0.06968072739055672,0.14980879739759992,0.12196056994318387,0.22501168403435448,0.1482420527998125,0.1401670260344667,0.30632931329577123,0.29456366666618256,324.902043015248,5.748697602460853,0.5041916178008845,laterite,0,T0813,2026-01-15
S000258,21.142791892579563,79.58036464463825,0.08618755228994948,0.11151117866619253,0.11962121258946877,0.2664190920631424,0.21399221501905893,0.2038070075686762,0.3608975439364681,0.04796468501106904,235.8441010365712,4.687419992756911,-0.9918543210019696,gondite,0,T0201,2026-01-15
S001537,21.50975115417858,79.87120549130728,0.07157789225752155,0.03623707344123643,0.09271065559773803,0.2522354353084556,0.19754836607869128,0.2401009311542341,0.3270155694127912,0.17288367379307262,385.1850908629857,13.071485525930576,-0.5740774114235453,laterite,0,T1007,2026-01-15
S000905,21.273590909696438,79.63909803205239,0.05425671252550668,0.12876146373521108,0.11539898298742826,0.18095222315504159,0.16626114093057276,0.14216815311223838,0.27575402974913743,0.18496377691022992,273.2460132193791,13.056566361229688,0.5572732454404437,laterite,0,T0502,2026-01-15
S100078,21.334219291404768,80.09615050266308,0.06711088470234568,0.12609027394231104,0.10705179588596765,0.3395532666565769,0.2761451332945289,0.20930165570322082,0.20113365102601177,0.07309604770600853,230.1576097943278,11.419166330202271,0.8411917926700492,banded_iron_formation,1,T0611,2026-01-15
S001551,21.535021086735124,80.19627000803001,0.05355663564554029,0.10972740877249729,0.09900576411528841,0.25321795858264734,0.2713913521643108,0.13202206276118392,0.23188561616713232,0.21197642870293876,218.91100389982353,0.0,-0.21865744788871433,banded_iron_formation,0,T1013,2026-01-15
S100032,21.195495214882893,79.97060639997538,0.06925612411973164,0.11482563533970044,0.10857728171280524,0.28932959877781617,0.27831676811221995,0.24396738782773064,0.4447368688983603,-0.15689331770415493,311.11565572713477,5.76218508361069,0.7179970088838571,gondite,1,T0309,2026-01-15
S001177,21.097097606901624,79.91093684587811,0.11986465939009354,0.08574262227210873,0.10945712895565873,0.2195154923969224,0.1787992171600405,0.1749517505423064,0.4014059879951563,0.19200626886838212,343.6997903848654,10.150691341703173,0.42840419694414655,granite_gneiss,0,T0108,2026-01-15
S000673,21.23768804705298,80.23307737790459,0.09998943336016337,0.1224793710873539,0.11869879484259009,0.2911680751811122,0.20491795403162036,0.19345127708711563,0.35911688630697963,0.2720280862408784,309.62231402241184,0.4561523035637691,-0.06843394468333462,laterite,0,T0414,2026-01-15
S001202,21.241829269602164,79.56982831187804,0.058402448733463494,0.07976261522731087,0.08466060561319669,0.19005257298207828,0.25450794339689037,0.14903556453341424,0.33684033087416637,0.13390249673176244,232.1760908890192,4.299016150971197,-0.09672918148079089,alluvium,0,T0401,2026-01-15
S100351,21.102774782455672,80.03967798158321,0.0539644052517298,0.09576906793838943,0.11367269153677112,0.28064735867401136,0.17425334791901023,0.209702327144894,0.26821219570451993,0.16969607678084497,323.76189819420284,0.8735217253478922,0.27716500231619534,banded_iron_formation,1,T0210,2026-01-15
S100163,21.02244753370571,79.98067232635606,0.07459206888393283,0.10606203769900661,0.1256417578166976,0.23234742024417268,0.35601463667525324,0.2029467374884676,0.4025306301820849,0.10108009716485959,371.9735120515117,12.884025343836752,0.1456026005657467,banded_iron_formation,1,T0009,2026-01-15
S100203,21.08633850153075,80.01007096038276,0.09777966360809297,0.10986863976367392,0.13855091554627086,0.24144577596024341,0.3171054487551898,0.19787329407796167,0.20627483918269215,0.03476207145957403,294.1724999922825,9.677895484773043,0.6434211313227515,banded_iron_formation,1,T0110,2026-01-15
S000693,21.246030307977588,80.02249973404315,0.06848883990100922,0.09309890593693215,0.06540201394411843,0.23995986994310067,0.2857674911596175,0.17205704700017962,0.36488136979478025,0.1459843366246951,234.93064787793674,5.977882425475628,0.11880693046822537,alluvium,0,T0410,2026-01-15
S001004,21.172497773278,79.54177196406587,0.06132669026150909,0.11660961819249971,0.11339577371782528,0.2010030563789379,0.23932040834764268,0.12080521189304211,0.26524773784064026,0.19448811998695623,358.4073849775235,4.254182870346923,0.9111191133647916,laterite,0,T0300,2026-01-15
S001606,21.51245025928516,79.66476931018252,0.09188752171139723,0.09985436909722888,0.14803400551906232,0.19078399218681316,0.2410233431941361,0.17661679041209702,0.4762690455122797,0.17594790400938093,327.2967208492772,1.9901615833880784,0.49542521342311246,gondite,0,T1003,2026-01-15
S000135,21.351041253655712,79.92167847133797,0.07817872752545091,0.06987720463534537,0.06457231176270628,0.256707121418999,0.26284034164994596,0.15804007890707616,0.4435384979979812,0.2472541584563538,203.28638601304016,2.585481157420955,0.2889865591542616,gondite,0,T0708,2026-01-15
S001264,21.081991182046785,79.97291774954952,0.08964331496499317,0.07008598580965758,0.10588973761613205,0.26601058620241236,0.21028415886933702,0.18499281272837223,0.36464498855778277,0.22980154784302964,340.471445829371,7.852838253902327,0.2596019337424708,banded_iron_formation,0,T0109,2026-01-15
S001605,21.32561282662846,79.93900230218021,0.042806470183546934,0.1295502908388652,0.11148072699025276,0.2710174745088101,0.22131111145180027,0.1850174682210117,0.35961014127289936,0.13461255875362105,342.6649983325443,0.0,0.42459464815748027,laterite,0,T0608,2026-01-15
S001602,21.451144184844132,79.7674606897953,0.09585410263478017,0.09293622225740576,0.10202405129843815,0.2834278359224376,0.2880273890063686,0.11321077895077748,0.429994357705495,0.10534134777781201,232.25453110321,0.6378127686146069,0.07911024314339707,banded_iron_formation,0,T0905,2026-01-15
S000250,21.153376646381453,79.80523332050231,0.09760175713707948,0.09874925115642558,0.1098933943574844,0.3043143324750265,0.32428646531661054,0.1886023252792894,0.38360102109377314,0.1980474581469081,190.8807371196126,9.499272105223362,0.25627934673733455,banded_iron_formation,0,T0306,2026-01-15
S000072,21.45198576935779,80.28670388094116,0.04631776982031987,0.13550694319472387,0.1186439270005418,0.22183590849869184,0.24111539773570417,0.15554631427207286,0.22496153186887338,0.2257989398189592,232.70301095290216,4.7467589886221635,-0.23043714128986534,banded_iron_formation,0,T0915,2026-01-15
S001131,21.066444084163614,79.55923414997434,0.09216867768587217,0.1129922394027876,0.11247022659256184,0.21845115128826278,0.15427547617366394,0.13818716393815347,0.23681342739010264,0.18209025182898722,157.4278395677706,6.12287081994986,-0.9630659182247627,banded_iron_formation,0,T0101,2026-01-15
S100218,21.556537530603904,80.18021943906697,0.08341016372039299,0.08043118239917131,0.14703362745720214,0.23477500611734542,0.3318777476011286,0.23525125975053843,0.18422738741360425,0.13228546035561456,304.8762310757986,8.245655467975961,0.5930712510594155,granite_gneiss,1,T1113,2026-01-15
S001570,21.205752363855918,80.16243452938248,0.0974513736183141,0.0864931912712786,0.0960568265471423,0.24173060453240436,0.18426726832629306,0.15254026810135135,0.3860155177849146,0.31015820623142865,223.18446063658686,3.779743768180225,0.308479588633018,granite_gneiss,0,T0413,2026-01-15
S001105,21.293961359973878,79.5346654027684,0.05776136117024941,0.11690409424623577,0.09130900136976663,0.24359181040499922,0.24806929242604364,0.14273686466803018,0.2789813159680061,0.17985376829612007,315.6512532455369,7.032077665845468,-0.2927513015496935,laterite,0,T0500,2026-01-15
S000270,21.187308043564077,79.58215551212051,0.0815510962649284,0.13188392725519632,0.15506054437757508,0.26584942944005585,0.24054939242901702,0.12963106361565863,0.3605132798556571,0.08098156216065264,290.4402993424574,6.760442813062472,0.20944728523759862,granite_gneiss,0,T0301,2026-01-15
S001021,21.195814807675546,80.17729136495241,0.0563064039961692,0.09889148511212233,0.07209719738152345,0.3157239434263928,0.17048938796007082,0.1502501607329025,0.15549211536715102,0.1707337901423108,283.0399924107747,0.003273621469314314,-0.04311379355510941,laterite,0,T0313,2026-01-15
S000941,21.135717539972717,79.87041227978906,0.09656438799371253,0.11541475850911873,0.100734619687431,0.2212495355204495,0.2391865728111668,0.09542000444368652,0.48283030551783773,0.02611424429152133,312.52557666073307,0.9665625146298398,-0.7985535597092281,granite_gneiss,0,T0207,2026-01-15
S100059,21.068718044121585,80.22851058170471,0.0718220181958242,0.0901907567861258,0.11872258829751015,0.21776328885529234,0.2775869106868093,0.24175972189439876,0.13221298603623652,0.11919872697257207,267.2214543579496,2.0379880438887374,-0.02277906337727044,granite_gneiss,1,T0114,2026-01-15
S100298,21.4676865244628,79.97225620070651,0.08510386703512032,0.0761903249062329,0.1528546860387526,0.20230072292870088,0.3515226428104874,0.19729270381704805,0.17786276864430334,-0.11277599624120009,342.781254836839,7.2570796473330414,0.5329888148715672,gondite,1,T0909,2026-01-15
S001350,21.47418870584642,79.96589612145445,0.10426249855871356,0.10376729383736287,0.13726530774103043,0.13920676353296155,0.13968640707922586,0.20826644965541935,0.44321731056602887,0.1506656813634184,360.57955914583766,2.254055434053661,-0.20541057800487247,granite_gneiss,0,T0909,2026-01-15
S100073,21.140363691519205,80.17038417492431,0.059604796292370726,0.08467369300768589,0.12474676207587694,0.22401585161620677,0.28208534352894155,0.22862142128930651,0.24816275774423394,0.0226525678180563,408.6967361429636,8.139403336915484,0.7175030889944675,gondite,1,T0213,2026-01-15
S100162,21.138128394536928,79.62289031924851,0.10120654409559389,0.09433673342226989,0.13264752385131595,0.18135005290061795,0.3007730969466956,0.2018609879037266,0.1496392297072846,0.06134416913440124,258.96653953390154,18.10972179422439,-0.25681813035745504,granite_gneiss,1,T0202,2026-01-15
S000914,21.271991621386803,80.29753565776761,0.03697585991775386,0.0718870779615272,0.10349291648560749,0.25330180681008385,0.2880758164853796,0.15114231811632917,0.3402211118953925,0.12789587773863245,325.8987022662892,8.31974526422908,0.20328455955100697,granite_gneiss,0,T0515,2026-01-15
S001233,21.283233801578405,80.2616579034672,0.10369967980981841,0.08891611131960006,0.10119786952758938,0.21531912304568823,0.26314191153697636,0.19444674107815096,0.3496365314565239,0.20151742426059438,237.21132993725394,3.9686027917193316,-0.1890604365661597,banded_iron_formation,0,T0515,2026-01-15
S001073,21.59386154002947,79.76176467916203,0.10109188875297151,0.057283511659772766,0.08530397511663286,0.2537214724244389,0.22461893568129435,0.13392438249322988,0.30696144582753554,0.1331228665820896,335.03025311389973,4.762405676040195,0.30484327139198075,granite_gneiss,0,T1105,2026-01-15
S001252,21.174834103917572,79.76481771586407,0.09143093854996429,0.09117975369313143,0.09775757959201146,0.1931308905802649,0.24277112542371343,0.15675283401873424,0.3826231204766324,0.263710707830398,371.8774106749956,3.698509943339433,-0.792845394592281,alluvium,0,T0305,2026-01-15
S000231,21.25000164657753,79.81310809953645,0.07083586749010308,0.10811597507642859,0.09043326020558004,0.2350606793921731,0.23050037594521874,0.1414517774589264,0.32149015547468646,0.017475138774543625,272.93108173056106,4.4901800726489345,-0.35090991660443516,laterite,0,T0506,2026-01-15
S100316,21.22767844783616,80.23223900822845,0.0909333406523297,0.10080672811109381,0.14813231067301288,0.21605900098589434,0.30176555586662374,0.23879729169373012,0.29330491528596536,-0.04783803141828827,343.22352376374465,11.28469626516419,0.4849022436958727,gondite,1,T0414,2026-01-15
S100045,21.48285861449808,80.2033600194462,0.06364883203340069,0.12298753681915636,0.13290225375322243,0.18745179525827405,0.3734758067931605,0.2532147785632989,0.17231288802750666,0.027211849193632773,202.8310681971051,5.596721510469228,0.5741282122579942,gondite,1,T0914,2026-01-15
S001359,21.533102260073907,79.78493821714832,0.11444003524691149,0.08741299810251461,0.07190799385557553,0.26608362828841875,0.2719612345219804,0.15884397700115274,0.3761481398245859,0.11003200233688637,288.0870386695663,10.184862726155448,-0.41320647144320116,laterite,0,T1005,2026-01-15
S001471,21.160429493276855,79.91603944959527,0.06425794002810742,0.10490785281268163,0.08357689916462235,0.2415497173359618,0.2282658436984077,0.1649835821850627,0.33599925085027094,0.10921780631726377,275.7870420835941,4.822375806843273,0.6780218157424838,alluvium,0,T0308,2026-01-15
S000067,21.404956260486337,80.27900621421492,0.07077414897190491,0.12549984954338647,0.12134430550336324,0.26870501673691627,0.29338316354845684,0.1636552885952429,0.5146241787668322,0.14929819036092534,237.6846698968629,6.688766600577258,0.2091736614764542,gondite,0,T0815,2026-01-15
S000221,21.449242511729437,79.54363481249693,0.06198053260219378,0.08118411035404868,0.11773952696474065,0.27250201760566667,0.21774696787537773,0.17031134227875583,0.29017129380424717,0.14043422811235995,290.5638798229506,8.23553990415027,0.4134514494362035,alluvium,0,T0800,2026-01-15
S100076,21.17615625466001,79.59993894344451,0.08448578798833849,0.11537207530992738,0.15329552117496542,0.2858087360890472,0.313559780418993,0.19280578151579855,0.22024868401485095,0.08943191514614973,320.65913081165155,8.292563225708816,0.023029069288557746,gondite,1,T0301,2026-01-15
S001556,21.356271736159908,79.55069438404058,0.0487503385860934,0.07869263425151952,0.0872880639225917,0.24083248355286901,0.18573071320680837,0.17356642492485966,0.254770709100992,0.0874196874333057,294.66757595607794,0.8409274037140415,-0.11416815663503604,banded_iron_formation,0,T0701,2026-01-15
S001054,21.02202731254827,80.0185728322171,0.09751679560605626,0.057417823111882364,0.11430634980358696,0.2122126920071593,0.2023411959850048,0.17975416069346603,0.11977198789276886,0.0470642668244015,171.41871982545933,3.256158087806083,0.46029087913581107,alluvium,0,T0010,2026-01-15
S000420,21.582945674944835,79.70847119558515,0.08366996649211872,0.10286753293002565,0.056225018097760864,0.33852136653187687,0.19472188548272923,0.13308753024861353,0.431024732336288,0.29121539160579474,283.76331496374326,7.421748076521553,-0.4443903155462867,granite_gneiss,0,T1104,2026-01-15
S001559,21.211685661736716,79.67135010115,0.0805108041678048,0.09451174637685836,0.1412136445009864,0.28093805201883015,0.2029946433567105,0.1466297235981231,0.24488602398100695,0.056933903579396025,269.5555020775204,7.019135049941963,-0.5298780271441665,gondite,0,T0403,2026-01-15
S000813,21.50161572214664,79.79357559528509,0.12431901878553389,0.08421963048998636,0.10167765722312631,0.24097208841333959,0.2963254171549477,0.1851429457648437,0.4272918424798944,0.1297880775056428,277.9458975349875,4.546234226518024,-0.2835155610378461,banded_iron_formation,0,T1005,2026-01-15
S000959,21.480226218889516,79.81454134992336,0.06610534824655202,0.09707508838765289,0.10524575723741827,0.25854852429675496,0.24420774848874727,0.1263499182130352,0.46964009291071407,0.07790784166774331,217.7560536719892,2.295972153104798,0.34558426762894345,banded_iron_formation,0,T0906,2026-01-15
S000577,21.455160538287757,79.54355234191553,0.09910890171968614,0.1122886592120156,0.1212894652013462,0.2675667199904053,0.20835606752370625,0.13868034270984197,0.4228566010660131,0.2130951007922825,362.96625468506613,10.701856692997705,-0.1357961448988923,granite_gneiss,0,T0900,2026-01-15
S100030,21.446857293544692,80.00965910719296,0.03514344756779133,0.11091587519699905,0.16985477733277038,0.1698874504589668,0.29789551627778443,0.25962730008009616,0.23814288368873082,0.04415858517413845,300.4581133955763,11.403837138799588,-0.29325782545998214,gondite,1,T0810,2026-01-15
S000731,21.30823112470023,79.90182232944714,0.08839767694326844,0.12605051182500362,0.1137410166086448,0.20904488929611262,0.1618526908412975,0.16710015176376602,0.33279250308906855,0.25504022510484703,137.07206967995666,0.0,0.7332982565914798,granite_gneiss,0,T0608,2026-01-15
S001255,21.523193918234334,79.71090217541523,0.12214635799564033,0.116284768007598,0.09318020088221822,0.2468526161154926,0.21145183046781424,0.07647374869160432,0.51825116267124,0.33134800852430446,324.1268088163034,0.0,0.40209191655300375,granite_gneiss,0,T1004,2026-01-15
S000869,21.22576844660912,79.50206288838928,0.0981215514675234,0.10700676448145063,0.04645847638637358,0.23650996175561897,0.2520442557949917,0.19535767460007883,0.35052689248796415,0.15089203556428407,389.5345685757097,8.337736617790783,1.3287600102551862,gondite,0,T0400,2026-01-15
S000614,21.431744996817518,79.78504246781465,0.1050415004251718,0.09105619129185973,0.10183081315960635,0.2272823085925075,0.18288626137833447,0.17039787715105875,0.359126993165946,0.11113529320988913,300.5439758770556,6.082934840540636,0.923284628150705,laterite,0,T0805,2026-01-15
S000724,21.596916842183166,80.25765011351314,0.08913232699073781,0.10871410253770211,0.12765624006771434,0.2549228991697255,0.21020504698030415,0.10438339286055431,0.33726392514983716,0.06482378116354298,298.27774204110057,2.6706370863992266,0.5631061931738409,gondite,0,T1115,2026-01-15
S000154,21.574555460516503,80.10094011213754,0.07616224838455167,0.10933177634004318,0.08973015651169867,0.25970754034050464,0.18222455429990456,0.18815546941225667,0.32949370674460016,0.07430854805226328,252.22541624628442,5.945168794386696,0.659405030061198,laterite,0,T1112,2026-01-15
S001190,21.318899599099428,79.7879942358241,0.07295767313223396,0.11611761524259984,0.10368676132408504,0.17726754734999572,0.17286506884556874,0.16573054759336267,0.40371996228001983,0.1346863598547429,206.39108031500567,0.0,0.7577648041392165,banded_iron_formation,0,T0605,2026-01-15
S001207,21.281693719019916,79.51128700742761,0.10811383245612556,0.10988725967722811,0.1287649321386178,0.31825352685238556,0.1787543648035867,0.1510884676527139,0.4390566480471078,0.2548296295260995,226.20204490807131,6.705744161039569,0.1519950036299197,banded_iron_formation,0,T0500,2026-01-15
S001450,21.2661418800985,80.18154781623346,0.08108030882309514,0.10538760729001116,0.08950818899395964,0.20890301300529207,0.1965231112299557,0.17412560472691638,0.44261401282245816,0.02604847797164901,267.11520012401684,10.79138088072112,0.16077468051300808,granite_gneiss,0,T0513,2026-01-15
S001213,21.42828552852159,79.85521441463229,0.10124633643573683,0.11814157245092205,0.11430044767333097,0.18878105351891927,0.22125084522798774,0.14389545136472287,0.46390550775555284,0.11421018134654778,374.39112440555635,0.0,0.5466170459282583,granite_gneiss,0,T0807,2026-01-15
S100044,21.499355880837122,80.29762772627005,0.07335114931320459,0.10371669155037831,0.11922179930427565,0.20861116037261018,0.22915180646432548,0.202212223890388,0.19786399279314293,0.008474587059074855,377.64405845566785,6.535299663301904,-0.27099170011309626,granite_gneiss,1,T0915,2026-01-15
S001326,21.29449893975491,79.71163722241394,0.09163629637757673,0.0858058241510961,0.09556075471773595,0.2674950457260139,0.19663416776224843,0.14888154837628023,0.3826504066380568,0.2279100144232557,222.02904602571112,2.1481233970693894,-0.3145655254709967,alluvium,0,T0504,2026-01-15
S100168,21.19028333569363,80.11768391308367,0.08237328339447993,0.08832226121815562,0.11250409850419833,0.20260139166863145,0.31624549018821757,0.2188071330571548,0.1629156814903716,0.049094286232748835,397.6105981075622,7.293580067763601,-0.4134045526965368,gondite,1,T0312,2026-01-15
S100303,21.308533722114248,79.56784927298861,0.11553439694235242,0.1109175767547829,0.1263008607223234,0.22326501266801865,0.23173450774662888,0.21924117203305143,0.2932744241823679,0.12174451851877796,351.84163628148394,8.932653105066295,-0.2883492444637511,banded_iron_formation,1,T0601,2026-01-15
S000630,21.085721771124515,79.81193122611484,0.10223473317696911,0.11737336031413438,0.137029676951258,0.32066252777981785,0.2412242403914321,0.16076178179968773,0.24698122984794046,0.062339823277223316,265.6909550728944,9.679257805676372,0.5016906568530163,alluvium,0,T0106,2026-01-15
S000195,21.38050992923711,79.6405655941617,0.07040378229283008,0.09981714469853033,0.07838059540137958,0.23752065198966782,0.2381095875337774,0.13396180228578775,0.2147998585643093,0.050619783177649855,302.1745084235348,7.002753005932876,0.1109898644105021,gondite,0,T0702,2026-01-15
S001564,21.270640434872675,79.65341757653262,0.10731975670936489,0.13545906108298977,0.0837763081650773,0.2702286792625703,0.2412924225415404,0.17559932699044012,0.4231769371054611,0.09884845307570353,264.43668913187554,1.3715762491889532,0.8478435045374353,granite_gneiss,0,T0503,2026-01-15
S000247,21.358401551226866,80.07451970919891,0.08413994041779338,0.08016750910476064,0.14064812337215055,0.213326779581519,0.1884824992339092,0.14523637555754923,0.3774881809887768,0.10826188980826978,250.64918008936422,8.553798291728821,-0.12470395339762881,gondite,0,T0711,2026-01-15
S001258,21.103996077777573,79.69599007543908,0.07835988038743955,0.12942033782277396,0.1023533924940684,0.23240165346244193,0.20470033074131908,0.21621052007130745,0.31865413678019666,0.10032633721341172,275.43512221300006,9.774893995908409,0.4089653313661017,gondite,0,T0203,2026-01-15
S000397,21.40411311063703,80.1384341875884,0.09075117764409947,0.10087350830836347,0.10713636436927924,0.2370215148359669,0.15823929485926452,0.11001166925256059,0.2517461564359573,0.23395497636972007,301.48480266875873,7.6101206907961,0.3163062782509142,banded_iron_formation,0,T0812,2026-01-15
S000078,21.10207464336939,79.98097450644813,0.0801264797963341,0.09914070876091609,0.09905441620798486,0.20989025243295795,0.2659909036047402,0.14668482599790983,0.37265138076037674,0.11079008483684867,297.3988299096098,2.430338344433104,-0.08422535244145574,granite_gneiss,0,T0209,2026-01-15
S000222,21.399707191269016,79.50414539986829,0.07007517763146505,0.10354158558523638,0.11723755279379681,0.20164263831681384,0.2766397006127549,0.10985090405673564,0.2204461005252169,0.14653400517873177,167.43694773773052,4.382882895929184,-0.011973669274680921,laterite,0,T0700,2026-01-15
S001158,21.503177990018912,80.1764357140432,0.07859946554772797,0.11087680391667692,0.0960982355547734,0.2698852517823773,0.2569185252113679,0.15384778024504508,0.16155237164911487,0.10040060992079117,367.6488136457924,3.517932362523262,0.12050014820733783,granite_gneiss,0,T1013,2026-01-15
S000167,21.4008998861155,80.05749603961983,0.06936943501813332,0.1099022435834174,0.09539358077549019,0.2728000860489494,0.224059093430957,0.19462140127513564,0.24754260506252967,0.15569589607676151,212.0845329612567,8.727981573353949,-0.4863305988473503,laterite,0,T0811,2026-01-15
S100342,21.48053050565106,79.62435325126674,0.06553528628118321,0.12097905732722886,0.0990431956226036,0.26370588796779215,0.33148337768392816,0.2282691034698723,0.1330745712327528,0.07196733140749853,257.16277121697135,14.290017326092489,0.9622480185062865,gondite,1,T0902,2026-01-15
S001376,21.347555932299855,79.72670341233605,0.12725235115573746,0.09494885039081609,0.09629673155510123,0.17860671444265597,0.1681775087796217,0.1762700320901816,0.38453793489072824,0.18863587124301612,396.72831688687563,9.636862810244885,-0.22712837815737974,granite_gneiss,0,T0604,2026-01-15
S000007,21.286651353211774,80.28168953636886,0.10656804658104105,0.09801515178546057,0.08954624630576875,0.27474174175144295,0.24618862695742003,0.1639475853616498,0.31479362625996005,0.06434912622567536,290.50110432097625,6.305163298215292,0.3662546875542299,banded_iron_formation,0,T0515,2026-01-15
S100185,21.39699675790066,79.85859649060347,0.078003308390091,0.07852595174564399,0.1143594190442011,0.2723508413895103,0.3119173270787366,0.180530093341767,0.17603579030959338,-0.04705095772891353,323.3846940301743,12.305629239573031,0.3455312829334386,banded_iron_formation,1,T0707,2026-01-15
S000756,21.471123681565917,79.86968426015895,0.05409304658268835,0.09873510373197923,0.08633526661414014,0.3200117789047189,0.22798071684885526,0.11364566125075759,0.4036794636357671,0.08471762338160695,322.9832944510032,2.82165271762775,-0.031428312182136924,granite_gneiss,0,T0907,2026-01-15
S001394,21.581384941944627,79.8132115320641,0.10837270624127908,0.11022480940859358,0.09350913363288017,0.19071344635295612,0.1723006747616427,0.1477628226302066,0.4107953132304678,0.203519317042043,312.7414205872608,9.980019815193446,0.030626625128139656,gondite,0,T1106,2026-01-15
S001065,21.081643387100065,80.04879012525961,0.079871764942445,0.0990015149230158,0.07442558568756619,0.17127370117065738,0.18699804567433942,0.17368651792362255,0.3845408806280228,0.1373212185523468,330.35385644729394,7.095647874998657,1.0861734262318063,gondite,0,T0110,2026-01-15
S100300,21.467397812746878,79.71986004060405,0.0874465112012061,0.1329622432364776,0.09814891459233174,0.26675191312802193,0.3187045930627075,0.27668138638052064,0.4047875537672062,0.18320352235919174,309.6277350533938,13.535157090256048,0.047234995909819104,granite_gneiss,1,T0904,2026-01-15
S001543,21.506860646077428,80.2762689531036,0.08117629632417808,0.07237341088236626,0.07860096083441866,0.18293252830270368,0.21185522079687877,0.1634148060194427,0.40665220464991786,0.10731960536573534,222.04573050249365,5.70514326876437,0.2922527653957123,laterite,0,T1015,2026-01-15
S000472,21.344680595562817,79.8856479186235,0.08322363292270313,0.1092602969591936,0.10022914482997923,0.2007148242624926,0.21789513966108168,0.15185982382171798,0.36279289914540114,0.3194732925400773,343.9078823581267,2.661835468675916,0.7937857533790208,banded_iron_formation,0,T0607,2026-01-15
S000183,21.16906017469581,80.2122864013234,0.09440153132159064,0.06753463623079184,0.11948235829694775,0.20133933396799603,0.23531821373848638,0.15188149795021222,0.3449456137466855,0.1411320042788897,248.59769517392562,3.1667815206625676,-0.2107499099812722,granite_gneiss,0,T0314,2026-01-15
S001240,21.259547057974892,79.93639331653935,0.09733545908734015,0.09559608530112121,0.07020240878657977,0.27116965283789196,0.22970359684972286,0.16249301683466458,0.4399299587963291,0.06037108909371253,316.3646775224604,4.154548036547554,-0.7883016691337305,laterite,0,T0508,2026-01-15
S100350,21.369699420014474,80.29576139914802,0.10117105632283631,0.09494555374853883,0.11511782562955797,0.2345241379739499,0.25202392696703857,0.2523243562815905,0.3689854049115904,0.09401574055272122,304.447444441095,9.145923022456927,-0.05376687213303198,granite_gneiss,1,T0715,2026-01-15
S001572,21.433073844783436,79.82021484171888,0.0807596202613867,0.09987260505329883,0.10163082308822455,0.17070280956751577,0.17586370186735256,0.10229527943324301,0.2746025138462748,0.06800940985069771,283.1106933196022,3.2936898806526065,-0.5412083442383909,gondite,0,T0806,2026-01-15
S001150,21.126099097495388,80.2078780738115,0.09725226438017748,0.08745591171579781,0.10440048009890524,0.28326993363196296,0.22273277657823648,0.14549304507073993,0.4801068561772541,0.20592517609414668,258.42238241298327,3.2549530114103753,0.2537534286385138,laterite,0,T0214,2026-01-15
S000618,21.408036513258057,79.59524902990584,0.05941765370894683,0.08149346467855245,0.09780126047163419,0.21022435442777068,0.17431806491665397,0.1524426718493363,0.3500618967387793,-0.0008475654350073858,237.19885313791008,4.41797681007013,0.6611618373380808,granite_gneiss,0,T0801,2026-01-15
S100175,21.026946371635397,79.66724612688179,0.05549216401061784,0.10451719672633106,0.08825014352537397,0.2725976261418726,0.3152676213791845,0.2058699921625225,0.21644510658365165,0.13327354037013503,243.52289587906964,7.039111399844899,-0.504154443137131,granite_gneiss,1,T0003,2026-01-15
S000122,21.06176342822844,79.98689099099398,0.0670415362964344,0.13916562958371154,0.127287700293352,0.21361153579863612,0.2434424557367553,0.19058759252770566,0.3644749261331017,0.16425151055187842,342.56296683596116,5.925010220423563,0.524911905766239,granite_gneiss,0,T0109,2026-01-15
S001052,21.222901424296033,80.27824644285525,0.06257800600263116,0.10245006466207635,0.07897887683596674,0.2619259925743921,0.1855817377504506,0.150237949185783,0.26117247789619075,0.10604521128952268,259.6242306531304,6.756458770744779,0.295233602467146,laterite,0,T0415,2026-01-15
S001250,21.17765275119276,80.1111364054517,0.06099898347915239,0.09558549488447303,0.09350090549560602,0.17098027126212229,0.2559963339657615,0.17855762841656406,0.3742843388952344,0.16705569075099141,304.5053011743143,6.26785760593882,0.5553379159111533,laterite,0,T0312,2026-01-15
S100123,21.249484441302368,79.75363272905379,0.12062800329557005,0.08652296623638879,0.172529698180738,0.24291945655694253,0.2977809593497466,0.1750566897505586,0.18706004658522807,-0.09942855672337993,226.32782466866718,8.781182252602914,0.41358639981061107,gondite,1,T0405,2026-01-15
S000239,21.57109946921848,79.86356938253135,0.10075756457805154,0.11125986334069313,0.07213227575265041,0.22411073598431502,0.14565738173967704,0.14097150983459367,0.2555367973743995,0.22875374427813308,335.9642865084776,2.496215153972111,0.18383049663863726,laterite,0,T1107,2026-01-15
S001434,21.271505039156718,79.51758134315281,0.0946613374890362,0.1264785533316136,0.0796601874499305,0.2770412843173156,0.2406503093564695,0.15795237074235652,0.25135591679126956,0.10003836945686778,307.26751737660726,7.297141781432232,-1.0256447280235133,laterite,0,T0500,2026-01-15
S001385,21.089065831109387,79.91644869935142,0.052127484637003896,0.08870187777703997,0.10149307149757299,0.22946957910146076,0.2641690532298177,0.16055530857679795,0.3177881473477172,0.11029038782622917,270.4734103715968,4.218250879823049,-0.5505031692546759,banded_iron_formation,0,T0108,2026-01-15
S001018,21.367249352941137,79.8031437259644,0.09705759959040386,0.11641259694415987,0.06795527184323594,0.28912272086001095,0.1651263203926366,0.0712120972521405,0.26292097410985665,0.2349333788059833,315.4918027317235,2.3755322798276426,-0.6503087471378732,granite_gneiss,0,T0706,2026-01-15
S000825,21.273444438479697,80.22458258450469,0.06915868764983833,0.10760295250161961,0.10936820020453507,0.23331860087094283,0.15804806509914113,0.16658788767258906,0.41782075916621503,0.24197205681779044,328.1251524531188,5.038032363661272,-0.12598930944240339,granite_gneiss,0,T0514,2026-01-15
S000125,21.037283510480325,79.7574228909751,0.03413218714063587,0.07521954437383425,0.1127705900851977,0.3144292437841441,0.2316493217839386,0.18886136157385347,0.3340885970491947,0.1505477355974624,274.15234924190366,6.290489718063698,0.11358608528774053,gondite,0,T0005,2026-01-15
S100331,21.12144275587543,80.21759743901839,0.0972617503609071,0.11875045843499515,0.0926375430749339,0.18050312283751557,0.18750612025975916,0.22444536633614245,0.2644860219058521,-0.04578340082857822,372.24936622199834,12.983754739289033,-0.7312286924270763,gondite,1,T0214,2026-01-15
S000428,21.39725296095421,80.13677988525282,0.06419864498364074,0.10953167606429182,0.11382725927549676,0.2978345684287669,0.18944103966145437,0.1986645353784789,0.3338116992203614,0.035050532525693234,357.96957680322936,0.8153774860592788,-0.5863328546334073,laterite,0,T0712,2026-01-15
S100194,21.091970589974697,79.53571927117942,0.07856002815120423,0.09011320099634612,0.08426546812310179,0.22065694625995838,0.31557221564417637,0.2321076421084331,0.3441504096097991,-0.024731563833142026,284.8369016014665,7.918412231618232,0.22699781572347946,alluvium,1,T0100,2026-01-15
S000277,21.0879233835362,79.6856199630456,0.10679044169895358,0.08890554550789757,0.08537252201056,0.24452505231432087,0.21168583478663497,0.10713410688586177,0.24779695861134954,0.10838791376418795,229.46599523183676,0.8843135020718291,0.13885252824621072,alluvium,0,T0103,2026-01-15
S000111,21.064613473377516,79.76259266247946,0.09419637246522526,0.10473076156414034,0.08750998951181649,0.2394853914207191,0.19390447255507437,0.19990707697331656,0.4196762013801187,0.125714913659926,272.26642550543414,3.9619325713477513,-0.863426096888741,banded_iron_formation,0,T0105,2026-01-15
S001353,21.20860321839657,80.08032360828209,0.05387373532399223,0.09658952175403465,0.12483847834698272,0.23750726075723214,0.20746578599875382,0.13503410819080425,0.24217681998555513,0.10878585357370094,230.07706141556275,7.730465372015204,0.23070705720873136,banded_iron_formation,0,T0411,2026-01-15
S100322,21.197016723002815,79.51413502479993,0.06760714033971976,0.07352823397197222,0.11172789514511164,0.27003252534184446,0.35188228785964637,0.18672288599190978,0.3262904853479549,0.012950938531007476,291.92142120054245,7.1676727933274895,-0.9577825822344971,banded_iron_formation,1,T0300,2026-01-15
S000836,21.298535794389938,79.91009521317396,0.0914734006595218,0.13045190771709458,0.10918316571604238,0.2590910326547667,0.24254771071189055,0.1725361182952458,0.21588694380318071,0.27936341536373877,208.94179934209933,0.5180940066198145,0.17332543341944107,gondite,0,T0508,2026-01-15
S100266,21.17083204940276,80.13494572044797,0.10430964832995387,0.09393596766579006,0.1628689364955396,0.2828774880443471,0.272898399483724,0.23501393574955354,0.2843656241267869,-0.06186366626936997,290.39190745076746,11.823878986795265,-0.19681873564852215,gondite,1,T0312,2026-01-15
S001183,21.42565248515952,80.22346094724678,0.056720085913399804,0.09047268486996257,0.09309396769248629,0.29108691834305256,0.20360223920522336,0.18058137565677265,0.4814254134278775,0.0874697430774222,288.2075053649376,7.875227222991449,-0.5091633491864718,banded_iron_formation,0,T0814,2026-01-15
S001443,21.53900538372146,80.26874901639088,0.09473593432072744,0.1118829609281187,0.09586964043446272,0.2057583726245985,0.19043958749767545,0.19794789803441212,0.20750887998190576,0.17892629761027462,330.83872250834975,7.04533189615549,0.5621476368442665,gondite,0,T1015,2026-01-15
S100067,21.182370058837567,80.17952707433845,0.0799776055600422,0.09645045025812826,0.1069440741230841,0.23780311316243352,0.3035574216355714,0.2532827256757617,0.1278200926978586,0.04906089491526339,252.9603438769235,5.0034204346759505,-0.21681374257709385,gondite,1,T0313,2026-01-15
S001377,21.526477515445993,79.77041186572626,0.03680911804712103,0.0636148023724509,0.12722169946156817,0.26608557114434284,0.26747156716128917,0.15010760741568868,0.10794200784939317,0.019067999565639815,313.6445440037452,8.266935661593841,-0.3858550004992507,banded_iron_formation,0,T1005,2026-01-15
S001232,21.304779506069977,79.68579692639398,0.08951470999373855,0.12223712179049229,0.11052964800790041,0.19909793431495648,0.28177094186009805,0.1590142356698843,0.3381222345274427,0.039069388725095494,332.2601905948743,4.58136987165361,-0.822333016494512,granite_gneiss,0,T0603,2026-01-15
S001203,21.149894804191092,79.53426399927496,0.08106782230832399,0.051204641664285615,0.12517811378631638,0.2908038127218152,0.1867286619256872,0.11416506420531922,0.35241048234013067,0.19737409563501837,248.267773745791,10.208657092183504,-0.6584854482400693,laterite,0,T0200,2026-01-15
S000120,21.305633930169595,79.84047428311534,0.05806134430276286,0.10030807988982902,0.09525755956050727,0.2899617379002709,0.2792676068354791,0.0808381523451945,0.387182308968042,0.3287695543882728,292.4268058068896,7.817132081598013,-0.8088467424941636,granite_gneiss,0,T0606,2026-01-15
S001396,21.02667448586183,79.68601010631707,0.05561866205089833,0.11655012665930133,0.10590572427202305,0.20791401527806141,0.27438134234203065,0.18857355001323867,0.42797513106228985,0.23156422109226296,373.831558831076,0.0,0.03380439938910285,granite_gneiss,0,T0003,2026-01-15
S001552,21.021637625663836,79.74466332453186,0.06413800425470653,0.11200732475223983,0.09743436923717362,0.19530042406510892,0.24681435508851599,0.1281645058148897,0.33128894463168285,0.22110666095301074,300.27785162034286,2.237240238901502,-0.43491182258470773,laterite,0,T0004,2026-01-15
S001080,21.237460085943464,79.90574911443875,0.06600109329832098,0.07608277759930707,0.1051870606891194,0.22067316968117312,0.1968202711750923,0.16905578357268997,0.52745131157697,0.15650807799757344,310.5387180731384,0.0,-0.7783247271194756,granite_gneiss,0,T0408,2026-01-15
S001100,21.291325445313085,79.51383441953183,0.09413274571890079,0.13376529668881343,0.1120367268426733,0.27000694689771737,0.16685863781745516,0.18079993897724853,0.395431132328929,0.2921254408702171,282.1041708100834,2.062652900889049,0.01627251588096219,laterite,0,T0500,2026-01-15
S000527,21.216229116198008,79.61556111961542,0.08340672916572602,0.09866126204023218,0.11750568929339548,0.32805420674542535,0.12416238615599742,0.20753020643168504,0.4177729194455602,0.21427932849746273,243.50567505882134,3.309567520449371,0.5662595211191465,alluvium,0,T0402,2026-01-15
S000062,21.536950729431314,79.99597654449313,0.09922617538634025,0.08939928045409923,0.11181235364436751,0.2748425833829158,0.21219702370647403,0.13993829775208594,0.20657865367198575,0.15409355961408094,319.72462820174934,2.4906503155301922,0.571105774770824,laterite,0,T1009,2026-01-15
S001314,21.296937488636125,79.66839447181736,0.038159482550099905,0.11162496030820257,0.09925672720571291,0.24810243010095728,0.19770607200672918,0.16746599502739165,0.3305910096148762,0.3020894636533945,321.4622441666996,1.5984467997654388,0.6492508280971375,granite_gneiss,0,T0503,2026-01-15
S001089,21.093239799739244,80.13365270007304,0.0698704275656189,0.12499537390513582,0.1176779115248967,0.2122100956635574,0.21934932328495083,0.1804749529479026,0.2859708351126493,0.1483638800602875,296.24653661592,5.047310876539903,-0.03423306678508199,banded_iron_formation,0,T0112,2026-01-15
S000404,21.20588257490608,79.90300045370648,0.054307497607703044,0.06916545252809252,0.11321500704860823,0.27591639252567157,0.27489345083818734,0.14213878843337335,0.2030232003737626,0.1582060532168107,257.580683296796,4.368740721129217,0.6624638042525093,granite_gneiss,0,T0408,2026-01-15
S000159,21.067371737880144,79.6352290772317,0.052681603515101934,0.0993741038028334,0.10791154532450485,0.2534224905718793,0.19859558774654074,0.16010501273080832,0.33654162298195794,0.27992419169216926,239.16089715162371,3.1606091294145724,-0.12007444558891658,laterite,0,T0102,2026-01-15
S001071,21.0892286363904,80.07500862539852,0.0717885383685182,0.07679833844712794,0.10842484577282499,0.2449838223506188,0.1612527526653286,0.18686917135019254,0.32863435692935283,0.13094712037317313,271.6731908459521,0.88284433479848,-0.5596265653521523,granite_gneiss,0,T0111,2026-01-15
S000253,21.49742295345101,79.94269869737975,0.08902748717805364,0.10854111086490496,0.13810693208934574,0.2615705455140244,0.2233702783705866,0.14224599769755183,0.28951122862978,0.09184537690044842,351.92475616926805,10.490177136388985,-0.7233693564966684,laterite,0,T0908,2026-01-15
S001170,21.482696612968503,79.67177755406851,0.0625697266073024,0.1126033141447306,0.06547952856469619,0.3045276356449347,0.1789111413115184,0.17665017234947014,0.2728705568785342,0.03165713178467955,296.3255045905444,7.573612170717322,-0.6648112233960162,banded_iron_formation,0,T0903,2026-01-15
S001422,21.43297292101798,79.99916889844403,0.06261341074699647,0.08648706002898135,0.11817169902103886,0.21789316685248217,0.2322213783437132,0.15711682508095662,0.32578478144397105,0.08299842583255933,342.6346597849889,0.0,-0.33284254679266106,laterite,0,T0809,2026-01-15
S001298,21.048088325922325,80.2514906518982,0.10728951703292999,0.06508340429160192,0.1223001341457594,0.20210875434557315,0.21019051991683932,0.21262039830178459,0.34743895558692806,0.19924631344878294,244.28633977993186,5.106675971807564,0.9235301165038059,laterite,0,T0015,2026-01-15
S000093,21.07360408176719,79.5898760952466,0.10758442504847598,0.0900110627416824,0.11216245798324154,0.2861094392782302,0.2624964725609837,0.1398411705511047,0.3453304603785301,0.18779042361336254,286.4174826320323,2.532355607526727,-0.49378806131438446,gondite,0,T0101,2026-01-15
S000370,21.57859445213092,79.6087755120483,0.0920088861055842,0.09055360369373304,0.06928727513965774,0.25969711016151575,0.2608011051448152,0.1430365651769618,0.37657479734363386,0.24401890552137265,294.21787984408695,11.374729317896563,-0.02043406964888631,laterite,0,T1102,2026-01-15
S000174,21.332411701242428,80.06657518432701,0.09378947128815532,0.05901615966765393,0.11353811418159264,0.2772145968676981,0.23418342452306973,0.17687473223079966,0.3742293211601228,0.13424400314520488,312.9414000638717,0.0,-0.4438149420197106,laterite,0,T0611,2026-01-15
S000605,21.531840251515664,80.17227310241084,0.06485837945421985,0.11991197519004448,0.12156365527420676,0.2759578228346218,0.26526074585717335,0.17081495944899097,0.16296787990816214,0.11779363558992814,297.2641283058592,0.0,0.5930695174386383,granite_gneiss,0,T1013,2026-01-15
S000924,21.25910880068082,79.52537372224872,0.07386919959611768,0.09346919613018086,0.08732975355816455,0.2383297637858623,0.16065986379430072,0.16162398247641932,0.2328336391959867,0.2005449834778699,273.4464201622743,0.32158866012580045,0.2194905977335128,granite_gneiss,0,T0500,2026-01-15
S001379,21.0244399588833,79.96685225752005,0.07289309344669267,0.08525735109047022,0.04053905275433558,0.24896369339786067,0.31413403455127376,0.16826119290534042,0.2578952400474108,0.09765842440401698,267.47210761462475,7.92109533900443,-0.602351397291442,granite_gneiss,0,T0009,2026-01-15
S100261,21.494798514273807,79.89175979345352,0.09516706065288132,0.12724916488000426,0.13708479721153666,0.2659809902418054,0.19223989529230046,0.24355182754749957,0.14028650991980884,0.06567771998614134,353.90920272858614,2.5647731629201127,0.5230261255239497,laterite,1,T0907,2026-01-15
S000175,21.368015541845022,79.89525970238054,0.09088887827017798,0.10090743217921476,0.0925669554790469,0.2647814253368143,0.2712876810262914,0.15576319477317138,0.40792026468294795,0.06904368396502922,297.1742118738498,2.0724281762154133,0.8623741855373671,laterite,0,T0707,2026-01-15
S000608,21.093540773552384,79.938691873904,0.10764266876401801,0.09269136285202667,0.12406982451047091,0.2305434132287247,0.22727299396150272,0.15632577516674917,0.2991466392402204,0.06960710179374936,197.28414059232244,3.479836889987121,0.637388470857497,alluvium,0,T0108,2026-01-15
S100240,21.497657168929642,79.88200469890218,0.09478652051349806,0.09342160259333246,0.06749706631806396,0.2621660178474471,0.252507075637509,0.20953681956396095,0.24003570402086086,0.05374205388322319,387.3606952738243,14.920396814855664,-0.18535519223655247,banded_iron_formation,1,T0907,2026-01-15
S000459,21.57035303042946,79.58406260715901,0.10260758984754101,0.13547221793308553,0.12086240901038554,0.3494352535178438,0.19410337399530006,0.17904881003966538,0.30741828747028976,0.0053022842773421675,334.7122437306154,5.05922807292105,0.4643345496802246,laterite,0,T1101,2026-01-15
S000332,21.11515362510921,79.68794254364043,0.08666672360495745,0.08042446484627824,0.08563064304928682,0.21102316715481145,0.21097854716759068,0.193825880286151,0.30230316666600626,0.17293785809195597,361.5877486782847,9.611957221369558,-0.14098080152237197,granite_gneiss,0,T0203,2026-01-15
S000060,21.013592392624762,79.51198048474927,0.07909398413623915,0.0941666627806595,0.08409030345011481,0.28439945792190147,0.1961646277811038,0.2245900969553961,0.3109629714921838,0.16320733038516672,281.13018271280197,4.764301509350957,0.2059196369529603,laterite,0,T0000,2026-01-15
S000725,21.518160041912495,80.29998161633415,0.09664525274871025,0.10714998463895906,0.08743862581956818,0.27860297535445366,0.22760286481976497,0.12710497088064188,0.3177571428508765,0.24269982344489913,304.25730773588776,6.823831625146451,0.4429050697876934,granite_gneiss,0,T1015,2026-01-15
S001638,21.19034915873684,80.24593125091626,0.10697545688134026,0.0961005296501899,0.07597799806311817,0.21432396650369934,0.22767752272681363,0.11434996216328966,0.2809378166232516,0.291007316324137,302.84145811099967,8.13352899541082,-0.07166695102778929,laterite,0,T0314,2026-01-15
S000005,21.105111238350634,79.96639090070285,0.0833931023768854,0.1407171456248859,0.12057027606965064,0.18730458679871942,0.2272385635568996,0.18047225384614493,0.32812878250000255,0.19056458615548758,245.83806377841515,4.090035280985974,-0.4101471511626341,laterite,0,T0209,2026-01-15
S000662,21.487064446944697,79.97950237417771,0.10350538338612893,0.08742300877633422,0.14385426327894227,0.16801613490878456,0.2272643230720216,0.16720707361359394,0.32385168027208133,0.09594483059561533,46.73173950282015,2.8412168589380355,-0.4889131269482243,granite_gneiss,0,T0909,2026-01-15
S000880,21.393224070027976,79.55102200516858,0.06417979681372726,0.09982329226403046,0.09133196148745946,0.2511012756451297,0.19359599671166494,0.17021027697748192,0.47138121456456317,0.18831208913849104,257.4085686792942,13.456142548411012,0.31615490104584326,alluvium,0,T0701,2026-01-15
S000228,21.542614620054987,80.13751339107263,0.08300458562948707,0.08322278431607932,0.08823085564117797,0.23864255001016954,0.27187352929780023,0.12396601100394561,0.4731727258375932,0.14686006678292804,395.80567200960513,4.729955836059769,-0.5663268828826724,gondite,0,T1012,2026-01-15
S000376,21.067629639796717,80.112374707544,0.09778392458089137,0.09565430211773145,0.07961151403164937,0.2242336025855099,0.19424752543003604,0.19569164792182503,0.34927036379789794,0.20889914674940563,192.33794096860476,9.8455262893063,0.4819612212728196,alluvium,0,T0112,2026-01-15
S001401,21.015837509269527,80.28089339203223,0.09144574367299797,0.09548807276645237,0.06380966333701837,0.27695459065487704,0.23877584620919878,0.10742458925882117,0.2663446799288354,0.1782540420958533,375.5127781492968,1.7759138150330895,0.1218834050962158,gondite,0,T0015,2026-01-15
S000581,21.503582143240653,79.88138740430308,0.10774572534293647,0.075146301131552,0.10207227944268435,0.25358054363251836,0.20922211101285262,0.22197237496610395,0.3929634026688548,0.004150999177577136,407.9746636771198,5.532026327952398,0.5476913506200299,alluvium,0,T1007,2026-01-15
S100071,21.245117186234783,80.1176867192835,0.1115184057709078,0.11922186972240434,0.11472819699683512,0.2904664165482659,0.3337575628356622,0.24605745813201738,0.3106944383005361,0.19671991251578075,333.17509563079665,8.278771908601863,-1.049603171280622,gondite,1,T0412,2026-01-15
S001047,21.256868083419025,79.70054639160725,0.04623212487696833,0.06526497344979958,0.07887496676131314,0.2669759391469463,0.13292149680561138,0.15266497312366592,0.3664159694363153,0.21293654546357854,326.35687978459515,10.57064259390225,-0.5896212096478837,granite_gneiss,0,T0504,2026-01-15
S100259,21.356660198253874,79.53275756822858,0.07858568816551074,0.10982905179879181,0.11341892655903567,0.2488423307074094,0.3225884001285264,0.2831872089311,0.199911792957047,0.13339727482039904,239.99154087594792,11.736151652469525,0.5097554588323148,gondite,1,T0700,2026-01-15
S100051,21.004417361850603,80.02010001244703,0.099576826824744,0.08705081143040962,0.14383187228365132,0.26250850317099206,0.3060635937927809,0.24148587219138026,0.34633484023853056,0.21097123651261235,359.8612204543959,10.924114659054622,-0.4326714160509171,banded_iron_formation,1,T0010,2026-01-15
S100198,21.117860799428744,79.96915613841183,0.07015505822469227,0.12103709721055039,0.1318064114597278,0.2642685055614381,0.3091755064596984,0.1858253177339716,0.17752187963554283,-0.04952345545412011,305.83219449332086,9.04686567087746,-0.345057770575973,gondite,1,T0209,2026-01-15
S001428,21.09595655512106,80.2231375459291,0.06890859501834234,0.11029805550307453,0.08767140972541371,0.29755475513669505,0.21166504215296783,0.16567652738131303,0.23997747627450575,0.2584097347662689,218.33768777820714,5.91851477538979,0.09979670138009605,granite_gneiss,0,T0114,2026-01-15
S000290,21.018766350764885,80.18538457608157,0.07344095825384056,0.09302801023183203,0.08570785392695257,0.285613179819953,0.23667947792990743,0.1765165545977357,0.2124371127307373,0.17452387241160275,236.80839820063608,4.136155593862566,0.8228900313769693,banded_iron_formation,0,T0013,2026-01-15
S100332,21.4168788772911,79.68807769350452,0.0835423966001006,0.09330135925452786,0.1558179714246583,0.29470296787732625,0.2598904795140565,0.23684985423408206,0.23418090935590846,0.0367311141922505,271.7284021865112,6.581605535281836,0.3899348062613882,gondite,1,T0803,2026-01-15
S000999,21.19070402024049,79.50309110587337,0.10701585296947401,0.08636509926928747,0.1075397854153138,0.19698473989708928,0.24458909417541475,0.16896223705872332,0.3384692679386996,0.1373477234319575,253.77839446839317,3.9723552898776946,0.008221991747347095,granite_gneiss,0,T0300,2026-01-15
S000233,21.491447304648435,80.09363980265674,0.08494548434531043,0.09945234902179134,0.06679265506689908,0.23349606512829205,0.2635351529836186,0.1589178230200272,0.4342542454310535,0.11058316054645609,320.3405109292974,0.0,0.4499456631070412,gondite,0,T0911,2026-01-15
S001031,21.025884589857142,80.20079787147947,0.06027887850447484,0.07936302311550464,0.10504533289320066,0.2560432742951888,0.214306997661746,0.15971368518333365,0.29241914680394765,0.06585224688144492,306.971028739125,1.397793761505227,0.10336779580586797,granite_gneiss,0,T0014,2026-01-15
S001440,21.34516060599842,79.81820924686582,0.09213087672025785,0.11778174863752641,0.11189261776270548,0.2625450002945666,0.24211500653502382,0.1796477436226045,0.44040319570315756,0.15012224194152304,419.48823757575485,1.4651993005727775,0.7244492630710156,granite_gneiss,0,T0606,2026-01-15
S000954,21.115136563275243,79.6568962841156,0.08662224844900884,0.11750167102917353,0.10479579510837733,0.24158402464374404,0.26487943186521606,0.13324797808451397,0.4235991076441171,0.16431866996603783,237.72080142193983,10.011434276631656,-0.06941304926299288,banded_iron_formation,0,T0203,2026-01-15
S000751,21.10584136491265,80.03794944220535,0.06809484826182416,0.10632883249758462,0.13430191353080354,0.2312903132780956,0.2172861025486534,0.15161160715035285,0.16351842430494448,0.13033815786245545,219.24026503723596,4.3006379841666265,0.024004069104057908,gondite,0,T0210,2026-01-15
S000646,21.145680558147166,79.57612637872381,0.09643578847866174,0.13449295419181,0.09837625298921193,0.25029504046339623,0.2321762543853133,0.13206023643700687,0.45690609163825,0.0956719996861925,384.40862625048624,5.461600344212638,-0.010788708307634955,alluvium,0,T0201,2026-01-15
S000966,21.36975722099434,79.76751160065642,0.0829860403330271,0.09748103413550105,0.08208153747605418,0.1875227572928903,0.24709889601855603,0.19353531190468723,0.3335181052307244,0.16250039661137494,324.2967253657938,6.755049934085283,0.30167329218898464,granite_gneiss,0,T0705,2026-01-15
S000066,21.07344530863828,79.70597591458282,0.09405855546713887,0.09189880610620356,0.09303458943073371,0.2467574922894143,0.19596487772377555,0.16936737516173195,0.47064617476352755,0.23996565318452567,354.9033145598843,0.6986055055326892,-0.13424601289459748,laterite,0,T0104,2026-01-15
S001198,21.358545156560186,79.62861496368207,0.061889962022951314,0.11312506349791018,0.11609196124122304,0.2582406573670029,0.22467224668982144,0.15739983871544086,0.42836140807097567,0.07023750437958311,203.16720534475772,4.851957518047697,-0.39647711326522095,banded_iron_formation,0,T0702,2026-01-15
S000933,21.53208356356838,79.96211595726004,0.08179967157632592,0.09160303610208097,0.05782885398948212,0.26290487540621804,0.2023662029385858,0.19569763191112488,0.2624949994647832,0.2329177471860066,428.7642071292894,7.287560984710318,0.04607374401725566,laterite,0,T1009,2026-01-15
S000230,21.357382450806146,80.08795447887243,0.0392462646739455,0.11573700492236252,0.07843984572072855,0.2707765431666243,0.24026495288773586,0.12317805265625578,0.5213017772363212,0.15436003459434286,342.1627150788759,1.5883647882954675,-0.29949502304175857,banded_iron_formation,0,T0711,2026-01-15
S001597,21.077585551292263,79.79831346076517,0.08150543686239917,0.0897779020121484,0.0771131415045886,0.2543573148175085,0.2220478776741889,0.11927696651926911,0.21547457581092466,0.03355304181762177,206.67448073441497,11.584634995105771,0.5550212462583463,gondite,0,T0105,2026-01-15
S001616,21.0363689850045,79.58665813939031,0.08140486521417026,0.0931812510162172,0.08870068905495845,0.21271169773479526,0.22332725777878554,0.18973984655300383,0.4056113942014371,0.21431733467495323,260.449600187416,2.2297339468826802,0.4678088593226281,laterite,0,T0001,2026-01-15
S000772,21.317505731542717,79.60341275671632,0.06864451080718106,0.08220672378870791,0.08513837116668174,0.28592001467685935,0.25273004351908746,0.16600000760244257,0.40418061042825704,0.006455706075042256,211.12352305272339,15.706031626736586,1.145362114908422,granite_gneiss,0,T0602,2026-01-15
S000625,21.22946890076965,79.51137042365971,0.07586466664937674,0.10281065109345584,0.08027684804274737,0.21093476536985906,0.226222309230719,0.16199001378494737,0.2732500216606488,0.08760091726976557,320.8152402581642,0.0,-0.12330943660210665,alluvium,0,T0400,2026-01-15
S000038,21.38930816039617,80.20797600113248,0.07933059721562619,0.10522332205758061,0.09426757302505853,0.3010302164535635,0.16695151736156832,0.18616095395381366,0.3247583999002623,0.1761672991134692,316.91527121997734,2.90835065988556,0.3784367905672291,alluvium,0,T0714,2026-01-15
S001151,21.393850274196442,79.54076562030993,0.06710313384684544,0.09383223260890858,0.1320309096877108,0.2868198990709783,0.20877775713969862,0.14948305245089943,0.47688663933769604,0.12634720393067872,269.49249171587667,4.985939500572692,0.1737584195694541,granite_gneiss,0,T0700,2026-01-15
S000076,21.102138180355645,80.07826260963368,0.09184270162446266,0.09695424152075145,0.0771536921625345,0.26930403611728376,0.29439484272258654,0.19207729397703688,0.2900780080590765,0.15764314084137537,374.3641569876543,6.047399818358177,-0.0007334467694041384,granite_gneiss,0,T0211,2026-01-15
S100192,21.073654759446892,79.6447413217847,0.07808232794868059,0.09479542738873759,0.0945628963099823,0.2889863076280081,0.2793350095210104,0.18946033828696957,0.2656429628910788,0.06670205536499106,247.8382048459382,10.619929275698707,0.2543297715090494,granite_gneiss,1,T0102,2026-01-15
S001075,21.298994294473253,79.7150617751108,0.057711771962149695,0.11295047909717666,0.10944678982513963,0.20081513948482127,0.2744889699093804,0.1696776771504956,0.2957902627688025,0.18202671802966264,353.8751727613608,1.4210925774874874,0.012000306482740116,laterite,0,T0504,2026-01-15
S000254,21.13147000445078,80.28936958322502,0.09109781166860453,0.10633648971920136,0.0663296615077871,0.26090767821424105,0.20341253729225517,0.12395911487165141,0.2709679637064153,0.10361166073350926,278.47615580493493,12.36306320893918,-0.02120843990025661,banded_iron_formation,0,T0215,2026-01-15
S001133,21.147197019734435,79.74405185316911,0.0835508239709408,0.11903313131449732,0.08732443327538764,0.2948279725734685,0.23080467778686778,0.1227547477030827,0.3533178029081379,0.1069301821064961,256.6139302313707,0.0,-0.25734737869777347,gondite,0,T0204,2026-01-15
S000216,21.521247465482123,79.7195284997246,0.0871672703275122,0.09432181719094647,0.1190370360276255,0.19443859483503223,0.18718928444177324,0.1473533960875593,0.39128608610712395,0.12840514486479934,328.9574295609196,2.610850416419738,0.034691853068891644,banded_iron_formation,0,T1004,2026-01-15
S000626,21.4558036223928,79.67287243066976,0.06149767451390517,0.10632952754360318,0.08020951247176863,0.23026673022302738,0.2771819853074111,0.1969298012987888,0.313111233793623,0.26368192019431513,229.21864810991198,0.3361291164804223,-0.38318631038585305,laterite,0,T0903,2026-01-15
S001072,21.275969242161917,80.0930890983599,0.06701841374911374,0.08724652350898579,0.07903169716751655,0.25177786915436384,0.2444051350342763,0.18759226528531997,0.3311912681273481,0.14189204697431695,259.23611771637616,9.086814446880453,-0.21218493217382817,laterite,0,T0511,2026-01-15
S000346,21.56668851379365,80.04329069325765,0.03637688370538768,0.12349961788674543,0.1416951191341603,0.265475143958295,0.21268614273929978,0.1480410312611582,0.42156567920918087,0.18044892214922556,314.5317311147985,2.6585507815879708,0.3630234666451047,granite_gneiss,0,T1110,2026-01-15
S000898,21.503182280873187,79.61628024400675,0.07496693916867199,0.06642676895625482,0.10993889160921537,0.2514833327751278,0.2163654058844282,0.1566378246810425,0.30813244653795213,0.1309467770398101,357.4318867131761,0.23862800677665863,0.8622517412443373,gondite,0,T1002,2026-01-15
S100141,21.294424196612713,80.20912230937897,0.08421069341578494,0.1051326876216306,0.11642856064212292,0.21703574002943982,0.30682607767000203,0.18042909448994462,0.19470418363350497,-0.07465166752944294,321.9422060436218,11.433806945718716,0.6765367887710296,banded_iron_formation,1,T0514,2026-01-15
S000997,21.205022577174464,79.72497071487415,0.07981699911565529,0.06419839605085378,0.07723439235630994,0.31075192839603866,0.2447902534879051,0.1868759606888739,0.36919115840945266,0.08890697790871233,366.9887098222573,7.222951363360562,0.18653254190611573,laterite,0,T0404,2026-01-15
S100002,21.51515875194683,79.5936828527201,0.06758357228638823,0.10640899027692076,0.09619313023663259,0.1931295172381154,0.27279723383886356,0.1970471161930775,0.26340755706335683,0.0956223698982128,370.527617548258,6.9049088858350585,0.4239793717318499,gondite,1,T1001,2026-01-15
S000861,21.22680906440181,80.22151664840749,0.12264117971431768,0.11295144199680038,0.07740467045887316,0.25965560511991126,0.16886310353673328,0.16991943027699,0.33002060396716193,0.09240158797333986,318.80346264082414,4.562848359615669,0.6710151728722383,alluvium,0,T0414,2026-01-15
S001509,21.157748443277306,79.79717735213443,0.07418577976990393,0.1322693737914455,0.08056286258367243,0.1966854302842099,0.24976353921224845,0.21288352982489714,0.36734198373542476,0.17140006888059847,341.31812132692585,9.434946705074491,-0.2118541741753373,laterite,0,T0305,2026-01-15
S001262,21.585746574204403,80.2696928851927,0.0805905117396408,0.07755895272230992,0.09051060540806263,0.16044251068264126,0.1471450842983817,0.10605170897271188,0.1033755885640949,0.0898240931037185,349.0350866195816,4.05962439246687,0.31749991812797795,alluvium,0,T1115,2026-01-15
S100339,21.561563893620377,79.73950663321186,0.09380182830350792,0.09467205849614983,0.08763545460963215,0.22315404819477314,0.37358008011290256,0.17683674618279402,0.0798321141818423,0.0969859608129589,303.21939013202643,6.188980160715184,0.004586624091064572,banded_iron_formation,1,T1104,2026-01-15
S001409,21.10298250757731,80.21469904705273,0.09285886786903429,0.12158195261823954,0.11034588473715101,0.2917177968905038,0.23664020190615012,0.09508388547160955,0.24701582412157516,0.0010363271491370674,296.075147461009,4.406500073638956,-0.6690503923389314,banded_iron_formation,0,T0214,2026-01-15
S001176,21.312892267691513,80.05030949247475,0.08189113820028626,0.11087912549606221,0.10329701680556513,0.23291520705750018,0.18310484365248886,0.15051991474422652,0.2715313554370385,0.0988981178544857,303.3267032198571,9.907353788437563,0.050045536414287856,banded_iron_formation,0,T0611,2026-01-15
S000123,21.49312227773922,80.00255434074259,0.062446913301748966,0.11670536159259869,0.10980828070360266,0.24062435115163716,0.30440947404556495,0.2006810291435418,0.3463429142026652,0.18965258673503477,343.6609975935389,4.034777269266914,0.08488923135654945,banded_iron_formation,0,T0910,2026-01-15
S100265,21.099319033641166,79.82926080175525,0.0847023988630333,0.06909400108942484,0.1006501984524953,0.29012823478471,0.33979822390266656,0.1967377862796894,0.1255999377226193,0.043747571810948585,398.4947964127946,1.1566176061218698,0.1957480186740536,granite_gneiss,1,T0106,2026-01-15
S000016,21.191381755549585,79.99357859950145,0.07250388909354816,0.06048206229750123,0.10794509360067489,0.2749755702921516,0.18302767336205597,0.1715700617923181,0.3189771299224039,0.08566436068493023,321.2206574867429,0.0,0.09809482937264491,granite_gneiss,0,T0309,2026-01-15
S000381,21.24001499747065,80.11104228186419,0.1097312650797298,0.13842793512593937,0.07327700357575173,0.3398471132095984,0.24033356473675457,0.13970328792522113,0.28869591038245723,0.1269679912237667,356.3519880391975,7.894115386915223,0.536012338300554,granite_gneiss,0,T0412,2026-01-15
S000653,21.052573746843922,79.57721889544452,0.07561202780572351,0.08616982098216484,0.13104134642814738,0.22755472568300433,0.24226266658932277,0.15265693560753044,0.4058150431211267,0.06691794677375013,354.44275822104913,7.127552476807198,-1.1932023406838534,granite_gneiss,0,T0101,2026-01-15
S000079,21.01183136640689,79.56381331398845,0.09395904318296304,0.1142536849498075,0.0981912322227057,0.2703447115971247,0.2823711954917877,0.15259869855781832,0.2999996763040422,0.2433181402247651,234.21122903682988,0.0,-0.8711489954641841,granite_gneiss,0,T0001,2026-01-15
S100271,21.10478488256151,80.15806647249394,0.06666498299586289,0.05724998807838825,0.13156309833729044,0.26133147192602585,0.31438845995616427,0.16812786559773246,0.20376464450597037,0.11919723039960238,292.24665702052516,7.2323599316812395,0.3193796908379885,laterite,1,T0213,2026-01-15
S100184,21.463207459266595,79.61327671085502,0.08545911509726778,0.0897833088189397,0.14598693861107082,0.25119335148506555,0.2673196539703168,0.16330442022909644,0.26529502068598665,0.018113050849759865,440.05778609540926,10.045681650919873,-0.327871731216157,alluvium,1,T0902,2026-01-15
S000579,21.248728814454193,79.92946272096172,0.07997748201206736,0.07363941128244479,0.09116358187006994,0.24553604047998656,0.29325016799114917,0.1940185117859394,0.3944822299807667,0.1841172313399644,221.43923288515845,2.134074439517843,0.23363813425257382,granite_gneiss,0,T0408,2026-01-15
S100244,21.363609492420007,80.2705689788395,0.09938819581496411,0.0992448993110294,0.1280675248505345,0.2701460115009622,0.35725908455709665,0.2553801342915762,0.285935969583669,0.0014103007198034007,357.54053429576925,12.155631533532958,-0.6322151805886068,alluvium,1,T0715,2026-01-15
S000571,21.540409019857346,79.89060151222503,0.06466367466645437,0.09521442081931314,0.07660759063650277,0.2015588147939571,0.25883275847955833,0.1515341983256423,0.3139010457399565,0.182129292949182,341.15294991853597,4.9688978857026145,-0.35214196838723477,alluvium,0,T1007,2026-01-15
S000085,21.14706016940102,79.79674873609733,0.05951302669479737,0.09595591582201794,0.1326296022888544,0.3588209250975023,0.18142823928233393,0.17472045018291876,0.4721961876783608,0.0918822114076908,261.3205809110016,9.55480321233576,-0.5666233928425379,alluvium,0,T0205,2026-01-15
S000236,21.085311607809018,79.97893077796614,0.10526076618253177,0.0860441309106468,0.09984164530181351,0.34484186114274035,0.28499846556407693,0.12674690605384567,0.3916089785938237,0.1900335225965806,216.82172505307176,3.3776678362754002,0.16817704456420718,gondite,0,T0109,2026-01-15
S000457,21.430175157536684,79.60850104909267,0.06086851301127107,0.09982558649573936,0.12839475540463927,0.30004099989261157,0.239149234531347,0.19645733809556742,0.310167593389208,0.03853777776151315,252.14780930090214,0.0,0.12401910095066253,laterite,0,T0802,2026-01-15
S000912,21.132060943647264,80.22918976418782,0.08677830716155127,0.10273423274589068,0.09234785542706016,0.24494966117245115,0.33693832311262173,0.19230765166961875,0.3151881534997655,0.18948342056704995,295.3516819414041,13.39931803904973,-0.09117439887814263,granite_gneiss,0,T0214,2026-01-15
S001316,21.50278781894044,79.56152666440433,0.061092387518137746,0.10231985366624843,0.12861921597807774,0.31277854543236466,0.22245403453953447,0.13482091770770707,0.2890327853346586,0.016143014113681353,276.359180997443,0.8054506022983414,0.17789285562222037,laterite,0,T1001,2026-01-15
S000126,21.154872899789734,79.55100138913384,0.05680195124444934,0.094047411598738,0.09683972526955328,0.24604867918237064,0.23517283798454003,0.19056247889313865,0.23358420644376132,0.14969726922597426,261.68479254595866,4.367700581948397,-0.7216021525430242,banded_iron_formation,0,T0301,2026-01-15
S000320,21.495989243394174,80.09654863368132,0.11446090861941746,0.09238736403063526,0.0949964551797448,0.25132582880693516,0.2512080727666113,0.20754113247210748,0.25843995060546315,0.10973487246444039,234.60130605602703,5.780199920780313,0.2669205082874678,alluvium,0,T0911,2026-01-15
S000055,21.230947468320625,80.24916073176679,0.07878307901255918,0.10634797764960623,0.05471980515008831,0.3305472987878951,0.1467328424109966,0.18019047478877898,0.38288181340340643,0.1083162399489899,243.20770360604016,11.389793224257659,0.023297083553017163,granite_gneiss,0,T0414,2026-01-15
S100273,21.354686289666585,79.79816187304539,0.06351738557321046,0.12275913538800098,0.11362653818846391,0.1683656459740992,0.331659957283393,0.22843619367768714,0.10119556166980512,-0.0008210568390683778,260.378127373611,6.423166998454207,0.3750741316161668,gondite,1,T0705,2026-01-15
S001111,21.40121993224496,80.12178025544607,0.07118850367733848,0.08405508272039584,0.09040633288933735,0.24633070324763032,0.23950334159480147,0.17044978452638437,0.4920303435282651,0.06633899734548915,191.61396564186083,13.667389822015663,0.2688335859946895,laterite,0,T0812,2026-01-15
S001469,21.209449564493923,79.58818016387666,0.09278805660771983,0.08373794494267561,0.11358277636650392,0.1833095853462683,0.17151156259939793,0.22284235046061465,0.3396782303508951,0.07917386207116553,172.0020720211329,1.0574106503068368,-0.8677050795826218,laterite,0,T0401,2026-01-15
S001094,21.266792982174838,79.99029879118362,0.09376310275200653,0.12577567025635122,0.08532398358271973,0.20459423952146355,0.2602782592542604,0.18693944962708403,0.3558306783769058,0.07131227930430274,242.46541807691236,5.267470603379098,-0.014628663981464438,granite_gneiss,0,T0509,2026-01-15
S100250,21.391158615347987,79.94248304192902,0.05732457949160544,0.0830779572764534,0.10535984134188571,0.2295649164668341,0.31465347875736244,0.21729130761679558,0.2876386486785483,-0.05970239634098129,329.55786702977844,0.0,-0.20139147055311984,gondite,1,T0708,2026-01-15
S000053,21.316988637340955,80.27526938207913,0.10372259682908402,0.1340003609548381,0.10974822018048468,0.24726555416700416,0.22366788709649318,0.13712496751101047,0.19182511648403278,0.27895748295321476,213.8938130761686,13.84751856110658,0.05248152447593078,laterite,0,T0615,2026-01-15
S001025,21.432577298296028,79.90045436863245,0.08708417611979058,0.10219280388314667,0.11771304715592135,0.262395912089613,0.2676498378878517,0.13818403064422483,0.383838459068546,0.2089435468226393,244.983379607005,10.051799943082784,0.6795889415259573,banded_iron_formation,0,T0808,2026-01-15
S000947,21.10979336011612,79.68861693837917,0.08132044694352951,0.0911709988313355,0.10558502775888041,0.32479553891385443,0.16892243130709728,0.1524027382615236,0.3942774321110517,0.23678060750486227,250.316071160648,6.51348735239903,-0.07448548697886254,granite_gneiss,0,T0203,2026-01-15
S000355,21.000188651786452,79.50542527952105,0.09430278807979854,0.07721785071861441,0.08767986595926469,0.2591029936328229,0.20432805903727252,0.16236202429642654,0.353142945725644,0.19656524208594503,295.3626255638955,1.9430074240598065,0.13567848133129215,gondite,0,T0000,2026-01-15
S100310,21.28672636441425,79.6094570224237,0.06447051183703273,0.09391044384506947,0.12803497838639494,0.2739833807916151,0.3347481070092673,0.28195072773102564,0.25729421297578486,0.05886176971943855,242.83219779747253,5.167953597195083,0.3378033165822392,banded_iron_formation,1,T0502,2026-01-15
S000566,21.320651371345107,79.78893864833415,0.07004528376213766,0.09566052822532291,0.0981839579246359,0.24633925219554084,0.1671943579778896,0.15788877447029556,0.24138453805489665,0.07144151389501778,204.19629620398098,9.688948539455101,1.302993144179664,granite_gneiss,0,T0605,2026-01-15
S000021,21.290001007929682,80.07540239256636,0.07317256960482983,0.1263288522008796,0.09257493468095741,0.2596852011480135,0.2883822883235092,0.18919241286895636,0.3155745630022224,0.18564787546592598,313.2335535255378,1.3411352585946839,-0.5199532173377279,banded_iron_formation,0,T0511,2026-01-15
S001205,21.574567395553046,79.62001903768785,0.07689798921398633,0.10521773034633386,0.1302509445313387,0.2607895473611234,0.25151169286078146,0.1716763072662634,0.44064246549773145,0.08357085132646717,271.9698859538479,12.420832687473009,-0.20219932439255756,granite_gneiss,0,T1102,2026-01-15
S000065,21.408966509002443,79.9947219503266,0.1265689659590582,0.09500963898941202,0.11207350964311216,0.28605509741637747,0.20190780262931865,0.15244246833846503,0.2782075885704245,0.17925749930946477,285.08850237098864,2.1605226901862946,-0.28775751063778693,granite_gneiss,0,T0809,2026-01-15
S001514,21.014215365189788,79.87800007062434,0.12083077568633889,0.1357275537001128,0.0914062331716257,0.33091019251496007,0.22939385946532787,0.12061161489746378,0.30915027288484986,0.18826643287949363,340.1324448662719,0.1523961013049373,0.6070081254670298,banded_iron_formation,0,T0007,2026-01-15
S000172,21.15737469643129,79.5542790263232,0.07227266222786226,0.09345424177238888,0.09269241987772207,0.3253355114166875,0.1747676274413575,0.1566035691726335,0.42314433009836583,0.07690676811910996,211.270665197093,3.129238293708089,0.31676853753229106,granite_gneiss,0,T0301,2026-01-15
S000392,21.087349615261342,79.65446656596865,0.09708313330732758,0.12459139475359388,0.0839746413084411,0.3053524699542244,0.1436870169277349,0.1350356474805017,0.28583237415499146,0.11994131802566246,336.66473838862225,2.314144957870359,-0.8099091471109091,banded_iron_formation,0,T0103,2026-01-15
S000405,21.504859110686326,79.9362691673004,0.09238771284171643,0.06814397142916698,0.09677996216825603,0.2541261814623129,0.28764837112688657,0.11352331611445976,0.3868133616556383,0.15846751224919067,326.67679657871474,1.992630106758889,0.040237806694783655,alluvium,0,T1008,2026-01-15
S000996,21.412138953311242,79.70376818324412,0.10881214738220449,0.11541587886283626,0.11468231839488534,0.2791208141782192,0.21689633509008094,0.12097642727163077,0.36240370050439796,0.0609812411990215,392.59203244866956,5.420148304111368,-0.637415347067984,laterite,0,T0804,2026-01-15
S000048,21.104635030693828,79.90144385206085,0.09204072999905019,0.11397320991304793,0.11298749718776735,0.2464126293523261,0.24135402772083886,0.1412197745594343,0.19888420583658675,0.18389581354270265,387.4477653166627,1.2925825411848182,-0.41085506308197994,banded_iron_formation,0,T0208,2026-01-15
S001254,21.42344283254534,79.65622998357851,0.06863297056609939,0.08589585429383415,0.0910724897331558,0.17350594906213135,0.2600132334925471,0.20900382084856914,0.2731404709473959,0.16153765414941815,298.9663870254632,0.0,-0.956664096033174,laterite,0,T0803,2026-01-15
S000334,21.411189145451548,79.77156957645656,0.083236379796304,0.11159299663538805,0.08468704641467709,0.2272473447336984,0.2260335001475403,0.1581640321884448,0.5594538738864331,0.25238496399434796,261.85493080926267,3.9176011537053403,0.2477941278164586,gondite,0,T0805,2026-01-15
S001378,21.463797237060827,79.98385964646093,0.05565912599940115,0.0788923944782858,0.09740074277052103,0.2984698155729708,0.20185270820287227,0.12921972252841418,0.30170574610706513,0.19608376236881275,365.5243553387487,6.269369860977499,0.5941711024040597,laterite,0,T0909,2026-01-15
S000188,21.20701679210557,80.07354123674864,0.07046044049624643,0.0708648776616807,0.08834940513918271,0.2684612993703151,0.2111007218830517,0.09358295495452175,0.42192987871992893,0.28552719602117593,194.09753902737236,4.056180600638917,-1.2520949598231457,gondite,0,T0411,2026-01-15
S000576,21.03797018004122,80.20234151345336,0.07667758848341055,0.09340204514995562,0.09686917050831177,0.3258926268732829,0.2172745948161015,0.15058033002682877,0.41316450033575297,0.1130570955463475,217.05386864313263,2.280894478416937,-0.394626446960608,granite_gneiss,0,T0014,2026-01-15
S001029,21.058218216320014,80.08826548534579,0.0856421468605994,0.08856372686861452,0.11457582769677566,0.2581631000013121,0.2769201008457841,0.1616979834990153,0.4688765243580679,0.20460408352912507,298.64279210457465,13.9366987233042,-0.17799889025611096,laterite,0,T0111,2026-01-15
S001247,21.422290645212215,79.78913743404692,0.08147902607357767,0.10478476240535405,0.11424723428836382,0.18982923678975283,0.12983163149153243,0.13463732222279698,0.26397887188313107,0.22165106526375047,332.0763914815158,6.445245098351423,-0.09081011430032157,granite_gneiss,0,T0805,2026-01-15
S001579,21.296495292553278,79.90852654803737,0.038083380874142765,0.10489016267656683,0.07554777441504937,0.2909273467410784,0.23117169351728598,0.1737125307090478,0.3013385940230001,0.19573936577835457,224.96086433684587,0.7937480218462456,0.9917578566667797,alluvium,0,T0508,2026-01-15
S001121,21.578112818435507,79.67547650865518,0.10105122174512024,0.12137087170564503,0.10203507753052733,0.2685715550978666,0.2747607898037809,0.22189539102678946,0.35674246810187976,0.13227149721411138,187.96227926388264,8.13090266751668,0.17021750743157604,gondite,0,T1103,2026-01-15
S100182,21.31131501623187,80.17125578470537,0.05283473210282422,0.08998763708022695,0.13799999328859466,0.30105883531123717,0.2874025343697142,0.21263349504397944,0.17386821662130456,0.11599360608576928,265.45382668379864,9.05350325086345,-0.13568824646586228,gondite,1,T0613,2026-01-15
S001580,21.10007832829428,80.0015958719524,0.061552264148306654,0.07522955186018908,0.10338933319526977,0.24492990735303732,0.182855742358886,0.1244100544731756,0.2799754895648222,0.2154896217959289,371.2994798228171,6.061757123083431,1.042913581721602,granite_gneiss,0,T0210,2026-01-15
S000800,21.491639704280598,79.52930795344284,0.09713153304065948,0.10634354932743806,0.09912798529826514,0.2731919670586643,0.23357752421678488,0.17657352240652008,0.3242481268971464,0.17461381993163444,238.86959246307822,0.0,-0.2951718672733228,granite_gneiss,0,T0900,2026-01-15
S100170,21.174550702884073,80.05013203933287,0.068665739493797,0.08783504105601767,0.11107589471305475,0.17941535790462926,0.3987678414677127,0.1492753762303805,0.1097592578521707,-0.03836725092000158,416.2537462811008,12.710969598204821,-0.29295910522579244,gondite,1,T0311,2026-01-15
S100292,21.55490512141084,80.03729024708468,0.10131370349440096,0.12158631312864242,0.12020671126364708,0.2690964229374435,0.2024665034488151,0.16986822745484637,0.27263104083465434,0.21622245850185023,211.387200734791,6.471656708764357,-0.23190022067571728,banded_iron_formation,1,T1110,2026-01-15
S000201,21.552738301631024,79.63855766930655,0.08542127168577018,0.08709728557752862,0.09717088439197777,0.32025934155558844,0.17367602672241306,0.20443367366675416,0.2848909435318603,0.09692065179538953,392.8317835640644,2.001783455241452,0.4665715152005734,granite_gneiss,0,T1102,2026-01-15
S001096,21.33902966775128,79.60180609462778,0.08862723171487398,0.053116848318164975,0.09832281667255346,0.261504427327256,0.22430762601542278,0.22142291205239145,0.1893481755359828,0.11060765180781125,266.33120717720516,6.856665371233639,0.022239969483423046,granite_gneiss,0,T0602,2026-01-15
S001516,21.123656343798263,79.81467519392025,0.08251658567662015,0.09378302190733821,0.08013691607146858,0.2625444902454184,0.29018475213921247,0.17572279457713597,0.2973368487499116,0.037512894601180985,248.23937821760165,8.896136275558947,0.34271965088084694,laterite,0,T0206,2026-01-15
S001291,21.12173507688361,79.74370191048732,0.06558223286383946,0.13082286354723013,0.10160670210479618,0.19339620607505198,0.19933828797550107,0.1676468522702151,0.3968463015818318,0.12678434133817845,155.73858947208345,2.02373979526144,-0.576571405235617,laterite,0,T0204,2026-01-15
S000489,21.13610489077934,79.53908792540643,0.06469771087312226,0.09414107836305739,0.0896958350053628,0.20227708013051782,0.2907249747597842,0.15736961671335356,0.24151622330123032,0.28178543158569,213.56994413520712,4.042840112494382,-1.0112801900694097,gondite,0,T0200,2026-01-15
S100272,21.032029159576304,79.52957658176094,0.07693538079483572,0.09554355648485578,0.11723905849436933,0.18442440378141725,0.3184954263540128,0.2184597142496509,0.25008354956980894,0.07551675265949617,379.7932930699042,8.26680977429096,0.16577084756684632,laterite,1,T0000,2026-01-15
S001189,21.303498657933915,80.04229149144408,0.049687959162750386,0.11894576588995626,0.11849941438808576,0.1873300403742546,0.24568869157809856,0.15448265661207936,0.37166513255048117,0.20234916364330519,234.18414054232383,0.32293756295371967,0.2208524041589075,laterite,0,T0610,2026-01-15
S000674,21.24835908490571,80.20404479920644,0.09001991138694561,0.10308549608395394,0.068416381693645,0.2830027638432822,0.16337573941752137,0.18089981923837484,0.4400214196950121,0.15994217203007974,349.4368784496138,5.7773738579268255,0.9787150009589963,laterite,0,T0414,2026-01-15
S001383,21.3452121721891,79.5741786701411,0.07509751127702075,0.10941739459744479,0.10671846944481003,0.25276632900065765,0.233662869194007,0.15528201074050477,0.34611020117973806,0.11237200620059354,311.85959669107416,4.356776562657367,0.2663036418969265,alluvium,0,T0601,2026-01-15
S000011,21.023931361627888,79.9383519604905,0.022475191916864777,0.13563851728730045,0.07813349682977333,0.26148286489627126,0.1702906689506426,0.17317892342867056,0.34057551299672617,0.025181901917451552,312.85224669279046,12.190799351179216,0.3302426120133917,alluvium,0,T0008,2026-01-15
S001309,21.23312131827377,79.89094972109358,0.10757875661289112,0.06006914920729815,0.09721569573023724,0.2757342881303868,0.15558384540375347,0.13976456982262425,0.3254057367266747,0.12537558437664578,207.1830179536455,2.425226775747777,0.196105834663907,laterite,0,T0407,2026-01-15
S000361,21.08590725029163,79.86707534916727,0.06743682231989957,0.10919121676740193,0.09014365220565444,0.2705491197518004,0.2060038841743302,0.1780798871379379,0.43651791394844813,0.1635864140652225,191.17484979167656,5.816652061295308,-0.4434348159191166,alluvium,0,T0107,2026-01-15
S000373,21.15294054228154,79.62497949577929,0.05392116825922101,0.1226416002130486,0.12662949899009313,0.27390163782987026,0.27712877855276913,0.13809291513454175,0.42088410821285527,0.2376883417928064,245.35149874474587,4.942278977119368,0.031476467608010095,banded_iron_formation,0,T0302,2026-01-15
S000417,21.35993485540638,79.78546213812638,0.08642376684444876,0.10920125221297854,0.11899294969672197,0.20735036575737004,0.2265213269907201,0.18854962915777038,0.46064916328553906,0.18232304634462482,245.07105961853958,5.567292700478425,-0.7479924853861181,granite_gneiss,0,T0705,2026-01-15
S000158,21.11983409821262,79.76707988093614,0.07358494488052035,0.11677839108609679,0.09146299987055313,0.18330505086226698,0.23031706363125143,0.18045045760564282,0.4367172995090475,0.12923577650263995,211.67374635907532,5.508662245140132,-0.4225798236399104,laterite,0,T0205,2026-01-15
S100334,21.079261702380926,80.22725185153836,0.08760046598097226,0.08371660036027774,0.1264209201832967,0.23522178648705006,0.3236352829396655,0.1986278537994352,0.3378889113802477,0.0577945300578678,412.6095713608732,1.3336101299271563,0.4215871550113345,gondite,1,T0114,2026-01-15
S000485,21.426532609637693,79.91115086926365,0.08343065583819698,0.11872344133622775,0.08223222162125422,0.24870915093540225,0.18798042964570572,0.19218756341144927,0.28549831466383013,0.16378858638256708,245.8895173295015,2.8334554180488443,0.695700430299767,granite_gneiss,0,T0808,2026-01-15
S000891,21.493975296865052,80.12112357076144,0.07886279705810162,0.1019994555498474,0.10514192801410058,0.2853351476800305,0.18982706352477005,0.14020239198227882,0.4403494098502682,0.01504398454290054,422.05775075103224,0.0,-0.10042589307066561,alluvium,0,T0912,2026-01-15
S000692,21.21044037104597,79.59080649704684,0.08339215921859926,0.09084676228482154,0.09889224167911564,0.19360462533770764,0.2483703458291158,0.1730769869231155,0.40796188752164486,0.22317853307271276,260.2811430466297,1.9630729819601895,0.19851238052208434,laterite,0,T0401,2026-01-15
S001563,21.28529300267691,79.88052168540122,0.05709852083281952,0.12852933324246607,0.12801048581228383,0.27404620979980254,0.26274138515695183,0.13818366505717394,0.3001375353924251,0.15278326714934087,390.65825039228775,3.069221929557449,-0.44020606976314286,laterite,0,T0507,2026-01-15
S100015,21.136343233070868,79.61822669803375,0.050627211393694166,0.1285396953445294,0.1329003337863012,0.2546072353261116,0.2822652048189149,0.17131698009200425,0.20770519165103857,0.03479416892469265,368.55168391119037,8.620138757629313,0.27653839351262244,banded_iron_formation,1,T0202,2026-01-15
S000347,21.124638441221748,79.92507900261556,0.06462125588241352,0.06683598702801843,0.1097880910032289,0.23927929000297385,0.21989007637271832,0.18481227840324335,0.2776699754752205,0.14862527262534697,369.7579575893039,1.4505481125791677,0.05015797107935429,granite_gneiss,0,T0208,2026-01-15
S000540,21.154285222284717,79.55807314105893,0.0757673371325464,0.07464701537570331,0.09849538974049363,0.2547886702613579,0.20206944595127058,0.11562790546160533,0.30708294847050116,0.12077073188222766,224.77015913127246,0.3563977662864479,0.006760713063433019,gondite,0,T0301,2026-01-15
S001619,21.059045756472027,79.8086822098753,0.055299820262121255,0.10813755457036697,0.11964051478801786,0.24067411133482414,0.3269230439800228,0.153734514389017,0.31703146618451156,0.10760376147013953,280.1606276505935,9.466069145001889,0.3765830307907999,banded_iron_formation,0,T0106,2026-01-15
S001212,21.090551853197635,80.22247660372703,0.08217107395681054,0.09576499859526119,0.09275211552614995,0.26789821832880517,0.21183241020652097,0.17163865519846497,0.3134672814886088,0.3064313266100196,220.95857183777088,4.978042958900323,0.11758441699590323,laterite,0,T0114,2026-01-15
S000543,21.499370090946485,79.81565600823065,0.12386686772149627,0.09705413228097808,0.08394290290812619,0.2700738070086043,0.27806668170096327,0.13440886000859728,0.16822529596513186,0.14097642067527505,319.8626735767899,0.0,-0.7657421482889973,banded_iron_formation,0,T0906,2026-01-15
S000105,21.54926301031633,79.95380625266179,0.09707652481413029,0.08748381137252807,0.06506578625317608,0.29873959687212903,0.22315554234691587,0.18759133457309085,0.30952647668138783,0.15129140051041465,315.2603932361411,1.3148087354804137,1.3167977902696801,laterite,0,T1009,2026-01-15
S001617,21.0050769114536,79.75010828335581,0.07328589722600973,0.08962634941880487,0.09373988374287218,0.27030908385355,0.24021944458501354,0.12105840961785516,0.20283236059310328,0.1169650094945772,289.27019494766637,0.3648335167714638,0.5062721246935221,alluvium,0,T0005,2026-01-15
S100199,21.186194203740058,79.89463198068053,0.0840170059455186,0.06968616156973056,0.11869908654562382,0.27987387242537176,0.3023637333210007,0.21870370519311955,0.30358982499635423,0.028135119084089107,275.93673455652197,0.0,-0.7427695797611369,banded_iron_formation,1,T0307,2026-01-15
S000846,21.321267312635328,80.03433858437451,0.10561665513026407,0.06005956220091388,0.11256929764388493,0.2687788388399118,0.1810156231019034,0.1501392128121526,0.3741770770863996,0.17571390090105773,272.46402068158653,8.063269985045999,-0.1565663221583921,granite_gneiss,0,T0610,2026-01-15
S000695,21.507311962726938,79.95794475379832,0.08158740332034892,0.10570395904987555,0.10176901496925424,0.2541353282320256,0.2864724646777496,0.16667556009211662,0.4515066396080461,0.1624830711084266,303.4734498044039,0.0,-0.2651245062181594,laterite,0,T1009,2026-01-15
S000771,21.50446685936426,80.15811572546815,0.0532566444001526,0.09348662086443651,0.10331005346048736,0.26697810753130397,0.22287260902040054,0.1366506566333441,0.45530785609637286,0.14137975164344624,283.91482767879126,8.484242336458923,-0.21321989721711254,laterite,0,T1013,2026-01-15
S001019,21.39009773512678,80.27210751862401,0.08108991154309285,0.07952973495648163,0.06952833758307986,0.22681334553786886,0.2253504754489997,0.1470739459079715,0.27605924713466823,0.15147748572195593,348.8087818981455,0.0,-0.249828099042478,granite_gneiss,0,T0715,2026-01-15
S000638,21.281993959400133,79.9336663358326,0.02410998551201983,0.10729510590383262,0.10464437011662389,0.2493850999575128,0.23167181846321236,0.1677029902344641,0.28470246187035647,0.15508380974284572,189.98146654887637,7.992099230729998,0.2639908507455058,laterite,0,T0508,2026-01-15
S000367,21.194051554776486,79.83788029495338,0.07531289023473503,0.12347242963127349,0.1499302877204139,0.21315126852514338,0.281592470096483,0.14483526585532328,0.31001717270051166,0.11685112750841328,368.2604748093829,7.218016336576428,0.8747744143920109,granite_gneiss,0,T0306,2026-01-15
S001411,21.352239248009283,79.95733392634243,0.10338394056666111,0.10065614414912169,0.10603942450551836,0.23133325721771617,0.2549366402603563,0.14766034292676988,0.5234011581249729,0.2889784452778067,221.10709609332662,12.588403795582504,0.880888190285113,gondite,0,T0709,2026-01-15
S001549,21.082318685023598,79.93780153123808,0.10808256759216181,0.10107130564513797,0.11018429593635704,0.24955003271248818,0.2585601524577799,0.2045611887036204,0.2637897474320337,0.2113694604163105,206.347058942069,3.6069575190209484,0.44494968162176635,laterite,0,T0108,2026-01-15
S001461,21.58004254480325,79.63027780245181,0.050917610093934106,0.07249271705865504,0.09956687009925203,0.2789231601202858,0.14854170450702037,0.12940157063663982,0.3403161885870151,0.19255521481248133,413.3082342785667,2.895858357827544,0.01822588844968459,granite_gneiss,0,T1102,2026-01-15
S000207,21.09649581738473,80.26097590957662,0.08232528274742125,0.106160758827993,0.10668244421445049,0.21486335413950278,0.18637950844133022,0.10984091706565448,0.3304610694636449,0.07768085915793364,457.50008016148934,0.0,-0.3817368538553398,gondite,0,T0115,2026-01-15
S100043,21.187419984829226,79.58847072879689,0.07205611380165852,0.11744697359923538,0.13573033502663662,0.2252778237285917,0.32273638098299273,0.21414986867036742,0.27225959066249816,0.028540406509905955,322.3816115958537,6.0464936764915675,0.5411759648958677,gondite,1,T0301,2026-01-15
S100274,21.408428716079705,79.53895877785108,0.055025147785845774,0.1003678843114264,0.11660827255005418,0.2627316481061246,0.24972065298522603,0.24918377084307222,0.3152330850634995,0.030357968721335525,337.6755705535027,11.354813112860603,0.4359877498595036,granite_gneiss,1,T0800,2026-01-15
S000736,21.387607034382505,79.65058029751707,0.05558091443480462,0.12140745768471418,0.1022448192854509,0.278261691713718,0.17215894384485236,0.18540283121340148,0.24647139479819669,0.060696523167467306,275.8907479223923,4.014745105671072,0.06834206777215043,banded_iron_formation,0,T0703,2026-01-15
S100101,21.419824280286452,79.61610420373204,0.11200094562639216,0.10969287022623406,0.12019104572513692,0.2242470394410999,0.2886662730517,0.24259636194483594,0.257846975842198,-0.09750346431307817,307.4580646383548,9.603686107225984,0.041359100931594436,banded_iron_formation,1,T0802,2026-01-15
S000871,21.48955863731955,80.25938570569949,0.09976544671834298,0.10606910168379073,0.11605420375399968,0.2717864426093396,0.2271219973485475,0.13602247082889352,0.3068368285298993,0.18903967500745777,305.45769547374164,1.6344528680968913,0.27395554074789275,gondite,0,T0915,2026-01-15
S001361,21.395435539681532,80.05881149429426,0.07725714328208513,0.1177047603418484,0.09733400556668381,0.2860986126970025,0.20107027515405881,0.16173459543351318,0.23134230328830532,0.17812932129453682,275.2874185495492,4.98508800805721,0.17021766085179324,granite_gneiss,0,T0711,2026-01-15
S001472,21.056007747408405,80.03473753306508,0.09825281319211956,0.09500616348553054,0.11506276470240732,0.24651107802468447,0.1943974388413187,0.1580436384288074,0.2606073564972847,0.11748189465991421,350.8316749077344,11.368890003755759,0.9438804426084848,banded_iron_formation,0,T0110,2026-01-15
S100107,21.163344937107095,80.25247552775642,0.07410862490676777,0.09651650875557603,0.13134341414039388,0.2734903064697936,0.25698320973524724,0.23515802547798312,0.2418116210745703,0.11269236703200419,283.02843560055834,3.852370237854502,0.2349124616024832,gondite,1,T0315,2026-01-15
S001257,21.451865517920655,79.83054445834847,0.04910773806278315,0.12169012585189085,0.09055731884861047,0.2575128659647741,0.2302807940758486,0.17290020833481828,0.3776429299996596,0.06242445319517327,247.67204004104508,0.0,-0.6115606999264664,granite_gneiss,0,T0906,2026-01-15
S000137,21.531397752027225,79.7537357557266,0.06482396960955299,0.08008523777745986,0.06918121394896028,0.2382669046037304,0.2607229536625213,0.16545157363121463,0.3367618757257926,0.23362847255399216,292.3673824470256,0.0,-0.027659283017623656,alluvium,0,T1005,2026-01-15
S001620,21.36653386643625,80.27868325805923,0.08459952230046948,0.08990421128835473,0.10944427725666771,0.27526396809165204,0.2363007448816967,0.11276842577122931,0.4419763026374257,0.2396541321300219,175.00404116779305,1.6567281846829762,0.325378449337714,alluvium,0,T0715,2026-01-15
S000521,21.048758816368515,79.59337484854076,0.07047225155139054,0.11674748568781239,0.10673097930320233,0.3013436405786075,0.22832026048296722,0.20219513423695626,0.3611888464607548,0.1539490403418095,213.93646412522708,5.148544061507865,0.3488107612162958,alluvium,0,T0001,2026-01-15
S000396,21.25765402981292,79.95657815433533,0.07508624144515816,0.13593640135021293,0.08897984161226652,0.28757471075194985,0.2590773181421808,0.1938160976690837,0.3369330718238509,0.09839010953214301,270.6126818244852,3.2277235115953644,-0.9731657794832269,banded_iron_formation,0,T0509,2026-01-15
S000259,21.46746224324062,79.91774148479338,0.05326465883642785,0.1367907531099149,0.10513775365038115,0.29136487015855334,0.25262254882649926,0.1687060091195106,0.37870812291047745,0.312813820170072,211.15378505489673,7.3783540349519345,-0.6318706342606185,granite_gneiss,0,T0908,2026-01-15
S000746,21.071659764867743,79.54749030420714,0.0999131990609573,0.0980038073361276,0.13901969880602108,0.2850493029338892,0.1593952927705172,0.09565915666133006,0.22600601287077005,0.044493580797798665,247.83340088047856,1.1388401887226136,-0.352217739700832,laterite,0,T0100,2026-01-15
S001575,21.373803343246614,79.95321893602856,0.0930454423513237,0.09102148144864672,0.09310004618664892,0.29833242019640255,0.17833534366909137,0.14983427079703535,0.42805412111217633,0.12135938451970821,352.37030212209044,6.638848023374024,-0.8480397655161913,gondite,0,T0709,2026-01-15
S000449,21.076897362387427,79.55461048444153,0.0540295150830021,0.10981270975565957,0.07284330378388798,0.20561098376813602,0.22425885237659327,0.16942599677620726,0.3455304696097244,0.31283344954199943,181.84195877773857,10.624664220369265,0.5456093885906901,banded_iron_formation,0,T0101,2026-01-15
S000677,21.338611984169475,79.62325754328322,0.07830093198584175,0.14349691914856152,0.08506383223990335,0.24854843504798121,0.1969638314906984,0.126787950729212,0.38388046127422754,0.13474640371786462,339.41862284939776,5.687158460798482,-0.23223238784024747,banded_iron_formation,0,T0602,2026-01-15
S100072,21.5120418439609,80.0584966271829,0.1166190857751313,0.05780098706240057,0.14672758915753648,0.24017116905351205,0.2854955619825233,0.20925972082326932,0.19109836599972435,-0.05199965390436895,304.47764589885617,9.056288331494018,0.41978404538712605,gondite,1,T1011,2026-01-15
S000923,21.30127967318078,79.79489852309345,0.09893544635001486,0.10797928525419082,0.08775800720234447,0.27284826012679586,0.19110604760068156,0.12704857330371716,0.3619922637912488,0.21633982296143076,329.89281700449095,3.828726576918216,0.13906060986469015,granite_gneiss,0,T0605,2026-01-15
S000911,21.170737841563273,80.27092595408863,0.09033306165627972,0.11119272492608928,0.09713970953885516,0.2509581801280974,0.19539715231182314,0.17191286071330564,0.28509461363407973,0.16049595373541758,279.60566512171835,4.631725021123662,0.660627799918478,laterite,0,T0315,2026-01-15
S000974,21.331717184121118,79.90615022378861,0.06819418117982778,0.09441218344859582,0.06688118171356908,0.3054444173895905,0.25350525241964766,0.1603834130508921,0.49724127297940635,0.17322976087459366,257.8568208778733,4.129039372934041,-0.9779129129582679,laterite,0,T0608,2026-01-15
S001098,21.305849503991148,80.0970711387863,0.05712286138802271,0.08830799024682395,0.12466846636740547,0.3057419795785615,0.18743203570994424,0.14559572156389225,0.3797273932916242,0.10225116111087987,355.36944962390663,5.869505295755663,0.31915517907186586,laterite,0,T0611,2026-01-15
S000121,21.120873937348406,79.71146177942002,0.08127479679456186,0.11880709239230411,0.10616980849136842,0.2176722485066096,0.14179610236845464,0.1934746808972313,0.36880909598436945,0.13012984764786217,374.75225260220793,4.960756712778262,-0.3100286950600285,granite_gneiss,0,T0204,2026-01-15
S000708,21.32968064960397,79.80984528425651,0.07745742583361824,0.06842633807696351,0.09927082534095673,0.2596337804397326,0.19618046052276492,0.2109434927292475,0.4579562091932282,0.15937911113005768,279.5565221291971,0.9459135036252961,0.5482471078793103,laterite,0,T0606,2026-01-15
S000146,21.495138430259537,80.03328381377696,0.0982153930258416,0.08210603116452093,0.05974758776753744,0.3134319381644288,0.15996537603453434,0.14157886402042502,0.20892395154808716,0.14598101615507486,195.84611057090657,1.268438414329026,0.6333712457686808,granite_gneiss,0,T0910,2026-01-15
S000877,21.09385729682002,80.06382192105208,0.07690959434624582,0.10492399405357591,0.13715832352817225,0.26878185641946173,0.22213270711445685,0.17276761021831397,0.4500376032184856,0.19852902912145295,219.4820930455497,0.8176978306586093,-0.18347404889842095,banded_iron_formation,0,T0111,2026-01-15
S001501,21.349808559732747,79.655686720643,0.09102130702392598,0.11643280368110324,0.11888609355794494,0.27135740562234667,0.19573104625521254,0.17992436705972384,0.2429788059042815,0.09401234999386607,293.200498343805,3.892923595561489,-0.20037579124603022,granite_gneiss,0,T0603,2026-01-15
S001629,21.04889038808308,79.93206445463068,0.1014050794768422,0.07182249729596873,0.0909251583544839,0.3316970257315375,0.2096550159878444,0.14050909448872947,0.2713951607388482,0.16799299970724715,331.65390377780267,7.784862207320977,-0.3343956000735742,alluvium,0,T0008,2026-01-15
S001116,21.022323622940064,79.76352977288941,0.0904890348974945,0.09559087563437803,0.0850953070055307,0.17884964856441452,0.16130588897020598,0.10919434135192846,0.3631773815976026,0.13105027052735563,268.94285096484236,7.625930749950395,0.7013506448662493,gondite,0,T0005,2026-01-15
S001506,21.528507918486344,80.27982354244612,0.07138363691911903,0.11417123169674667,0.08021931430301,0.2447297807411813,0.1626964368999892,0.17974058033091633,0.5400094517019945,0.19847248841936657,227.54563734097786,9.176114698429732,0.16711129356997312,alluvium,0,T1015,2026-01-15
S001095,21.12958748944768,79.53113642462925,0.08062591749762292,0.11429975532657748,0.1149194367798816,0.21741630732533526,0.19810291071651415,0.15911576908221073,0.3367901949328568,0.12644878683664484,236.66468105104042,7.2530168889899285,0.8721881967128488,granite_gneiss,0,T0200,2026-01-15
S100311,21.25013362115693,79.95989754369843,0.1334352675951337,0.10892922042490376,0.09753644035824076,0.25817390748835817,0.2856135328533077,0.22240247873869257,0.18990303169732284,0.009142375023567302,317.931508097922,5.0675922893669,0.28016458911612846,banded_iron_formation,1,T0509,2026-01-15
S000602,21.543787914199676,80.23106487159417,0.10521434565958225,0.07091653451186947,0.06131642851217554,0.25893025675573383,0.24833026951373582,0.12169191647187255,0.21819914849176444,0.15443402075863913,177.27739637501517,1.8345023897383346,-0.3993385676088318,granite_gneiss,0,T1014,2026-01-15
S000045,21.375409674156227,79.72863398168847,0.047021875513695584,0.1227211445253533,0.09244347874778668,0.2619023252423163,0.21318203867107957,0.13888530468176707,0.28861382452468987,0.2613984068205566,287.5827732633553,7.064274150698806,-0.3373521581319201,gondite,0,T0704,2026-01-15
S000970,21.03904657630651,80.09078341248498,0.06389221358216435,0.11530688343829003,0.11186473401229749,0.271501828698495,0.24670425370150706,0.16108441861073955,0.21962059629687308,0.10345596203724518,226.11652731156886,7.426633499363434,0.3737284786210842,alluvium,0,T0011,2026-01-15
S001289,21.09448972138541,79.97092212159384,0.05702735977939743,0.0657375828583936,0.11563755187074583,0.2571327979268407,0.19148224433738362,0.19079078975157499,0.30015447440344956,0.24813059393432577,235.5998734016072,0.0,0.6843138259015279,laterite,0,T0109,2026-01-15
S100309,21.083861046572373,79.82635356090502,0.06783520541325426,0.10713512580616716,0.09442580064446257,0.29917299725261653,0.3302847347469778,0.2536930633078268,0.37303638461854016,-0.02088786959717133,323.38980151959396,8.029523810398903,0.5501853403486116,gondite,1,T0106,2026-01-15
S100226,21.014915694831753,79.64200526594958,0.08415501195228248,0.12806940769535008,0.15097451116925723,0.30818072163836147,0.2932262997191454,0.2254100602199174,0.3359475840989043,-0.008153891712373504,352.71939571802363,11.486405252483886,0.35326625644891374,banded_iron_formation,1,T0002,2026-01-15
S001497,21.25674823229397,80.25172233663858,0.08635118026986219,0.12231431403596744,0.09777696677613042,0.22924816702382952,0.21223887442196476,0.15553258223230593,0.3864954109931446,0.1186886635098971,397.29397549885766,15.985482528098684,0.04859837614190744,laterite,0,T0515,2026-01-15
S000350,21.125757868996065,79.8061684348781,0.08484553977730423,0.08800181763075193,0.10032432445790905,0.25434535925188595,0.20365970653757415,0.19363540791195744,0.21069143452494835,0.12924947952763782,348.8780532512935,2.770326344068244,-0.19398403617887294,banded_iron_formation,0,T0206,2026-01-15
S001583,21.094406723291097,79.54059885665998,0.04467737668229412,0.1102110223037999,0.07492274409020354,0.2635082915955187,0.2618766008285667,0.1451892988134159,0.3870119916996507,0.02926802549467432,303.04803555066786,3.5009290828496678,1.1790659326669035,laterite,0,T0100,2026-01-15
S001023,21.439922766641253,79.69123179372109,0.12344856729049108,0.09413295625921018,0.0979656024579008,0.27883618849762704,0.20206410895623622,0.17347995563138746,0.30936206102067865,0.0831580772084759,246.99585344116952,1.478674508666551,0.3659844015428694,granite_gneiss,0,T0803,2026-01-15
S001425,21.14417073801479,80.18004378489836,0.11531305711671905,0.09660051429942726,0.09432127011938674,0.2559936681692417,0.21322173025708746,0.1340482639807752,0.20423745197832638,0.2642204305276131,208.33637244744574,10.155428023080038,-0.34164104633119097,banded_iron_formation,0,T0213,2026-01-15
S100148,21.26334687618303,79.89531331721393,0.1278044542130361,0.08388563666774417,0.12161215551241043,0.3066365709830907,0.3151185050413629,0.21711359551215403,0.28000974497095554,0.02441712841200425,144.97040715817602,12.633573189069217,0.0026614302258502437,gondite,1,T0507,2026-01-15
S001194,21.138540611646828,79.61352968266362,0.08538465780184247,0.11928809790721058,0.08506768036704013,0.2406008794202633,0.2620097218263724,0.1883214560405021,0.3135274063860274,0.15512548473268958,268.7039574420427,6.338609511861232,0.4684232613537885,laterite,0,T0202,2026-01-15
S001596,21.251035858745496,79.88769355127562,0.10552767118149184,0.09259527275462631,0.09480151902490674,0.2721071536185854,0.23367216900398702,0.13212276811915352,0.35671074782756657,0.2042070750846402,364.8754100691467,8.794911743259874,-0.1860716097669374,banded_iron_formation,0,T0507,2026-01-15
S000565,21.063339277508476,80.20851101616063,0.0683450247786222,0.10728690163987188,0.09218155716901626,0.2818610541359071,0.17048215102189876,0.18999782940048052,0.4229000640787076,0.14624788044976772,270.8809441123123,0.0,0.2112844080912419,laterite,0,T0114,2026-01-15
S000582,21.034574082928234,79.71145300186478,0.1061174565242054,0.08470156188385146,0.10132137367852985,0.21254811333689863,0.29771994071961183,0.13873303010260246,0.3094214337452353,0.2612509086176484,372.1391548518263,4.727988175404333,-0.44575709016363957,gondite,0,T0004,2026-01-15
S000476,21.53837020051986,80.06286980574261,0.085486846504553,0.13538553541080411,0.07943261051814005,0.24411112888496062,0.18738419627948505,0.14765974756059552,0.3187714237432594,0.082034254384652,390.1533398518131,6.705712616503984,0.747647334594511,granite_gneiss,0,T1011,2026-01-15
S000215,21.025403670365506,80.27246344127562,0.0836833898203823,0.1293418428628363,0.14780271819765103,0.23109326798865915,0.25242080791526245,0.17028117238336546,0.29290992985232833,0.22517786790064165,330.2789626331379,2.782025022817418,0.2023366774621099,granite_gneiss,0,T0015,2026-01-15
S000197,21.02469192003144,79.81679407310429,0.08018643607134503,0.10057466064892837,0.13489373778900868,0.28000630985046693,0.1867420588623412,0.15430947958629185,0.41926457719462196,0.06277337310827359,154.61899534468375,12.131066980161458,1.0111964093735395,alluvium,0,T0006,2026-01-15
S000875,21.07131479374214,80.23198353382256,0.08987721147671457,0.08502514457727331,0.12430731940638037,0.24977445229034753,0.24778708748474806,0.19589589603937912,0.25333806084591565,0.16761285771702497,238.00968023428436,3.1223890734645687,0.422297859817546,alluvium,0,T0114,2026-01-15
S001000,21.1469885153941,80.08204564188368,0.09081032070091313,0.10308690252933123,0.07091335139475016,0.24521797689732505,0.20392636549759002,0.1395355571418298,0.5226898981520686,0.28892868201037525,280.2495483268694,1.3394947368925,0.8049951969680283,laterite,0,T0211,2026-01-15
S000987,21.571230132580023,80.17898617919333,0.11275759772897559,0.11912248099871103,0.11527404349347409,0.31284766466876957,0.200811424147155,0.19731329177883422,0.3521321201600654,0.05136393866265557,341.2772658362476,6.839095201778088,-0.6604385513743951,banded_iron_formation,0,T1113,2026-01-15
S000801,21.490363331566968,80.00710437570902,0.07305352251960867,0.10672308579921294,0.10763067262472982,0.24783134834872403,0.18701821442248498,0.1350994164815269,0.3904717648002328,0.08884842458726855,356.2780669730611,4.062009025151169,-0.7320795497697161,laterite,0,T0910,2026-01-15
S001082,21.01883497195194,79.67199707393604,0.07797314540329918,0.10018608994770797,0.07171985886917198,0.24296650391424834,0.1871929591435063,0.1889216839106817,0.4375156282866809,0.18001037710343032,282.0056832608485,1.4160765883571544,0.45202643367025674,alluvium,0,T0003,2026-01-15
S100286,21.029552471956556,79.50360009995173,0.06660637143855594,0.08089376982360383,0.10515973150220519,0.26202459227058145,0.36568646767721624,0.19266065533798984,0.1340187188945829,-0.06007697750017087,246.5177133409676,15.302710368682641,0.28835418077170083,granite_gneiss,1,T0000,2026-01-15
S001244,21.528699192375566,80.27274223348314,0.05751799437446736,0.09529446127113136,0.12002200183691832,0.2871115477315131,0.19187189329395135,0.21318227875176232,0.41106473404019944,0.12689485058805275,346.92193011354703,8.53658613926176,0.8081258679663786,granite_gneiss,0,T1015,2026-01-15
S000697,21.10439253544176,80.22497258923791,0.0764426845287404,0.11040219191249653,0.06934635267318767,0.296642861313252,0.21463075737946485,0.15154070896468824,0.30630460390822245,0.11102054957238044,180.50387421736013,2.7009231256684476,-0.25067333700048083,granite_gneiss,0,T0214,2026-01-15
S000238,21.530698888862702,80.21213004607766,0.06780448237358713,0.097757906936925,0.09494014471169805,0.2443492605214603,0.12929104900502444,0.18297456182382593,0.3347237789702795,0.19516485211725038,343.9107016973471,0.0,-1.1789124976999787,laterite,0,T1014,2026-01-15
S000572,21.512453247979327,79.60571437534507,0.09074210992925817,0.10373460819401256,0.11003011106408805,0.2967617985915512,0.20325628669699272,0.17001846462615033,0.2960640785441612,0.21022755122794023,303.937759006398,6.552909570956699,0.2279390089780475,granite_gneiss,0,T1002,2026-01-15
S001101,21.186959432925335,79.64741599893345,0.07291249265251579,0.07838916732885609,0.10531114561019546,0.17874295545052638,0.22637439886955463,0.1326107089858795,0.44009729854226787,0.2074400118610431,320.6743336533529,7.830239010183943,-0.12978565781057227,banded_iron_formation,0,T0302,2026-01-15
S001277,21.314780493837173,79.86622635217081,0.08894911800578917,0.09850722496054003,0.08115243015538362,0.2318056571816139,0.23321184731331687,0.1244493606302651,0.31715520689324783,0.13007776987604053,188.61884005190112,0.0,-0.13660841659847164,banded_iron_formation,0,T0607,2026-01-15
S001227,21.259914333381545,80.19117095718781,0.11109642935817869,0.10781570580551703,0.12926450608684972,0.3001951243971751,0.2721786152423861,0.18775745422202503,0.26528878455077687,0.24457331139440183,257.60377229467787,4.767708082642986,0.4529076926416839,laterite,0,T0513,2026-01-15
S000680,21.423158729944223,80.01380650974008,0.07418863061236083,0.13637655410905253,0.09803180112533105,0.24029706473772486,0.19481488594892707,0.17368849306963755,0.3351616019276595,0.11459993586285941,345.86366866281793,1.0352301040340013,1.2519630024261121,banded_iron_formation,0,T0810,2026-01-15
S000870,21.348406601105545,79.89753722580116,0.09530058959418741,0.10620389088101898,0.0976706468726681,0.21111629014386532,0.2093650501311393,0.11507943357392952,0.40756494652783476,0.19539002515698312,320.4602844307883,9.943787755736238,-0.7172104495037801,alluvium,0,T0607,2026-01-15
S000446,21.300739913715766,80.02699415235627,0.08326993892168898,0.15938144380948804,0.11078023098814037,0.21556691796855257,0.18791533835836285,0.24467794768656842,0.29003600688277975,0.09371807352103362,341.0859188487619,0.4260626174061404,-0.7643689969804568,banded_iron_formation,0,T0610,2026-01-15
S000544,21.36911372299811,79.80945827648618,0.09324215993032267,0.11294842334458542,0.111495186310813,0.2827566639957836,0.2260694964767285,0.1869230562326022,0.3426654723962773,0.20862337690340693,342.9073933338642,6.64089009443394,0.15065514535694094,banded_iron_formation,0,T0706,2026-01-15
S001319,21.091873866881013,80.15492921891412,0.0754440145267368,0.10108519226599665,0.10289740343679175,0.32048805795160723,0.20073825975977627,0.17610934354658256,0.3165559308754424,0.2908347754055798,330.0127670839101,11.453978101794076,-0.3178895259945811,granite_gneiss,0,T0113,2026-01-15
S000844,21.23133367718625,80.11468200468038,0.06112898360751352,0.10689348840722748,0.08955243230725754,0.2848961674631312,0.20092988053994928,0.20989442880233616,0.504245826417425,0.21349053370309973,363.3127780994263,10.137924973678796,0.1529519906408341,banded_iron_formation,0,T0412,2026-01-15
S000407,21.20805149895664,80.0195878321656,0.057191357910185474,0.1020487943145831,0.0872282639365771,0.2176387993034299,0.22180444841054142,0.16930617851535606,0.5078928715346286,0.03148307068002246,259.1401473306394,0.5928804537007233,-0.14262521629895444,alluvium,0,T0410,2026-01-15
S000249,21.40907360518179,80.27404160421764,0.0935255285491018,0.10665569776153248,0.11868604822063952,0.19819487763470897,0.2099964300634652,0.1649465440490114,0.1731392462414353,0.07300972203260599,302.9542412854451,5.222661614037869,0.7825566737820454,banded_iron_formation,0,T0815,2026-01-15
S001632,21.24819616241623,80.28611580186933,0.10566318212708523,0.09675968732213529,0.1191120362061813,0.20739237385214515,0.24047253163681584,0.16566247220228358,0.4205968920052645,0.035357497677292335,254.97150408308454,4.902466590824188,0.1456079606584447,laterite,0,T0415,2026-01-15
S001204,21.262106819513782,80.00959230519548,0.07194785714494545,0.07946974921162392,0.09716412885825654,0.25905093211827385,0.18637985864160383,0.18615996649883915,0.335991702288348,0.08140311521107647,180.46984140028826,4.682280169471169,0.5810398689953817,alluvium,0,T0510,2026-01-15
S001062,21.37372479411416,80.143481015489,0.10362802605037479,0.11558006497764747,0.1221124090694762,0.23416193380503098,0.19039720259934098,0.18225300205700495,0.32124162483874885,0.20682351127794243,397.47395547735096,9.129483518208527,0.10723753614851424,laterite,0,T0712,2026-01-15
S000650,21.424695182501903,79.66487294313417,0.05747338279614844,0.0949727907556954,0.1124987278106321,0.23244038520541938,0.22599154962317924,0.15101792821992566,0.38725317618226834,0.16179491563359358,272.76826359533646,4.773243410276914,0.48111028640097886,granite_gneiss,0,T0803,2026-01-15
S000133,21.116400026695768,80.2579790365921,0.07768721853076349,0.1236087475579469,0.12071642137203534,0.30580074158553505,0.19692493564085733,0.1097220425616533,0.1793853576261722,0.028435052129673052,169.71193189268348,8.31230397019268,-0.48584883242813,banded_iron_formation,0,T0215,2026-01-15
S000960,21.294965753590798,79.59430037660557,0.07516885710098783,0.09558510256725378,0.10185989519357395,0.19750149417503818,0.23558356920453377,0.17751689847362978,0.3472759440429783,0.14568048564883043,280.7657487192115,12.967667416008023,0.20205137478187618,granite_gneiss,0,T0501,2026-01-15
S100277,21.302715742213337,80.07060655704936,0.09375304969018025,0.11949503630173164,0.12592066154085235,0.27162438011788304,0.3127391226718632,0.22561425960310647,0.21822017641206315,0.012353205755000235,434.98669260412464,10.124692662573917,-0.26675976284143965,gondite,1,T0611,2026-01-15
S001486,21.305699163082664,80.08442223645837,0.09640998410759483,0.10756744056509694,0.0724183515753073,0.28261181913910155,0.19080804980240906,0.15424736507398223,0.4406101858954408,0.041250991675412324,254.77475709924474,4.745711970579376,-0.13951287674416957,gondite,0,T0611,2026-01-15
S100358,21.295291929345257,80.0223377012512,0.10208990050411136,0.09660251032840522,0.1333166619561343,0.23145020248809853,0.29924069601276554,0.23285448785967502,0.18066755080276126,-0.024000841189679212,324.06027548376255,8.856701013336178,0.36590669716044394,banded_iron_formation,1,T0510,2026-01-15
S000750,21.3644312720577,80.19631008432204,0.05857487961610542,0.11598104725733306,0.10430440457080774,0.23605319087799534,0.23140203279230284,0.18387969965344916,0.41516030571611995,0.024349782110765494,201.39222071658625,8.081641402996873,-0.07779654624285721,laterite,0,T0713,2026-01-15
S100236,21.280428960933175,80.0624267725591,0.05782394050123922,0.10093026340429484,0.10502500752038164,0.19688269944026235,0.31273436906298935,0.22816003320649564,0.04635076721636708,0.08521340678638056,280.04733733277385,5.007905626824488,0.6449648493091205,laterite,1,T0511,2026-01-15
S000191,21.550765500973725,79.94002996216888,0.07319765281373183,0.11686821707705199,0.12496290102899289,0.2796849073041404,0.20572104696091778,0.1695712364902402,0.4163322636303296,0.076258179553317,274.63955598024916,12.822243354270753,-0.11404452124360132,granite_gneiss,0,T1108,2026-01-15
S001507,21.347648017757884,80.08090990646113,0.07448961835411672,0.12126001040491083,0.10873766912100404,0.3310325009294599,0.2090652925168272,0.1996270061992536,0.2059405541260108,0.10326893094076764,279.4290888709917,5.8342084224635045,0.7469945071783388,banded_iron_formation,0,T0611,2026-01-15
S001452,21.581347490113373,79.8315310899399,0.06329434137478837,0.1047774864988969,0.0857776389880224,0.2532728606428037,0.22563225213461327,0.1476859256869723,0.4162229558954517,0.1594870624242098,195.37970883511457,7.431955112686438,0.7583733833279754,laterite,0,T1106,2026-01-15
S100208,21.07309950277712,79.7932867079461,0.07848457047080351,0.09283874660857651,0.13092178461662857,0.24714735731496262,0.261207277469527,0.16713999288989162,0.2441576594015417,0.05550190942805262,421.79520097825105,8.865586240175432,-0.18285839282310462,banded_iron_formation,1,T0105,2026-01-15
S001026,21.215073387259537,79.64147909448565,0.06429380609299976,0.07270534033205281,0.1012092261000299,0.24529876711259305,0.226493094325742,0.1525975268472342,0.2933890055120562,0.1144305421670401,303.943551850133,7.1167112296927435,-0.4946355330507063,laterite,0,T0402,2026-01-15
S001200,21.507923758754025,79.90822981534109,0.10802718153272658,0.09549167866165285,0.10715282827017222,0.25519920186069384,0.27170376415556297,0.14789094065172173,0.3038017051016965,0.19055367892946218,352.5349571362942,2.3206581562678013,-0.11978594572742403,laterite,0,T1008,2026-01-15
S100058,21.083878198876594,79.65856338177032,0.06925806020867774,0.1322382095493498,0.14104149772047486,0.19528984404811764,0.2806079840199105,0.22805076964055568,0.2615728458677202,0.08217941685104913,358.6735047190388,4.99049701693513,0.39374135219276263,laterite,1,T0103,2026-01-15
S000271,21.19541688584255,80.09082528721657,0.08302309859649129,0.08283604363838204,0.09715536180667753,0.2755895040925878,0.2425751468376508,0.17255824959127497,0.3048282827030483,0.15248092107944292,218.16655576461108,6.651305228625759,0.3408631134483349,granite_gneiss,0,T0311,2026-01-15
S001601,21.165078453195804,80.10555907903365,0.0703833354027916,0.06722565043895126,0.08881942042421943,0.26443924041933325,0.24742891246177007,0.1294619923596266,0.25841018194929233,0.10895055142285512,386.917574879845,5.8280805131192714,-0.044264500967835206,alluvium,0,T0312,2026-01-15
S001499,21.545875370297622,80.27163325335475,0.05843003325785989,0.08250036586663316,0.12371086674521978,0.20915686194721483,0.22993647693267558,0.1507785264411518,0.29931182009719537,0.0962109778957677,287.1258278100171,4.237367355323216,-0.2797169123143532,granite_gneiss,0,T1015,2026-01-15
S001456,21.449599192842445,79.76237106832464,0.09413301967079431,0.11249606670051016,0.10033530860592138,0.2659541901145481,0.2125208727732438,0.1701378085268504,0.4128787980106666,0.08599490106745307,397.0136979908398,14.9020444931821,0.4928233966387953,gondite,0,T0805,2026-01-15
S000003,21.585947994074,79.81352774133308,0.08306135949103545,0.079995827531964,0.10605503406593891,0.17534869400174397,0.22606313230619157,0.12331684730790925,0.39821014519038006,0.10618656397356027,252.39579672236786,13.768730008625162,0.36603674371300604,granite_gneiss,0,T1106,2026-01-15
S000145,21.525145085527186,79.98222765368159,0.07537788137277951,0.09034470870793755,0.1195967956289598,0.20570839362072613,0.23932564017918562,0.1676743923029249,0.2874139175380573,0.2183005852551115,373.7282619071698,7.918503967674102,-0.492988630244594,granite_gneiss,0,T1009,2026-01-15
S000805,21.148667648663817,80.2599383656179,0.0664860887796092,0.09861545329440054,0.09263531032577464,0.2714726917655433,0.24807744896059356,0.2244927204322969,0.4737615925644395,0.28214587714687933,230.47371086867315,0.0,-0.0158967400876079,laterite,0,T0215,2026-01-15
S000761,21.09483017467131,80.11703027276141,0.11500467365604439,0.0857261305629864,0.09384436362739466,0.2214231663811383,0.253307103870756,0.1182105888204988,0.23148120262459762,0.09486322583033878,303.8606779027429,3.8607438612361937,-0.24710565478991192,banded_iron_formation,0,T0112,2026-01-15
S001269,21.455391136333343,80.19287693830279,0.027626411734595173,0.06523375978951139,0.10539470448272942,0.20134882948142108,0.212828213214208,0.17669721337367555,0.316102122610806,0.270487068624968,308.216078033895,3.6070351949850976,-0.721184205097647,gondite,0,T0913,2026-01-15
S000856,21.496435597341307,79.58519191806295,0.06615148897160063,0.125895682189145,0.09638877693267404,0.26895196678069855,0.14269916774107744,0.17298950584754655,0.43832191086253425,0.15976306350950276,274.26286499700444,4.881412044314508,0.501432642522765,granite_gneiss,0,T0901,2026-01-15
S000791,21.46630768969877,79.75724728750943,0.07100631634641791,0.11223055897964133,0.11710607166641573,0.28823400941358174,0.20265660002642907,0.13288463378990586,0.3421091964851711,0.1339251829341512,292.40144202878474,4.980537127114828,0.3074478081239985,banded_iron_formation,0,T0905,2026-01-15
S000764,21.579885744413033,79.58872670805077,0.06806787346569362,0.10939992971478518,0.07523735894412753,0.2604553970338792,0.27551048353114216,0.18489643817481957,0.3918123848691536,0.14662843723967395,199.95386149119437,6.523258057445877,0.7480363948826623,banded_iron_formation,0,T1101,2026-01-15
S001234,21.208917730892917,79.94745706692272,0.0702966937660756,0.0999640174590685,0.11268849663382591,0.27445800315083585,0.2254002720563981,0.14016111077729776,0.36738573019848386,0.13607707491801818,237.92198654908643,12.057247740029968,-0.9022012113899329,granite_gneiss,0,T0408,2026-01-15
S100118,21.25925582386506,80.00770329393461,0.06527453766923329,0.11557659434242064,0.11103420452711532,0.1922621281225264,0.3618835794452644,0.26819083451892156,0.0994139481781562,0.03681311109149317,326.086845839003,12.77037448359917,0.10235334301026497,gondite,1,T0510,2026-01-15
S000889,21.035200279399525,80.10940928425767,0.08448895942094024,0.0765458049027225,0.10696827898418614,0.2571716669658628,0.19484945150121946,0.18697156052331354,0.2685668363475725,0.2057001357770098,295.5177794138601,7.61931381263166,0.6763320473277096,laterite,0,T0012,2026-01-15
S001633,21.146013152352168,80.13660382942945,0.06295544798578907,0.08452176800963151,0.11942009007468192,0.22121831993796426,0.2194827342158618,0.13303356042265452,0.40651621254237347,0.09431442759534142,305.25652143431194,5.945501281423182,0.04850888381142761,laterite,0,T0212,2026-01-15
S000162,21.184278776197218,79.74717563392745,0.05408454242385562,0.08748096755448045,0.08659875000628413,0.25329850589850206,0.1963813927339577,0.16556220656142917,0.2893615989858361,0.1573865353802019,216.97710751607423,10.795853144657833,-0.6469691410831222,granite_gneiss,0,T0304,2026-01-15
S000153,21.438836347064967,79.97565496409358,0.057094877366572275,0.11480674544589788,0.0750576824325991,0.31443207583226424,0.21734780284839877,0.21913024753893987,0.39181758556129015,0.11470529332897542,293.6140609577678,2.5569763741647544,-0.2101238762305946,alluvium,0,T0809,2026-01-15
S100081,21.24383211686404,79.62417039395287,0.09601438243339311,0.0728224550815397,0.1484619029902324,0.23727890264771723,0.31793238823025516,0.21035392646038217,0.36170729938141466,0.111464100523574,321.96171351519627,7.175375215538569,0.10067242660746095,gondite,1,T0402,2026-01-15
S000555,21.223808860246642,79.52948123248804,0.08586001095947875,0.05982810395599191,0.11387244459342168,0.25026401760897965,0.2768745316333199,0.09373431461002091,0.47741709870262217,0.10577437289510352,189.21163890701476,0.0,-0.07266347992721904,laterite,0,T0400,2026-01-15
S000658,21.146141133483333,80.09900095819565,0.07584707480340849,0.07190486919401755,0.10233237004607733,0.16966705353010514,0.23438053244753,0.12287945507483392,0.3916940601451084,0.06760499460448302,274.21434820526315,9.07615312006644,-0.07703342911365692,banded_iron_formation,0,T0211,2026-01-15
S000020,21.53754211078553,79.86242089142931,0.0952470132190394,0.11146405561637346,0.09168278292511717,0.29642629311645075,0.2283589640586803,0.1609774803952907,0.33469443199550725,0.13826976135790497,187.35551404124956,2.9340143283646842,-0.16378329600912417,granite_gneiss,0,T1007,2026-01-15
S000669,21.375278453263753,79.8473190274883,0.09666119895220084,0.10250627682977542,0.06869567065071554,0.2974749168504305,0.2758943445559363,0.14651610132966203,0.340604169978213,0.17831692323919976,263.92229153470043,5.679259634984389,-0.1783951768197697,banded_iron_formation,0,T0706,2026-01-15
S001328,21.400377165609722,79.53568261385712,0.04650562268810221,0.11359386205295081,0.09630793622699164,0.21296015710578195,0.2471943747997186,0.16899312869776897,0.3374493892384609,0.15524927423389795,320.9822249873072,8.43111460467034,1.0277805218798333,gondite,0,T0800,2026-01-15
S100084,21.013627243880315,79.71660700105424,0.0737672113210056,0.0794299151811746,0.1210330342889463,0.2966515322612995,0.3294457704904422,0.21020129999296588,0.05220392339118868,0.0625118674300429,359.68269139350247,7.263198266964458,0.23468032981038706,gondite,1,T0004,2026-01-15
S001317,21.48768113485551,79.9619533139557,0.1156145674623582,0.10076253630974884,0.10390207710426735,0.22262690027736318,0.22914534223939684,0.13180195634237996,0.21737945276608783,0.23141133565870758,403.8124894284034,3.93168544506881,0.37509243260731245,laterite,0,T0909,2026-01-15
S100329,21.172893368509477,79.93268530955596,0.09553615397730293,0.10942500915691789,0.1325498779334369,0.2183786220110832,0.27796732330664825,0.20660904534914695,0.21805620929833477,0.013844248048741702,325.675551977462,7.35786404793994,0.003603530188185076,gondite,1,T0308,2026-01-15
S100006,21.45668382119421,80.11945713291347,0.10861838037648705,0.09876968640790726,0.13569908577375836,0.28021007103904405,0.23704564277856457,0.24975683019101785,0.20367451324489208,0.20608122889866842,324.32105851502314,18.35138047668866,-0.35088347313339124,gondite,1,T0912,2026-01-15
S000385,21.32231229259622,80.08776279111967,0.04045883161494751,0.07535676587403156,0.10491150847210333,0.2895217276453104,0.19715646556302807,0.11445837401842382,0.34562385478251734,0.054492603840348264,230.18916473206053,6.721101473722863,1.1729557913771287,alluvium,0,T0611,2026-01-15
S001193,21.360195835210632,80.25285933619735,0.09893504204014736,0.09779659577462964,0.08903955347308669,0.25782740614507405,0.17474740163908714,0.19787958956793253,0.31291514881154575,0.17485752313210928,402.94876215080217,1.3864724993183204,1.1385518062058182,laterite,0,T0715,2026-01-15
S000554,21.520548914769588,79.53798566222258,0.05253478283355413,0.09411373251326745,0.09802936765531094,0.286011015729511,0.2567883686640908,0.14782628017080346,0.340148296856063,0.2175738904619844,346.79293503002486,0.1422848843394604,0.010879920398663534,banded_iron_formation,0,T1000,2026-01-15
S000513,21.3376218318261,80.09181996928085,0.09405591577910834,0.1134122817157686,0.1037116065482024,0.29363645202610245,0.23272474026284604,0.1299465019240294,0.4543928814275463,0.19548031819839576,336.1428787428396,7.253897131889867,0.5557264152164979,granite_gneiss,0,T0611,2026-01-15
S000091,21.02271966998588,79.76246257632593,0.0794047476077913,0.08993083161844989,0.10021664120958494,0.281616933552263,0.19510644824666637,0.1652827728758092,0.3422387473962203,0.18898413069348463,279.45244039164226,2.0862183514345274,-0.3758183989130548,alluvium,0,T0005,2026-01-15
S000130,21.361252695601017,80.24102665685726,0.09095747138930133,0.10870112575522814,0.10685671704774688,0.2599044341659236,0.18125093413547602,0.10905964678812896,0.26822053326859213,0.272689590969163,259.2983725551437,4.774555595124318,-0.06259972105779925,gondite,0,T0714,2026-01-15
S001120,21.56253739254396,79.73842763803752,0.1024821356791908,0.12284022205489507,0.1298363365266128,0.23737008149595137,0.220953799891101,0.1872256850181316,0.23267224276103962,0.06589287953921491,311.18346976203463,5.7388219800308224,-0.17388657121104617,laterite,0,T1104,2026-01-15
S100287,21.224168483075744,79.91170347369308,0.08103664197985694,0.09435971036129581,0.09292384960906284,0.27215505281115326,0.31245492516486645,0.27194286253097033,0.2901234883265216,-0.0467364321954543,389.536974942614,2.188885552426761,-0.12216442758976453,gondite,1,T0408,2026-01-15
S000588,21.062485807618216,79.89116810022236,0.10325637464237473,0.11314719955544877,0.07794501616179239,0.27777587893057176,0.2585966755141699,0.1847263706690067,0.26480670254232475,0.19004841061069122,324.37534818530827,7.241970820393429,0.3053973879434144,laterite,0,T0107,2026-01-15
S001625,21.162590088849438,79.84796277063232,0.08889884284131397,0.11611393983707441,0.13228216746313254,0.2831477943616391,0.10395670270724708,0.1740413615629743,0.4130135447691436,0.24799970501347468,341.74809646200356,13.460676628172362,-0.8552705384042782,granite_gneiss,0,T0306,2026-01-15
S001008,21.19751620263914,80.04724123297407,0.07728261978206585,0.09200936123118993,0.07647869822167992,0.23928769917794918,0.2039871702090305,0.17299545492355348,0.5097573866624707,0.0945942789329609,303.4284785987329,3.8506503279981255,0.2173389890122147,alluvium,0,T0310,2026-01-15
S000786,21.317406360044142,79.7386638121062,0.10465438172106235,0.1273196855025937,0.0780082167317394,0.2602637846521224,0.2546502398576806,0.16726921196784209,0.39813770980845076,0.18753838293948327,364.99532376966533,2.45172017998063,0.5848000718410148,laterite,0,T0604,2026-01-15
S000345,21.03775800778233,79.9675139579109,0.06378232561765679,0.11062085599014966,0.06945212875733962,0.18625694200407122,0.30485949059495787,0.171627114734021,0.34083101127997417,0.12860471820075423,301.80774918788717,0.0,0.7305931887358416,laterite,0,T0009,2026-01-15
S001366,21.50949217271974,80.14022689331634,0.10611851817264466,0.09826643215327802,0.0870594042396609,0.2391754216911152,0.19805420650393324,0.19073142192781378,0.3327296161017663,0.07064451039355622,287.6270654418688,7.853851043900834,0.764379084688141,granite_gneiss,0,T1012,2026-01-15
S001341,21.441587870408807,80.17191614228344,0.08303952667694814,0.10126150436816576,0.049419397325416656,0.2642389129212474,0.22767000217712363,0.12492137806225931,0.22167263986491495,0.1804503764462381,271.8677723951033,6.142273661731668,0.562944110206126,alluvium,0,T0813,2026-01-15
S001268,21.360672670329528,79.50087365944988,0.08397002199656421,0.07805214638209679,0.1103877816248946,0.21498091079773135,0.24744790735440522,0.15406843905004072,0.4097526894173448,0.07099845187035006,236.55522628751075,10.556588386237516,0.18996164340022428,laterite,0,T0700,2026-01-15
S001239,21.21540769928628,80.06190212797758,0.08279300092960987,0.10266872315669388,0.1447096846305788,0.2570765992523561,0.2213109032515324,0.130424285466063,0.3632816840717309,0.0798295170075711,275.77458583221454,6.107275814768921,0.4839625646946494,laterite,0,T0411,2026-01-15
S001178,21.433517293399944,79.97782469662039,0.08780502927321139,0.11627867735826047,0.10885441753663003,0.23520711244139442,0.23232718520794712,0.2301374321661041,0.49077193372913597,0.28072317808442315,263.55731686104457,7.764631232444403,-0.099323458911876,granite_gneiss,0,T0809,2026-01-15
S001045,21.254854616112354,79.97102962524839,0.07089335309790237,0.07767745154181606,0.09508466382849182,0.18498308335554675,0.2761011541108426,0.1466826399431925,0.258870062460928,0.03371096680588065,243.3037060033351,2.463384239615625,-0.841564206523137,banded_iron_formation,0,T0509,2026-01-15
S001290,21.269864665078366,79.96170995236076,0.09125103723814693,0.08985840665932392,0.10905682901784634,0.28078353018493263,0.2457159091928702,0.16994095423460065,0.3514302746006721,0.08657642998130924,297.06458109895823,9.419845099593307,0.7814747583703613,laterite,0,T0509,2026-01-15
S100327,21.319633365639444,80.26736741827565,0.09953330739956259,0.12613999106808033,0.07320503768585204,0.2692954494932981,0.28309268060590687,0.2496719386412662,0.25238840701085674,0.034993742320642014,327.9124287872691,11.164523352872163,-0.21025417171844546,laterite,1,T0615,2026-01-15
S000082,21.04377680469608,79.66145479485044,0.09253337143206568,0.12968405443507247,0.09042164294335683,0.3450801082282231,0.20792288558370592,0.14117451698153227,0.5069161459010918,0.28180115735260436,219.40687383566834,2.8585647869162623,-0.5195226022145258,granite_gneiss,0,T0003,2026-01-15
S000414,21.57708944484017,79.7070823519391,0.04158951955091809,0.1225697807304357,0.11505433557544273,0.2528698973227155,0.16158785181991941,0.20588241364913268,0.24920426391578848,0.12951585116710954,260.6395277524567,2.458879000539444,0.10372937018505472,laterite,0,T1104,2026-01-15
S000727,21.15075813042388,79.58650253100127,0.07580863273853328,0.1189280063489935,0.13457383549819404,0.2849542716206583,0.20406276408618065,0.13356161090880045,0.36956981128914246,0.014738583054858145,360.61572407964553,2.505297802429608,0.09225987034703137,laterite,0,T0301,2026-01-15
S000860,21.025634337948258,80.25815865717227,0.05091174494185996,0.10204114022195589,0.09955877309523783,0.20763450713422565,0.3089241565894334,0.17782098782685862,0.4063995028804909,0.10308452347082382,238.2021687180259,0.2780567082990677,0.4390794695122518,laterite,0,T0015,2026-01-15
S001275,21.124609351062404,79.82849692702746,0.10206513089755433,0.06260433805027801,0.07307914415125077,0.23017940707534212,0.2361179833309182,0.19101019818365453,0.44768154083039496,0.14876997676278333,276.0386976919756,6.174811142302163,-0.0021747996720066,gondite,0,T0206,2026-01-15
S100177,21.595425338433504,79.63100104340664,0.08803856566157625,0.1375675826398626,0.08583200214093303,0.21887504632557633,0.3434530366749213,0.26409171293525635,0.25287860615207003,0.08851417472185086,246.3250669584894,0.0,-0.1736914167992659,gondite,1,T1102,2026-01-15
S000962,21.20917585401571,79.98002355339436,0.06432393213493245,0.09111288132317606,0.11920154596742748,0.25629635056963845,0.2983654909309058,0.15533505740056391,0.42456534471808893,0.02940518149819628,285.8655328794582,2.167633798635056,-0.19204160180139696,granite_gneiss,0,T0409,2026-01-15
S000344,21.37954273187159,80.26633586621499,0.0868781072113898,0.11282624153905776,0.09950416245863515,0.2878277443623996,0.23164075196577172,0.1366500018293693,0.3726479135479436,0.14808476569688656,292.63766363509643,11.104483235098758,0.33838988896905875,granite_gneiss,0,T0715,2026-01-15
S100086,21.433415610357873,80.28416382791895,0.09739351513388983,0.1055468835944043,0.1251338899808617,0.2602583564343413,0.27640474673784776,0.21124678842540764,0.19895412604349177,0.04841203072720473,333.87692136460186,12.918341364623892,0.3199680829003957,banded_iron_formation,1,T0815,2026-01-15
S001523,21.186829646561193,79.69983424688401,0.07867306778284916,0.11445112112800268,0.12794380980149128,0.3666481031013371,0.17393380706752065,0.15975884480001873,0.27161690624017043,0.17583372232045924,192.81650821901866,11.083893671926344,0.1033483495198794,laterite,0,T0303,2026-01-15
S001587,21.37820003224718,79.6596896729879,0.11164799105382922,0.13023676685753616,0.05855965555023071,0.25791948856712116,0.23532979879140095,0.16811560651594415,0.2676328877594372,0.27586017290715487,216.1663060136275,9.93443426333953,3.1102305182014765e-05,banded_iron_formation,0,T0703,2026-01-15
S000097,21.061758794277157,79.75980531500419,0.11301253255806668,0.11963311269237646,0.09595792221640848,0.30544297715531865,0.2117290764093446,0.14715238064787828,0.3190012214273311,0.25210317931079124,203.73119353860648,9.337439825307804,0.512306558860434,laterite,0,T0105,2026-01-15
S001468,21.59971086610857,80.21498880533792,0.055123104574029975,0.11917037465820586,0.0989726442199652,0.2654038121412098,0.22530341480193886,0.12834303849967493,0.31872467756141637,-0.06196157941477498,205.20475035742865,9.872133407300815,-1.2935681154479208,banded_iron_formation,0,T1114,2026-01-15
S100054,21.4230992271758,79.52319960256358,0.09617095499204037,0.09325140491787651,0.11468919050741527,0.2810091674740286,0.2900051096365776,0.22023967926723828,0.3193567997451049,0.07501235958974388,304.350292495725,7.50636425270447,0.3156191640335739,gondite,1,T0800,2026-01-15
S001141,21.480645679564706,80.16310311350102,0.05122590405092017,0.07987716123865868,0.10005909934469157,0.23883410439891295,0.20397508624048094,0.1676364551444208,0.29871236938073215,0.13856716027292065,230.86098831695597,4.159168474720507,0.17584070823539238,granite_gneiss,0,T0913,2026-01-15
S000283,21.490867751115346,79.73335047317391,0.07346652707830002,0.10640556381398042,0.11995234154137002,0.23405359484907295,0.20185028534995722,0.11317015033198902,0.4349849908217704,0.2021947442590461,327.7366397633692,9.050879276634808,-0.017951375798338266,granite_gneiss,0,T0904,2026-01-15
S000317,21.443255651928748,79.6665367530437,0.07901946971068981,0.10566301113301373,0.10999417181416449,0.25203745946228323,0.2197189377413407,0.15840843809023927,0.3923841215958024,0.13456511146580502,337.90552072755486,4.710100495463995,-0.7065032252043832,granite_gneiss,0,T0803,2026-01-15
S100221,21.29315042721092,79.92512883280367,0.0851298395688708,0.10761658505675346,0.1134121692517461,0.2537728062552439,0.3299820215570458,0.19301679281292738,0.15311543081233703,-0.11410085256520743,331.9028696375864,8.294536198042678,0.20015495415483664,laterite,1,T0508,2026-01-15
S100113,21.347531741365138,79.60727568789821,0.08368733414351329,0.12270549463306378,0.10626124756668308,0.22227252215430218,0.2594372322845888,0.19039060732611784,0.023930229716793067,0.02793779270803433,405.51973660821835,5.389973974226834,-0.956889867414463,banded_iron_formation,1,T0602,2026-01-15
S000622,21.581190284026338,79.52756810942267,0.04590882125296157,0.10065433822592486,0.10951697142140823,0.3080208960052375,0.18723223776028075,0.14832527786601282,0.2963095142631593,0.30935777854099406,250.38322095333538,1.8464130952752549,-0.05770686235557454,gondite,0,T1100,2026-01-15
S000868,21.343176502684884,79.5930616802277,0.09419068761439155,0.12045825364051116,0.09317843488975636,0.30542414480282903,0.1954658695424052,0.1642401647474201,0.5089011744391623,0.24982546855488774,310.66153482447197,2.747291350716791,-0.11458915569783458,granite_gneiss,0,T0601,2026-01-15
S000639,21.247975499371684,79.51094291541894,0.06564501048880247,0.06455529736579413,0.10463325819385151,0.22098410915430633,0.13676081136890997,0.1552255680557795,0.3716223653788314,0.11119811021507825,150.95428781844598,4.338288058381661,0.5044254201350631,gondite,0,T0400,2026-01-15
S100174,21.09876469054921,79.50858211598054,0.039105434739903584,0.09443807414024182,0.11051839053267278,0.2412135331224577,0.30848454804524894,0.17865695975397927,0.3259964543505305,0.0742008605861106,271.90286955389297,7.775523806160185,0.2249076632782671,laterite,1,T0100,2026-01-15
S000421,21.37300104750917,79.75994400896897,0.02821582822082038,0.07529807510607364,0.08058157403353092,0.30767376121062734,0.21158526999105515,0.18592772244053238,0.37134334766357346,0.21117567779302035,204.95442492045123,1.6460401755125709,-0.67674578573651,alluvium,0,T0705,2026-01-15
S000229,21.556984279858277,80.17064940168576,0.07396116140638863,0.0913945987898597,0.09455638945406825,0.27911400683202375,0.17874449999353997,0.1349728076828815,0.39034468014772833,0.06101982364086489,293.207100770642,11.931711032940893,-0.10528448163647132,laterite,0,T1113,2026-01-15
S001199,21.110572237340936,80.1513049286125,0.06785638148884592,0.08268127683451601,0.10032247412652665,0.36044046989119016,0.2491838300177171,0.11648455009089566,0.2813902121471495,0.12980467145449176,304.12993206715686,0.6673477882572154,-0.20486913972923862,alluvium,0,T0213,2026-01-15
S100018,21.49657870319555,79.80665585822193,0.14119062457993647,0.06311759097664951,0.11876669361586918,0.27812101836181646,0.2762109062490401,0.1991602193986342,0.31057876577433985,0.14808303925237276,260.99504128045817,10.576950597768123,0.242226719624211,gondite,1,T0906,2026-01-15
S000063,21.343493745473268,80.09575293550091,0.09424329721478106,0.0819253169696896,0.11392298387487293,0.195913994651954,0.27237199129562356,0.14480579997655704,0.266603279112497,0.08803607356972354,346.045710019473,0.0,-0.06281323472533498,laterite,0,T0611,2026-01-15
S000983,21.360192882027988,80.14947747691895,0.10005713949549974,0.11062431979681996,0.08664926235057277,0.3149568601444897,0.18783170400023277,0.1469197530023649,0.31947685468399023,0.1669444156965816,223.5435764204221,8.269711308942668,-0.0725352094606336,gondite,0,T0712,2026-01-15
S100285,21.249757455421914,80.18650024369985,0.09336835370572019,0.0757526341388055,0.13182213028861112,0.251367108628983,0.29589656215165683,0.24050886188439163,0.06976089872272737,0.012563206324700947,366.0120375997436,5.395863882980192,0.48386269338973686,gondite,1,T0413,2026-01-15
S001223,21.41328514470807,80.18582421307958,0.036077753884141965,0.12258116339048601,0.08583290924192791,0.36580850253851527,0.28281491962538086,0.13105687738711919,0.3513876814426843,0.22178908490023902,272.41926382812636,7.489580126814147,-0.38260331163428524,granite_gneiss,0,T0813,2026-01-15
S000068,21.52821292920769,79.82057600603814,0.09023646095639601,0.07665442529690847,0.1198536967154106,0.2796401743813926,0.21240937353550388,0.16005211377672046,0.36876723745843537,0.12117123442263054,314.35246366710413,0.0,0.08640534531528772,banded_iron_formation,0,T1006,2026-01-15
S001149,21.436289097703167,80.28430568124782,0.1271137967748422,0.09837473849236744,0.1040903881939907,0.21412159413728168,0.2632567161172279,0.1876467564342167,0.24088428226700365,0.18890168111195835,267.7458879828912,7.320896541195308,0.201761455764665,gondite,0,T0815,2026-01-15
S000958,21.0574571111159,80.18529211390715,0.11069618649196977,0.09579399210426112,0.08172184700246078,0.20913159821608665,0.260738944801562,0.15484665990910382,0.4050728843111028,0.10072659509021265,248.9567525389976,6.058100960433017,-0.142551901343128,granite_gneiss,0,T0113,2026-01-15
S000309,21.05510880964802,79.86945018757035,0.09675976656556337,0.08261309880638736,0.10347113091356075,0.2676352855579465,0.25380545375512,0.13869596736392129,0.2858522407968008,0.1118109266597608,305.5813104471575,0.0,0.43590425612056294,gondite,0,T0107,2026-01-15
S100031,21.58050583946053,79.59753734266809,0.05355608067825103,0.12194655014405735,0.1114489103734096,0.2196052829862034,0.3245217683908314,0.23146172723387498,0.3255210558193117,0.019200860682920387,300.3616741846986,10.330129252390563,0.005491446291200661,gondite,1,T1101,2026-01-15
S000580,21.542317317585614,79.77185146883464,0.08312598543872433,0.12030612565249636,0.10218292636202378,0.21669672680016933,0.22297132577047615,0.14657033442409959,0.2939488905722771,0.19727230605951757,298.71990170913716,3.9138382459776793,-0.6444250149395656,banded_iron_formation,0,T1005,2026-01-15
S000362,21.247262901108645,80.18100722093953,0.05997715151058297,0.1148449840799001,0.0916338667259479,0.2135230679097183,0.21407371461328517,0.1662983388582207,0.18164754381866374,0.14526586225067883,268.7009353848096,2.7837298602858493,0.3111637529902504,laterite,0,T0413,2026-01-15
S000634,21.048011655315968,79.92988166472604,0.08960496388167176,0.0773312623371738,0.09985596231530397,0.32731812149691003,0.23446329761518458,0.14555946397420272,0.29207126215171014,0.12283381654292869,289.2557768285026,7.303506547009334,0.14368051901872234,gondite,0,T0008,2026-01-15
S100214,21.42924427776948,80.18161241350494,0.07368421027689989,0.1245678873666877,0.08228476778857743,0.26221313149394765,0.2799914056497495,0.21330130833838046,0.1814214017037663,-0.003213306203323392,349.3201114680384,12.375747566213423,-0.4309911776566875,laterite,1,T0813,2026-01-15
S000453,21.451282963397354,79.65651970918991,0.09442526650025905,0.10985977369406198,0.1068749913494975,0.2840633541737703,0.20224396178119092,0.1535846636381043,0.3924531940421976,0.1263997633478953,301.65351178354456,10.298622706194529,-0.04357243075049391,banded_iron_formation,0,T0903,2026-01-15
S100326,21.48263509676825,79.83630541720422,0.09377223401957775,0.09626483730391296,0.09172965352694694,0.23266292060873964,0.37963947519554553,0.17759474205255443,0.2863296856852842,0.0478417240141071,357.764240366132,7.387349292279804,-0.1822142090321207,gondite,1,T0906,2026-01-15
S000200,21.361364913208675,79.93027712893256,0.09977445601443931,0.08806137862397738,0.07909653410191568,0.2704270457062901,0.2432243803101179,0.1939894855879754,0.4096165582105125,0.10610174809678016,344.7741270940145,4.3503999203771055,-0.3345180499216084,banded_iron_formation,0,T0708,2026-01-15
S000752,21.427497966217935,79.79013172628561,0.11083341693618387,0.08284935221523343,0.10508730537713866,0.27588952376118037,0.2794475347697351,0.13959470098539123,0.3052486672285451,0.24016820524817248,336.0430176467301,7.952416975505022,1.1768940382311566,banded_iron_formation,0,T0805,2026-01-15
S000340,21.477689255188697,80.01313432361074,0.07790036911648147,0.08526901428874184,0.08279660274318239,0.22693281445463012,0.21574163986480432,0.1907394022213677,0.41138820437240675,0.11620876159315918,333.89030947939943,5.575102673054882,0.19439933344061713,granite_gneiss,0,T0910,2026-01-15
S001218,21.17043971532192,80.11465378787422,0.10218375151470069,0.14069351794276638,0.10146048451230026,0.23874073061302425,0.28361561586648504,0.1483992356216575,0.39654066424167683,0.3321381854710906,205.14943083636257,11.79655777171983,0.25302951024651726,granite_gneiss,0,T0312,2026-01-15
S000829,21.384638617869122,80.21036526615664,0.09663641488056028,0.09916500584997288,0.07964557146095591,0.22566543297068398,0.24066268199013352,0.16780053244460352,0.2821343688361671,0.15398938761637498,301.70126292033154,4.405980820155665,-0.2966245961908574,laterite,0,T0714,2026-01-15
S100341,21.57532814754545,79.75799387773493,0.06037801265063571,0.13210966765587928,0.088102494719688,0.21802654142700106,0.27840846787948154,0.23169879832593243,0.3199006217928405,0.009610254003572648,404.052911618778,7.237968556608026,0.9210753292841318,banded_iron_formation,1,T1105,2026-01-15
S000269,21.246986590132636,80.00073003629231,0.0972150929583067,0.10239131831240064,0.0775728916519889,0.2604439628785282,0.21512034304906655,0.1405952071425501,0.4933913502723114,0.10533338726281852,289.6887658187429,7.99965167328647,0.05589795939822657,granite_gneiss,0,T0410,2026-01-15
S100147,21.312403441482925,80.16990588987605,0.0788191556538989,0.1165134190660732,0.11705853000982791,0.24358828228707924,0.32115309973538453,0.2419916077901314,0.19946767068801977,0.009279505555842733,353.1115262918775,11.525098920486306,-0.027842526324997154,laterite,1,T0613,2026-01-15
S000949,21.31408007197865,79.53622818007331,0.10613251664157793,0.11897781209326316,0.0883298612957358,0.2278692306439504,0.22544298506093569,0.20408931124970559,0.3788880607447854,0.03644812546526632,309.06720582729673,0.07588665357488722,-0.21167086466713947,laterite,0,T0600,2026-01-15
S000000,21.263689059947335,80.16565472595842,0.05203514382467983,0.06287465002469378,0.11675248452656266,0.2822049408564139,0.18185855099831533,0.1646421692606468,0.35941305409071794,0.08016923127831212,301.84301424986654,11.61071286487373,0.4913615975547618,banded_iron_formation,0,T0513,2026-01-15
S100083,21.100183751944623,79.65443319269512,0.05299157163889229,0.09187732709058029,0.14734803055476844,0.2164792327829726,0.29451093192654976,0.22974554975533135,0.20048831118581298,0.07298575809820768,296.926993398925,11.443379665643416,-0.9048084844586146,banded_iron_formation,1,T0203,2026-01-15
S100048,21.409497302384985,79.5851356254971,0.0667365249872647,0.11932259362008213,0.11073110772749208,0.3180317103371327,0.34086175463925944,0.1977063877733665,0.23442911544211187,0.022332909849756985,319.5729886922891,4.13358513884238,0.07275740266779768,gondite,1,T0801,2026-01-15
S000108,21.42748877025592,79.68114815207981,0.08443310185818784,0.12737763061800786,0.07881338930143655,0.233373047530492,0.227652777477219,0.17748895653721986,0.5092551835516832,0.209722331079881,225.4560813497328,5.082783936985444,0.08867895183022442,laterite,0,T0803,2026-01-15
S100155,21.403344055823887,79.63839555615327,0.10498045393746991,0.09888109135909465,0.12092406551629907,0.2943070935793504,0.3133257012830044,0.2207578849329517,0.11419670933666567,0.022557214289048794,254.37577629699976,13.940989553241089,0.29432007586870135,granite_gneiss,1,T0802,2026-01-15
S000412,21.22163413411188,80.23786652665224,0.09601758479426081,0.14066928358335715,0.11235645620511854,0.2294767431612595,0.15666166741555468,0.14828378143591428,0.38477662950163183,0.135863595787614,381.01334273438783,4.845246931678845,-0.4402217915039755,granite_gneiss,0,T0414,2026-01-15
S000879,21.299200700057316,79.703106529095,0.08462866661408722,0.070395919459186,0.10434463570262527,0.2840973550288496,0.23153754866275075,0.16479175736165516,0.4074604900379267,0.16305351024073225,302.1160127775396,3.2662221681876913,-0.5399763431505878,gondite,0,T0504,2026-01-15
S000840,21.463677701085103,80.12288624210086,0.11168413974755664,0.05176184344549369,0.05190946420126587,0.2787799047442418,0.2034024898370118,0.13669121870912493,0.3290866160815786,0.14911122381663341,319.99269359026033,3.226014591574921,0.3255330613686351,laterite,0,T0912,2026-01-15
S001042,21.207418218390515,80.25606350829712,0.08428241357336251,0.1081510372035661,0.06967221419019262,0.23639855896026596,0.19138895685207513,0.20938435302757902,0.40572625339810603,0.16127933462494123,280.8760140128329,0.0,0.6937145820863009,banded_iron_formation,0,T0415,2026-01-15
S000842,21.37251822455065,79.75811178747509,0.06117336488734164,0.11440875966169628,0.10858663854372756,0.1792725400234842,0.14198601238429176,0.15182541205751418,0.4617608308035679,0.02985914654212217,373.1182387046191,12.493530563253822,-0.364211398788495,granite_gneiss,0,T0705,2026-01-15
S001270,21.475919024524295,79.84355526841736,0.07934704917159276,0.10544316059650864,0.09658963793510598,0.24454202277199127,0.18929787782281443,0.19463425742977675,0.25161637408268905,0.19821655191846294,246.55067673738728,4.712703586346243,0.030675809751476105,laterite,0,T0906,2026-01-15
S000140,21.19672855246787,80.0962845322242,0.06075174301822131,0.08189643903330018,0.11969378384991557,0.257757018261121,0.20171804406713056,0.19062872064078384,0.43174008701213684,0.09067519630028806,314.8510855760507,1.0626755857108585,0.09869422315573541,granite_gneiss,0,T0311,2026-01-15
S001404,21.164440559217432,80.27174199835125,0.06274097966152399,0.09842242079080117,0.11369705614443494,0.2950601940497173,0.1777058147358744,0.1460954487541624,0.4915029806958926,0.11899381637831075,222.11676608551622,9.17685389285768,0.12415841977779936,laterite,0,T0315,2026-01-15
S100179,21.44916481167417,80.16904343244019,0.07659180685530036,0.098530426768192,0.17599394443674618,0.23593282481557934,0.33944696191562845,0.24274239960820274,0.14792824037563398,0.04164436605061862,297.2194117491096,10.477432238799619,-0.2112804913993732,banded_iron_formation,1,T0813,2026-01-15
S000687,21.429924116401168,79.98254322392927,0.08818426818440321,0.10194001150908552,0.12014909925266076,0.22895076824551122,0.24829235154169355,0.1502414879490932,0.3901314639221807,0.191326008083883,295.1683639177172,12.892378144554876,0.297695147362383,banded_iron_formation,0,T0809,2026-01-15
S001395,21.26920237209293,79.94239609624616,0.09894871273108148,0.13427109576460167,0.12457173798003188,0.2642304347487542,0.25017600528667217,0.1879133689726123,0.41112381118597974,0.17297695696519888,247.29448933805318,9.199007197106535,0.2612274306047505,granite_gneiss,0,T0508,2026-01-15
S000590,21.495747372719677,80.0667361167867,0.094556170897483,0.0919184947199612,0.05109527472676392,0.20660685948002117,0.14796448491873895,0.17702408841989445,0.23453892898613415,0.1756233458249425,307.5205153254347,9.9462564536209,-0.32167085081243585,granite_gneiss,0,T0911,2026-01-15
S000956,21.343622481559915,79.54542482723606,0.07333844017077684,0.11258104936687853,0.10109632976818358,0.27724292308069226,0.2191547688795494,0.1852740773056514,0.37789757803915786,0.13723543997327514,302.0455507520689,9.679534458301797,-0.2205696258187812,granite_gneiss,0,T0600,2026-01-15
S001259,21.526444696614686,79.8896865974712,0.07483905346858187,0.10584890000158051,0.10808762839965022,0.26385873547102684,0.14283308586404653,0.11018301484434262,0.32513684136222404,0.13463568144475063,328.7199107671105,1.7165239548101074,0.2796889185919932,granite_gneiss,0,T1007,2026-01-15
S000168,21.45744110382283,80.01516635728734,0.08454699960115554,0.10854832332295057,0.06493026081831964,0.22026451923849588,0.24656971425700946,0.1623684418078732,0.44781531860567136,0.14358133724020233,248.2553979121953,0.39604036505211493,0.6167467741229957,alluvium,0,T0910,2026-01-15
S100346,21.567616237690398,80.1335795401131,0.06356329407184892,0.07630630712675351,0.16844895802166993,0.20669172710852737,0.23739486421998396,0.21802513633978232,0.33819149073360283,0.00667374131860457,349.78058206044386,7.2670693735079155,0.4903366471637129,gondite,1,T1112,2026-01-15
S001027,21.169819492837583,79.82994391169457,0.13379212119194928,0.1214487443444558,0.08403062641655601,0.3350281614032867,0.2212883718764073,0.1345811218862956,0.31331593924592743,0.18078189769222247,200.71635016896516,9.985458837904797,0.9640012765297594,laterite,0,T0306,2026-01-15
S001600,21.02074299799094,79.59570436419284,0.0785341791091902,0.07416592609404206,0.07101126796698187,0.17795256066341683,0.18351798967884508,0.2117701616368076,0.2800400037992974,0.1293909555609177,392.9247839329438,17.800971922068257,0.10300812447107675,laterite,0,T0001,2026-01-15
S000690,21.180148865177582,80.08493112763456,0.06449530587331831,0.09376083580251462,0.10971547549776858,0.2632639949991497,0.2540323754949342,0.16796461285949,0.32776994342749877,0.2041289169626291,237.1641124800645,6.524400378439439,-1.1784155518783306,laterite,0,T0311,2026-01-15
S001612,21.47550690559006,79.8273122654155,0.09228791245012159,0.09642085514868094,0.08132827858596578,0.27227026918852915,0.2532205967444117,0.18954588848540513,0.3890227716601772,0.13310217776733227,185.7001652936147,0.0,-0.38734761987410116,banded_iron_formation,0,T0906,2026-01-15
S001081,21.173943976929287,79.72908769788583,0.0691947850928725,0.11546239946184496,0.09660079997823913,0.2278287020865869,0.17491383591064716,0.20336805845618064,0.3507099817133569,0.2254208253577047,240.9818261009632,3.0608904123200475,-0.3512233370532684,laterite,0,T0304,2026-01-15
S000241,21.470436544584427,79.54307708835584,0.07506002518915568,0.121053543217741,0.1290387260125705,0.2317415802563032,0.24382782180799778,0.21031967263112944,0.4302929990990233,0.09877142173884215,383.67756747724667,0.0,-0.9616836382365065,banded_iron_formation,0,T0900,2026-01-15
S000921,21.05764627930326,80.03857602166673,0.09020602886347774,0.09653850283336449,0.08112949918182018,0.22459342189147027,0.28241611196674526,0.1590474650180349,0.4937423619033141,0.08501265402476589,294.21955020395956,8.810002158368265,-0.13091848224615443,gondite,0,T0110,2026-01-15
S100243,21.318461754359433,80.07655675737468,0.08308159984297737,0.08923401809366702,0.11802273768075427,0.24623515741728724,0.2718336024970194,0.21484423603039007,0.3802807528321074,0.03749413816902769,391.3270468612325,5.467201475379502,0.9206278072134522,gondite,1,T0611,2026-01-15
S000976,21.50683803472864,80.15299336939862,0.07805642127865917,0.11823112239895393,0.09706547916495724,0.2627410629956784,0.186650724928881,0.13280295838556208,0.3571950716656793,0.13404409671685383,143.77918346837745,0.0,-0.10394737090580358,laterite,0,T1013,2026-01-15
S000707,21.39201857196182,79.86868550103448,0.08081845301311592,0.1063401752328941,0.09934218893835348,0.27891881234277616,0.1441085581610757,0.14419030904293945,0.362177451943713,0.059109762163243235,148.17168212584926,0.0,-0.7188446364834448,laterite,0,T0707,2026-01-15
S001115,21.10636024657017,79.52352768209853,0.0998788008691119,0.08843664936180805,0.13659435182912605,0.3172640850951843,0.2106239248169742,0.12755960942475916,0.3530297303671982,0.1678782177889993,265.5449972963478,8.673448548119024,-0.5970013279650004,granite_gneiss,0,T0200,2026-01-15
S100312,21.139541964317324,80.29806402981033,0.0747304549964193,0.09879815504489738,0.12639108013446723,0.25904432040177483,0.31321229248710186,0.15624969625290952,0.17943157756574063,0.013010170821913206,323.2251537794301,10.105657457015019,-0.12876059945489574,banded_iron_formation,1,T0215,2026-01-15
S000075,21.103294730981823,80.29247834319429,0.0913614132654043,0.11744870356045084,0.10415544131220243,0.2584463678890802,0.19617376401467657,0.1541341341777868,0.266343194453731,0.11594525321815637,273.8365600772723,5.749456964205062,0.39852209844900943,banded_iron_formation,0,T0215,2026-01-15
S001538,21.1530460568054,80.10187881863871,0.0648271964395883,0.09168651466108171,0.07070816983130512,0.2370494242082143,0.22762092656955454,0.20419890686662615,0.5022774086900446,0.25603762970926924,308.44250004678304,6.197230864813269,0.36615490099446574,laterite,0,T0312,2026-01-15
S000968,21.583477310721225,80.15866398868536,0.09855677142576205,0.09184112357738636,0.09435162193685266,0.21788613636184226,0.20147959373413402,0.16170469458889838,0.39004335435038695,0.1806687844708663,282.71156527135923,0.0,-1.0543771079802107,laterite,0,T1113,2026-01-15
S100308,21.159877990500508,79.73708964560893,0.07731945558381269,0.12151445934988385,0.09576180560037446,0.30631035221016795,0.2882918334231405,0.1653412531129576,0.2482101763133738,0.042078211318977196,304.3062859360159,9.409889468412628,-0.2581487984307543,banded_iron_formation,1,T0304,2026-01-15
S000070,21.265831199615008,79.5447323346997,0.09227021387020763,0.11732894022139542,0.07209616312117777,0.31711307565551683,0.13637621818181422,0.19089702144786283,0.3322688079319245,0.09440569328802209,292.3524463949563,6.9343972610420845,-0.3557107089749101,granite_gneiss,0,T0500,2026-01-15
S000300,21.570389327489362,80.0757482087021,0.05812669036133507,0.11066268807416814,0.09000638082797903,0.2156016263850418,0.21360326096461538,0.19226073493907794,0.2920993060179566,0.08671150150705288,259.9360357691647,2.531700584087841,-1.6286838213332875,banded_iron_formation,0,T1111,2026-01-15
S000010,21.033235237029178,79.81594683450282,0.0943051477369027,0.08618665100837261,0.09307677279800412,0.20606697508385216,0.14519702955691152,0.17137899815996518,0.35711414963504334,0.041565518610072086,281.71490617296666,0.3537394670492331,0.1820654484367926,alluvium,0,T0006,2026-01-15
S000206,21.148053683566324,79.6990076189309,0.10915363098982299,0.12085267453452735,0.12791550329941015,0.29483788176627845,0.2812463408827275,0.13339014559954349,0.33416418944519843,0.14494631243823053,246.9885654883314,0.0,0.8430864928730903,granite_gneiss,0,T0203,2026-01-15
S000619,21.04058373270184,80.13172121238547,0.09067922303632614,0.1384283065393091,0.10740362003511439,0.3195269324585903,0.1857158622211711,0.23089721415752495,0.4316417579005067,0.10927294193046008,298.1418385751191,3.8281669974748596,0.4774224430394427,laterite,0,T0012,2026-01-15
S100181,21.536067983818718,79.94477554242276,0.09471466720560327,0.0995315408159837,0.08666484134019525,0.1532554286921714,0.2995188032040421,0.20642143181038167,0.2782971387259477,-0.11410403158932118,274.8703479159488,16.74152473411644,-0.19977447079421423,gondite,1,T1008,2026-01-15
S001002,21.320881147908242,80.28219829411464,0.0493993454154473,0.13262646839122316,0.0876510946399696,0.28543610009590015,0.22315867353912933,0.1239129792743266,0.2656727847896211,0.08161295168049482,176.36112773787713,4.592711130842395,-0.9253704737203672,granite_gneiss,0,T0615,2026-01-15
S000261,21.114456571479998,79.70084933248906,0.0685741272426383,0.0963453451247646,0.12200532818592205,0.1946726878136828,0.22745962177292658,0.20106338102144378,0.26021277033979545,0.18493006281078606,193.65395133148206,2.750781697773824,-0.026263684361586218,granite_gneiss,0,T0204,2026-01-15
S000458,21.430027804906338,80.02742868913548,0.10564335763892717,0.10691798292548339,0.10620751698071879,0.22911047933658757,0.18423045046841935,0.13801726103454945,0.31536945014552226,0.1448875367143855,410.831773662592,4.837473640166073,0.583400526395569,gondite,0,T0810,2026-01-15
S000832,21.40083359141205,79.82355819391351,0.11141509224124205,0.1341834299481829,0.0824715553907897,0.3032706068134946,0.21670564987038177,0.19871682057567655,0.46059575455001767,0.1763986408889154,310.692119346016,5.29038018840803,0.8483198390711172,granite_gneiss,0,T0806,2026-01-15
S000592,21.059003560123433,79.72090389412213,0.0829788558275881,0.1266064343765276,0.0672155864644417,0.21685577886097798,0.20650596183055067,0.1936041543866886,0.320029576393796,0.14601216154269722,282.226488161684,10.428784257007916,-0.14359376938621718,alluvium,0,T0104,2026-01-15
S001061,21.157523529389398,79.61726991281661,0.10181321770664949,0.09345828931911211,0.10167289204445255,0.2478789810577221,0.19404908661308337,0.16134034696617056,0.20141493890183815,0.13554135389567992,265.44254964811915,5.875650086222658,-0.3729346518361965,granite_gneiss,0,T0302,2026-01-15
S001480,21.519596463014715,79.62374755972687,0.054849760826902,0.06348178287920475,0.10044799346033512,0.2449478731772469,0.14365438124129679,0.1649362538252189,0.30033427625095277,0.06627105874902706,204.11846201800128,2.915595304788611,-0.41926585256761223,granite_gneiss,0,T1002,2026-01-15
S000562,21.46159797571089,79.72143419517971,0.08485583622190246,0.12403449540622692,0.0725125207627203,0.32158422383172314,0.20412775944533518,0.17217197964011885,0.40064167586295646,0.14120033781968927,278.63850820367617,7.023724510589211,0.20099744009195653,alluvium,0,T0904,2026-01-15
S000713,21.11906360197936,80.22666971988343,0.06452843265822643,0.1226690345763292,0.09353404598802234,0.3358167315050402,0.19335976672342972,0.15252215575784564,0.30619011312903954,0.15061686740548005,238.3629541951526,0.5699655817247686,0.43370022218925114,alluvium,0,T0214,2026-01-15
S100296,21.587742408351957,80.18267573691524,0.1406352483022127,0.12644271788156955,0.134282274971066,0.271700617741422,0.3320471348912692,0.20435138987925522,0.2542237118597706,0.015461906173212497,423.34159651973897,7.877066396597153,-0.33053454790357006,banded_iron_formation,1,T1113,2026-01-15
S000606,21.408493555495927,79.92898842801768,0.05136081444025673,0.11232380258425442,0.07428111168592212,0.22999064639012268,0.24420766899763563,0.0795230128607083,0.4936083572589464,0.1313125049441558,222.23650255636417,0.6594994208353331,-0.46430940817742467,alluvium,0,T0808,2026-01-15
S000101,21.002669414885318,79.53473604818748,0.06314924036959431,0.14472668028047284,0.12975429881592704,0.2869555642132816,0.15264360555544068,0.2059823437828272,0.3846261523834749,0.10452397147143046,238.41914053210883,11.359464687299633,0.43559545705726826,banded_iron_formation,0,T0000,2026-01-15
S000942,21.17328064008947,79.79842431127543,0.08800261555018073,0.08961728895117099,0.09547033827953949,0.26090924268339255,0.2756025090302971,0.18136761149203146,0.30369426227305385,0.08705528268579214,174.7230116458977,7.983457999133728,-0.3989411392792153,granite_gneiss,0,T0305,2026-01-15
S000816,21.088637137524643,79.62838752261749,0.07469592784939885,0.11089199097443299,0.09590120320621737,0.3473973703265234,0.18035972435923406,0.18343146566366417,0.43432069120487404,0.15693067358916402,286.35160919026845,0.0,0.16393544096550006,laterite,0,T0102,2026-01-15
S000017,21.557655243027714,79.5486774981568,0.11785136391612015,0.105092997947077,0.09766619880126687,0.2146463271293188,0.17574940201605047,0.12415472257215907,0.3222325454307852,0.11761230981308006,227.8547584313552,5.832301905897176,0.3473045671977896,alluvium,0,T1100,2026-01-15
S000438,21.559647645604475,79.98520466589844,0.10120375138435593,0.13234495610635996,0.12563588080246751,0.2934785081399367,0.20925087422699584,0.18866424029612694,0.3214373880517472,0.11815299265232407,338.26749030715314,1.1982883362785666,-1.176563350347546,granite_gneiss,0,T1109,2026-01-15
S000742,21.076978393754565,79.99721473618396,0.05038435077454931,0.11762321020326298,0.11241125403262169,0.27946238499538156,0.20674372784821776,0.15627040500160777,0.2760212609999914,0.13476680301333843,256.85124633442985,0.08721429782784718,-0.6582845858209205,laterite,0,T0109,2026-01-15
S100105,21.4301341134954,80.05982075567125,0.056606479979511626,0.08987661466615332,0.12975766684039133,0.20102786359830954,0.307295568588955,0.24599192201072798,0.23472462650172524,0.05475392184185349,372.3160619911671,10.940327068256519,-0.41663129576862323,gondite,1,T0811,2026-01-15
S100126,21.197916727399672,79.87930614007213,0.07893394262017692,0.09930641499962821,0.11828785404517704,0.24603153059095798,0.29459385571870333,0.14049329358105472,0.06734956694197866,0.07165740991098615,273.0092082970899,8.661920473954106,0.41186046352189615,gondite,1,T0307,2026-01-15
S001635,21.354649693136913,79.63556254368574,0.049054067409462956,0.11628050589522201,0.07692776552116568,0.255232901195862,0.20036909985528045,0.17578241793987714,0.190381469830662,0.03731041716676427,273.82580972104176,6.3834894704518135,-0.5625932711075711,laterite,0,T0702,2026-01-15
S000478,21.32883576590558,79.87235252541117,0.08282761144451192,0.07565214819750632,0.10440426108290858,0.22439971214350737,0.22910478254998345,0.1728057470331676,0.41563405034661666,0.10196271223863848,249.13308970205767,4.1358068462320885,0.7924428438637602,laterite,0,T0607,2026-01-15
S100355,21.313579065307874,79.64814347596285,0.06852660618283163,0.11435451217500127,0.126461665158758,0.30633795376985423,0.36078098717236734,0.21226143720276808,0.3146024593402126,-0.032334022165040305,353.3087409166899,16.26610798456042,-0.08393703471315561,gondite,1,T0602,2026-01-15
S001256,21.395142697407664,80.25792647512199,0.053958720276933284,0.12074611200007217,0.07840928960138928,0.27871448619782196,0.19378720369713248,0.16188277067332443,0.4353449621013402,0.10238723399252603,261.19318063233385,12.050906870917103,-0.34650387403335753,banded_iron_formation,0,T0715,2026-01-15
S000322,21.322439175341604,79.64489551021094,0.08078504147900067,0.13975518474512585,0.12694217941694572,0.26185198104983815,0.20578937966626884,0.14958127287024067,0.3849310062149191,0.07037433359450584,233.41077687975314,7.66309706409427,1.1132034494865612,banded_iron_formation,0,T0602,2026-01-15
S000452,21.510414379168896,79.720130839744,0.10280620460741309,0.14729911215696784,0.09017536646403107,0.22415042434446608,0.16987947531860073,0.1878143470317666,0.32847782717507834,0.19023003089811946,276.16539864153077,2.459973883251433,0.2548680118386174,banded_iron_formation,0,T1004,2026-01-15
S001320,21.41405791182765,80.25165999008179,0.08918719691508926,0.11470433862647886,0.08987983612147021,0.24504390503830642,0.2658423165160071,0.1268047163109771,0.2445265378955889,0.25296471167537155,287.8723567528118,4.9628055964327435,-0.062398928827199315,banded_iron_formation,0,T0815,2026-01-15
S100209,21.303797958972382,79.93162194820934,0.07097649285521171,0.07788329635695765,0.1418094398227713,0.2078886774755335,0.3129386020380244,0.21295969552233218,0.16196867823936195,0.0025349930054550593,239.57862751872779,7.033836695371337,0.6995681908480437,banded_iron_formation,1,T0608,2026-01-15
S001132,21.28931567379498,80.26673984299717,0.10885783385029243,0.10276108760522339,0.12291605744090911,0.23334653242165493,0.23931656410752175,0.12275549498527141,0.42974972561810565,0.31520960747602755,426.1836782820875,11.634446275513302,0.015528745181480888,granite_gneiss,0,T0515,2026-01-15
S100140,21.291994998502897,80.08936455078577,0.0710585481626427,0.09535265521246458,0.11535748619009285,0.26661118761061814,0.32910134774503197,0.1732985214359175,0.10988900007376416,0.03343388227436698,250.34528261679566,12.15746622267882,-0.07756656559029672,banded_iron_formation,1,T0511,2026-01-15
S001614,21.359141875378295,79.89735370756412,0.06688635740184883,0.11176971906900465,0.07511176248181356,0.17174615675290905,0.25903072456197895,0.13361959242525412,0.4058074441510603,0.1455680360928187,292.52490206883465,7.3271217736384875,-0.341994652226808,banded_iron_formation,0,T0707,2026-01-15
S000979,21.580045914307682,79.96622552176876,0.09546317854507064,0.12109355520894984,0.10267355437636447,0.3012829803724443,0.2571828450645783,0.19421257134309772,0.3557675840671804,0.20982292365451,244.95561165482428,12.320196652614136,0.6272612388133145,laterite,0,T1109,2026-01-15
S001437,21.566585843711486,79.97448664711827,0.05269942227220191,0.09204276406638322,0.0625929385516176,0.16427263892840493,0.20332159405176237,0.190616550072223,0.31890187859616115,0.15803547711655927,333.6368993083592,4.5000833548079,0.4004267153089312,granite_gneiss,0,T1109,2026-01-15
S001214,21.523818548330176,79.81867856675491,0.10945381970961413,0.10762747128675099,0.09918949865748665,0.2705856729543722,0.18585079251034275,0.17275289586793008,0.3071512867792724,0.07917898895240891,333.45530263314174,4.215959845597757,1.2429860572960263,banded_iron_formation,0,T1006,2026-01-15
S000821,21.400457385350677,80.29815304476773,0.07952845075689892,0.1120535059422566,0.10250947596829044,0.2244601586178696,0.2234110035986419,0.1254013819501271,0.3513201405931537,0.08838684356046478,223.5776618538578,9.355335777793389,0.25461476915811077,granite_gneiss,0,T0815,2026-01-15
S001033,21.558899363684816,79.7169093743142,0.052750156045650184,0.06341506675936709,0.08517124414399665,0.23898778636355292,0.2279039870192915,0.20383182081386272,0.2314368416451052,0.21520086365228586,239.7921555203628,4.389991895139728,0.5472741376167285,banded_iron_formation,0,T1104,2026-01-15
S001455,21.36105533823569,80.12689380477158,0.06838604945175304,0.06820985512455247,0.0942119015631726,0.2556377166632471,0.17504078611126098,0.16964453979825517,0.16733245243003783,0.10043585879786,289.13157290631426,1.6145605302656825,0.7198167652634581,laterite,0,T0712,2026-01-15
S000351,21.270569789330022,80.05202024978449,0.08168781015677352,0.09498364976479219,0.11373768324391106,0.22502432392032112,0.17966815159807364,0.15853388410516406,0.41620762188507393,0.1673730616133687,414.56444341538605,8.6214721665863,-0.6678514198509974,banded_iron_formation,0,T0511,2026-01-15
S001433,21.137838915967677,79.66216268873585,0.1097324007854871,0.10302415771115019,0.10768592473226504,0.2807878623304364,0.2545032113219075,0.2018908445553398,0.4046214009846314,0.10548600450260848,349.3047983319133,0.19871394608282777,-0.2956513858408854,alluvium,0,T0203,2026-01-15
S000532,21.07995668665862,80.22627960157001,0.07379034235614161,0.06782916147166565,0.10329504207809431,0.2819532180241712,0.2425225738876906,0.21667769630393363,0.29400178524486176,0.13174189214308632,277.9935932278273,4.379600992404511,-0.8607613704969884,laterite,0,T0114,2026-01-15
S000499,21.36461730565108,79.54367123994115,0.07246603224175681,0.06482056087511297,0.12069076841922899,0.2322177755290449,0.17607277136425786,0.16486095546621954,0.3292389420414322,0.17896886538992846,232.8921116347198,3.858377045018951,-0.9911731069096279,banded_iron_formation,0,T0700,2026-01-15
S100010,21.22247881453955,80.11002571765653,0.1115075329887108,0.10932657544340833,0.08204128962997007,0.25834598327493474,0.31804349134815285,0.21748532435494108,0.3377611653192107,-0.009651116417591567,337.81495224416676,7.593901059426828,1.1053204386966198,gondite,1,T0412,2026-01-15
S001334,21.134980948677434,79.65923988982807,0.06339228951912647,0.09518566753284004,0.10438620628244162,0.2578782699328519,0.2826806949039027,0.1692958346959001,0.3582476826007843,0.1446342956107237,235.4412796288426,3.9404157843868766,1.0006140267549535,laterite,0,T0203,2026-01-15
S001067,21.291581702260682,80.05454169556721,0.07405850973499914,0.10849288790881362,0.06569400829790506,0.23310001790090726,0.24547612629829874,0.12785570971103144,0.312296449677568,0.0381919384106037,267.10049378863965,2.585984338022316,-0.15236059049621326,gondite,0,T0511,2026-01-15
S100282,21.142046922662637,79.53917096785862,0.08825782790444801,0.10531057298232945,0.1747900826621661,0.2855082502713565,0.3071556684682072,0.2296872769121417,0.09288819486570199,0.06735632925963124,349.87537605616274,7.581649810994568,0.8763237772754695,gondite,1,T0200,2026-01-15
S000450,21.589338497739384,80.05270943714503,0.08605757832858982,0.085007487334761,0.09756159232489936,0.2414265696882198,0.25534014478818595,0.17287435130318496,0.23568494664430656,0.17231816190596114,319.3599193097261,6.763477385792131,-0.6977283479332747,alluvium,0,T1111,2026-01-15
S000981,21.077550653368572,80.01569282409892,0.04179142627226538,0.09098431456633997,0.09282050672394532,0.2774731622499611,0.24337527336399772,0.18637615331102794,0.49898567785989917,0.19049907811489267,223.139551701799,5.2014221213532155,-0.4836197321054769,granite_gneiss,0,T0110,2026-01-15
S100291,21.03117711987906,80.21650790510695,0.1053154985033311,0.12006952581755329,0.09701681418922728,0.29838082809771543,0.2640792898634319,0.2277035134454157,0.2574842222804962,0.017396228459934555,290.42841386626645,6.020068245097434,0.2779560156497213,banded_iron_formation,1,T0014,2026-01-15
S000394,21.26620174468962,79.96908146273192,0.08416663400365519,0.11355936024744816,0.11607656190327235,0.1864123689415756,0.24219546891817542,0.17914823769621885,0.48127252043954516,0.0489328672438705,353.44665351517364,3.184378912246652,0.31566014438696827,banded_iron_formation,0,T0509,2026-01-15
S000266,21.587022133333488,79.66793565065915,0.10787348444912565,0.12870160036001407,0.12646237604500898,0.23125840420391228,0.22674919151566275,0.17532100926089114,0.36080920824673635,0.16950529479015436,265.2131356049139,2.3903323024145253,-0.2673753886958493,alluvium,0,T1103,2026-01-15
S000583,21.369652345164706,79.60406647274631,0.10306474076384671,0.10458969831068426,0.10354668860519647,0.20215096302293578,0.2731920656900496,0.19089753652640884,0.386756681277355,0.13572763287933695,249.23721663193308,6.08698413173706,0.371679644029076,laterite,0,T0702,2026-01-15
S000501,21.461238019440945,80.00312769512219,0.0413783989409835,0.10334321300973694,0.053040441233422685,0.24348856314179768,0.2272860817162754,0.13356438521186573,0.26960904733441254,0.18960681004607788,264.07819761307763,5.608055380463673,0.021921978106747154,granite_gneiss,0,T0910,2026-01-15
S100129,21.352586743306627,79.95261752034554,0.08238247858732556,0.10112411306178304,0.14565585712205426,0.27288382894393926,0.2934062247368094,0.212889283808807,0.21321195746703922,0.19061287703295976,304.01518795548935,13.135144671755599,-0.9284052009700829,alluvium,1,T0709,2026-01-15
S000815,21.356593706872395,80.177545821794,0.0842868303901501,0.09323497792632758,0.07325996697025093,0.21642234421852088,0.22124868832587585,0.15642662751740694,0.2546622045530623,0.2209921283573809,394.3193918472899,0.0,0.443610997815596,laterite,0,T0713,2026-01-15
S100323,21.321260873898,79.86262393320013,0.061645820509994814,0.06919291248303179,0.11475791554510742,0.22490716296332483,0.25439261091405285,0.2100231045556492,0.31965079681374986,0.05512927202099875,282.23933093992974,12.075863486294981,0.13916646978525213,banded_iron_formation,1,T0607,2026-01-15
S000730,21.34884418577539,79.76579561232167,0.09111866951211407,0.0941287697406854,0.09185492152063345,0.31795972806402845,0.1253082875698212,0.16742253786681394,0.39127953901476586,0.1300588316873771,369.23804036387145,6.749938797341503,-0.21284839578513703,laterite,0,T0605,2026-01-15
S000483,21.425426178140665,79.98076099547981,0.06758136763693375,0.1140719483194329,0.08788633869625602,0.29751858301924666,0.16940842989237134,0.14243602139747946,0.31928279792505104,0.11759420929885644,246.66271242338567,4.039931392732909,-0.1012051942935401,gondite,0,T0809,2026-01-15
S000603,21.17923411498466,80.24035909416308,0.10648588729693059,0.0963605145942039,0.09950665866983012,0.23900786239168265,0.17942240253347466,0.06549665348503218,0.21257581940624784,0.21524836676787412,278.556292380396,0.0,0.11944552903893114,gondite,0,T0314,2026-01-15
S001504,21.40635278620701,79.8900138884525,0.09831171233167216,0.1186424364896134,0.09514966461328034,0.21387722724071778,0.27380141184272866,0.13769738313225624,0.22455070886923556,0.13747830131632924,183.63365861257063,6.615950893093623,0.24013667412285292,gondite,0,T0807,2026-01-15
S000505,21.10786302467695,80.23468880832041,0.07131105025127767,0.04093809142510422,0.09160300282168511,0.21360225440779584,0.2181638055815784,0.13637095991379056,0.40358032773695335,0.3503584504099165,354.097453582247,0.39122221249636,0.5273478136527734,laterite,0,T0214,2026-01-15
S000561,21.117166308123956,79.84300632260458,0.05646159775903929,0.09132802396528635,0.11654683592847959,0.296388120736263,0.14245260331480986,0.23198084462797025,0.5249580671155859,0.07042494562624069,220.9466873878694,2.903795091526537,0.17501516313087742,laterite,0,T0206,2026-01-15
S000335,21.066416929983298,79.7048930141717,0.08593141559947944,0.11626694869893595,0.10478860141161134,0.26668999535329546,0.22663802021093912,0.11015622399150193,0.36457517607068324,0.18604608679503354,382.59271191319897,3.297561025890298,0.18418721320352824,granite_gneiss,0,T0104,2026-01-15
S100215,21.443390402349326,79.9038331863228,0.10356901700636663,0.10015988059097627,0.12750216327508382,0.2441554387362182,0.24047773024272587,0.1721212852118135,0.29994690659795914,0.0904181804263475,330.2375047123876,14.917848575408772,0.4286051767783061,gondite,1,T0808,2026-01-15
S001420,21.021317950817412,79.79911564923269,0.11442846978217802,0.07921758337848911,0.09316950364803012,0.23265065905655463,0.29435782359335627,0.11796247228101442,0.32579859089486163,0.16919670568883052,243.35931174727403,9.849641724257756,-0.8218664054059455,alluvium,0,T0005,2026-01-15
S000901,21.07007509666399,79.79428618242432,0.09178918997246167,0.08283091645171525,0.14194808156352723,0.29533198849652564,0.24351217569067826,0.13087146512738118,0.3969170777891041,0.11762794433759066,308.7183589995885,3.535079934191862,-0.5224954803325063,alluvium,0,T0105,2026-01-15
S100158,21.43619676857213,79.51174627484805,0.04904334334520177,0.08143351738421946,0.13822456010381295,0.2351754778584055,0.2591894683152632,0.2492198901327846,0.21180826347111228,-0.030278245751720875,387.739466057721,10.107834700877461,-0.4784183564398233,banded_iron_formation,1,T0800,2026-01-15
S000698,21.219730250880154,80.26222731966035,0.10827134271084282,0.08892077859531428,0.09375910370384252,0.20634674211293821,0.18337265219304955,0.10988173521961561,0.38955532393703013,0.0983591966980647,298.6573871289743,6.383167685032794,0.15390843508134996,granite_gneiss,0,T0415,2026-01-15
S000628,21.051545342969977,80.1843469517096,0.06937142627854632,0.09459814304484197,0.06939547116814096,0.27728342619239793,0.2012527059977077,0.18389408037162355,0.48722056821300574,0.10392899346497766,292.93007198811813,3.9907037736346527,0.3701371537457753,laterite,0,T0113,2026-01-15
S000481,21.358770307871854,79.6575637357324,0.07279079819706136,0.1249932407131975,0.10010109862421325,0.28727792761090043,0.1742077926094666,0.1620297010663514,0.36401646851235775,0.08105395389060421,251.97844629521433,2.6723135521905785,0.22102384216765553,laterite,0,T0703,2026-01-15
S000274,21.40909003538779,80.02814065145576,0.06961329539804809,0.11136940327358971,0.11918516799839958,0.3343481744682584,0.2768316610965429,0.15066951258103525,0.34439329591778745,0.14367970172550174,285.78948895346997,6.9014503346568095,0.6357981828643035,banded_iron_formation,0,T0810,2026-01-15
S000156,21.591696794373377,79.8360996023913,0.07507786627688402,0.09941348387305203,0.08659517520922248,0.29230893117930246,0.2321095190408792,0.14599811324746334,0.43297079509402286,0.1962679744776777,353.18202742335615,6.484538410839133,-0.14786277699371664,alluvium,0,T1106,2026-01-15
S001068,21.026487089335383,79.98289661022524,0.05471531624004722,0.13305196181580886,0.09790888696263791,0.28878197255739674,0.26950907926135004,0.17604392406537142,0.4744883390708425,0.26229274841022704,335.5987554487002,0.0,-0.3320667992279449,laterite,0,T0009,2026-01-15
S001387,21.451264159643017,80.2085200927257,0.07296782266638696,0.10330752612790936,0.10728128378926138,0.31316462488485547,0.25421989598454764,0.13922199746248018,0.3162367652394985,0.06770764941825257,360.7546749239284,0.0,0.3277207582348454,gondite,0,T0914,2026-01-15
S000237,21.54011153706291,79.92285954396974,0.0686337153122982,0.10838077899411641,0.04605515883122989,0.23654951031583557,0.19452210193319358,0.13505462762722165,0.34180948159609753,0.2513881450844929,284.3660718352816,4.095899939683095,-0.128858280693828,laterite,0,T1008,2026-01-15
S100195,21.107560984894643,79.68628182795497,0.10519411705760812,0.10797963801404692,0.11111757091268969,0.2241761359016931,0.30862794855543807,0.22562403016517582,0.32215846657584346,0.04615455936579576,329.859239562915,10.677859571412993,0.6164318716545046,alluvium,1,T0203,2026-01-15
S001423,21.167986612293685,80.1413398430527,0.026444546356716288,0.09369440243324226,0.08698448188419362,0.34142704614999714,0.2577202186116197,0.1881839495501957,0.30591345537432146,0.09031857096252777,326.2070435207832,0.0,-0.0777517346299048,laterite,0,T0312,2026-01-15
S000509,21.401216857706054,80.10547443446363,0.06823675853641825,0.1501062392735683,0.08551234838468157,0.2660002694692434,0.17205860046219265,0.2315513919479873,0.41652464179870546,0.24137843377559862,312.9808491730611,4.014422419164153,-0.23608322827352102,banded_iron_formation,0,T0812,2026-01-15
S000050,21.11526853454953,80.00734871155973,0.07479186186251037,0.07488472526533416,0.12850011120599542,0.2555364693356131,0.2695774821016108,0.12880178389775826,0.3911626020299564,0.09257617740798332,262.72018654005245,2.005668518833361,0.14229087277555846,alluvium,0,T0210,2026-01-15
S100096,21.217087566332033,80.28402174364335,0.10530319890976654,0.14123598305463217,0.12804881506687044,0.26447251778419933,0.31250159655930315,0.2166412949730506,0.034431141859902537,0.006277761424937467,254.9233626538257,5.92657736180835,0.4839994022769322,granite_gneiss,1,T0415,2026-01-15
S000640,21.215044375501257,80.26752006821718,0.06248675533828268,0.09662721231940667,0.14931717514307793,0.19533187449845535,0.18696657921252516,0.10547314828273126,0.33133854332379464,0.11727804776555503,355.11431271015755,3.1135053200208582,0.38711772075939777,banded_iron_formation,0,T0415,2026-01-15
S001145,21.132774773808393,79.61278987231732,0.08745006179747666,0.09145936453516075,0.10382565794514947,0.3022221173071549,0.2721273639087142,0.18198144293282173,0.35791849780821844,0.13475626184232853,286.4263518923316,12.002540120559853,-0.11746172294099895,gondite,0,T0202,2026-01-15
S100156,21.168740270303406,79.7511146958416,0.09375384370235564,0.054815722448447776,0.13392823781645538,0.28442470089347854,0.2136700134900829,0.23628029039680987,0.18110446954407625,0.05979470184273794,381.6143447792372,9.053422366174692,-0.04395324368460737,gondite,1,T0305,2026-01-15
S000059,21.519702258490646,79.94666310946856,0.09589604700294725,0.061521259465099884,0.10750582739655748,0.20985543228600623,0.2233390927482789,0.18620299199643967,0.40438273546386044,0.11328820510196724,235.90788959040904,9.962932996564842,-0.03626179589387036,laterite,0,T1008,2026-01-15
S001442,21.36994657413411,80.00991980747195,0.07478593280211301,0.11430991270632931,0.09879248307778848,0.251893104762794,0.16118970125850748,0.12642272017050868,0.38169148674726244,0.14320788303513454,239.8331934083496,6.418754897892249,-0.4824135609814333,laterite,0,T0710,2026-01-15
S000117,21.1567789206145,80.1414600292395,0.09787201700298027,0.10706585537056484,0.0974002986847493,0.28109628273770065,0.24424792399791062,0.20727919163322042,0.22697332385782848,0.1470698557154469,321.9091094235853,4.9416403582875414,1.038016716981796,laterite,0,T0312,2026-01-15
S001495,21.164003794315207,79.56679390241284,0.08287674788303127,0.10837578818138073,0.055592062271117605,0.25836400376699914,0.2570619775931835,0.17515954581799428,0.2617418588088377,0.046099714872444464,268.81179540289287,3.8001874680680636,-0.5034008164220622,banded_iron_formation,0,T0301,2026-01-15
S000308,21.439003670080673,80.13732585520474,0.07603430823889835,0.1436891178825151,0.12607156407205808,0.2713616090744894,0.2468307897122943,0.20096309228484105,0.3206635854283938,0.09418951219529242,181.09333313432182,0.0,0.24780691760962242,gondite,0,T0812,2026-01-15
S001057,21.396340675924506,79.70245130535818,0.08812005383312807,0.10557119976347612,0.0773730470788273,0.17281600400399755,0.17500920582114615,0.15266040991380198,0.30800261216805935,0.27007947684594635,296.934827306029,0.0,-0.1488100184143853,banded_iron_formation,0,T0704,2026-01-15
S001511,21.421469743912073,80.09802697931507,0.04348455636333329,0.1266930254335601,0.11711746242158028,0.2196445356840956,0.1705027270494308,0.18774480004766836,0.36617379975904585,0.16547693327377502,325.67299301089173,14.992844808953203,-0.983674943482142,laterite,0,T0811,2026-01-15
S000939,21.522015528514284,79.9075797481034,0.06664315885765273,0.07639760116597774,0.11341453625734668,0.21280390547219633,0.2659767002647888,0.18784443425251077,0.3449528837853112,0.09597165131472879,190.2913571453976,0.16729725727532418,0.14546094916095947,laterite,0,T1008,2026-01-15
S000087,21.546591503698682,79.82621658453058,0.11717173232832455,0.12860779442775291,0.11700717784028426,0.25478830145797254,0.17977461262954073,0.16767954707891036,0.2440517573790255,0.27774894413517753,232.9062016596108,0.0,0.7739510077763591,alluvium,0,T1006,2026-01-15
S000193,21.196886109620877,80.22729925685425,0.12010535762775518,0.06631250414380885,0.11750711494940133,0.24913668744406275,0.2023970599077529,0.16703795152564266,0.4673867049661984,0.15188481312236282,285.186588302091,0.0,0.045704886580741615,laterite,0,T0314,2026-01-15
S100178,21.53500635975295,79.63272549430123,0.06475608137925502,0.08662181319993162,0.13263609398423856,0.324016492895001,0.2753208198498089,0.20242559179492353,0.2826047060572128,0.0007851643371538444,189.1780274757087,7.261202105107463,-0.7144077171131391,gondite,1,T1002,2026-01-15
S000030,21.194851269864486,80.11815441856308,0.07212723408728249,0.10029266611330762,0.13459918070645804,0.21456789710713306,0.19241148900674074,0.1712573442868528,0.39317876138050806,0.09457842353381957,261.9501027203295,7.844019676545699,0.06298860825391833,laterite,0,T0312,2026-01-15
S000218,21.178873375130216,79.75348406862393,0.06150534600578024,0.11049276240329974,0.08450594415643217,0.27612080344744677,0.22371335809409879,0.19410635388805642,0.39796135920526093,0.2070239959531422,279.0115979171497,1.04188245972151,-0.013973506899410123,laterite,0,T0305,2026-01-15
S001117,21.47501288710639,80.06678409497012,0.01245805013047381,0.08239603436651968,0.0718197182788648,0.2442757808829098,0.19966870938977607,0.1306791145210407,0.3819900547786858,0.16691978556682432,290.91666571059636,5.391116000503386,0.7836545530649406,laterite,0,T0911,2026-01-15
S001346,21.595062080551624,80.2572439104146,0.07784401729292714,0.10182377387936702,0.1090300704025276,0.22849685382882248,0.14755860970963636,0.16849419559168,0.4245739501792707,0.36186561141865464,180.7094130995247,4.327780112138963,0.8242434442416359,laterite,0,T1115,2026-01-15
S000927,21.13514538161977,79.67983288149446,0.10220593415242607,0.09359934622908332,0.11298662224559063,0.24180390563664228,0.2711730929087929,0.16695489117529785,0.33196010524465336,0.13567849177543692,301.7985327801194,8.608735711821685,1.578878091912581,granite_gneiss,0,T0203,2026-01-15
S001284,21.010804115387824,79.81458132768081,0.09930304006681112,0.0953083380277237,0.11573064455999714,0.2534139693771417,0.29305620135781557,0.15279247498050494,0.44263944420636697,0.09887354761604163,112.77592785828804,5.22510525606087,0.4814883774932814,laterite,0,T0006,2026-01-15
S000663,21.27781597925332,80.24315234869707,0.08454379256281724,0.08998988679592082,0.1096085854006534,0.29783808904324527,0.14352200846340535,0.162560149660454,0.24416504456774552,0.030056859070338976,306.41059754430466,4.379116849759157,0.8779770325042935,laterite,0,T0514,2026-01-15
S000460,21.341195890708995,79.5215117122482,0.06098942378559613,0.07744058670874648,0.0911220791938781,0.25963398165738155,0.26694838124565673,0.14031493564468414,0.44047795422450164,0.12566192153911646,221.89186456169793,11.26225928036581,0.29842341305978953,gondite,0,T0600,2026-01-15
S001464,21.152491372871406,79.68468852902762,0.0519397332087707,0.10524706060644358,0.10571356750653951,0.28163255936961407,0.15526446534101504,0.1954069642777019,0.413504679187309,0.23169961573280937,392.25416772683326,0.0,-0.7857186068870043,gondite,0,T0303,2026-01-15
S000624,21.022079640240072,79.70864859016821,0.08639069949484977,0.08802242318715384,0.11946770631980716,0.24808259856157613,0.2011998896037819,0.13053455570977143,0.29944103425606583,0.16315458157406065,317.1794936409026,2.7895441691150458,0.825863037828058,laterite,0,T0004,2026-01-15
S000978,21.257777457599065,80.12942294016882,0.059428697031027,0.13152488129939782,0.08665733227881553,0.2104950119776396,0.2230609564162309,0.1448338950442945,0.2126821188751478,0.137569395113879,298.5107092750487,9.929714838715103,-0.3358231335459361,laterite,0,T0512,2026-01-15
S000304,21.214385389726306,80.03227337768162,0.0684975866356268,0.11233537052368872,0.12357383549332816,0.2292248706059741,0.19165006269362228,0.12937059140135204,0.3109555308615696,0.06624922702371022,294.34809173992227,16.39530050924928,0.0008614002409270448,granite_gneiss,0,T0410,2026-01-15
S100142,21.562695872984992,80.23684575783615,0.11172007661919733,0.10355182233847185,0.13193891794617765,0.24700949746346768,0.2443795026547762,0.22035733048745895,0.2492290993651014,-0.00622680643661936,328.83933982918825,8.14290022978214,0.7331014098128409,laterite,1,T1114,2026-01-15
S001156,21.23372757491985,80.15093446129083,0.024602327630308646,0.09697795444326118,0.09459588959174957,0.24820334290330362,0.3294527816001728,0.14280202916779672,0.5054113525140826,0.16206077029086932,172.68067695555294,0.0,-0.009280660130623829,gondite,0,T0413,2026-01-15
S001069,21.249356518561026,79.77003699735516,0.10326110474306191,0.09943704737316768,0.13250874443405788,0.23269399341587754,0.26252612315952334,0.12945015656298936,0.40714922534192194,0.07212615862434024,308.3132290307083,6.16338400565435,0.02052030784446144,alluvium,0,T0405,2026-01-15
S000504,21.252764136330914,80.18801902630676,0.07609203191491842,0.1173881971553211,0.09796504161326999,0.28613603798907417,0.19660350889728323,0.2051427011701879,0.3560619862415086,0.11760642307332875,306.39829372907076,4.985121339648425,-0.039785064683893895,laterite,0,T0513,2026-01-15
S000061,21.31828507395398,80.18899363552146,0.08723979359063676,0.12208550955432376,0.05894709990409707,0.2436055045966185,0.23970909120867848,0.12532852056398605,0.41604203259032596,0.14306344456352554,328.284959810234,4.45443289114143,-0.37637504512091746,laterite,0,T0613,2026-01-15
S000276,21.230524801922698,79.56823726043193,0.07303593905328874,0.11523000444347883,0.08041994509599114,0.23752047137354554,0.23238655626447108,0.18654929311462065,0.2760587454342766,0.25592531050145684,149.3387429142797,1.839011416223046,-0.4773311755869693,granite_gneiss,0,T0401,2026-01-15
S001046,21.23532312240852,80.0611254896387,0.06677844936361144,0.09176284167936855,0.06802334253665322,0.29389254471912707,0.24188639977512255,0.16708334614261447,0.37812833512213595,0.1482894635593575,240.8351613351376,6.549374705013326,0.0488732164647097,granite_gneiss,0,T0411,2026-01-15
S000439,21.14827157302141,79.82186289913913,0.06170473622268917,0.12275713231233028,0.1319977917591595,0.24126793324581952,0.21877267290540864,0.15957631675211648,0.49790255262032346,0.22751125613727397,274.86301366513175,8.006332756581333,-0.04939729734478974,laterite,0,T0206,2026-01-15
S001043,21.419128268353028,79.52448848764818,0.09201298171257065,0.08078069012092107,0.11981543681818582,0.19070871189531619,0.1848150285048372,0.20065350671517548,0.35948273931570707,0.11865157365335313,224.03650157865826,1.5966284961878063,0.162697725542661,laterite,0,T0800,2026-01-15
S000255,21.418023617445648,80.28381882803657,0.0653672429031313,0.15355306445850347,0.09929365287625906,0.2583523515836053,0.25799481635608235,0.15085737896764245,0.36225375258076675,0.18952088793216137,232.50041761707806,2.226249175528949,-0.5250207207222661,banded_iron_formation,0,T0815,2026-01-15
S100294,21.50614497095865,80.18222490370553,0.11944391903887627,0.11189380422740368,0.1278962254229218,0.2345421695109433,0.33043782103524466,0.1913928755591792,0.20289563535276076,0.06425432250968609,254.42628553407502,0.0,-0.5054344589281587,gondite,1,T1013,2026-01-15
S000563,21.53522370962025,79.84108259577948,0.08051031466106631,0.08932969880028147,0.06938417754417578,0.22331016935076028,0.17146215912915747,0.12316695982314016,0.37196278696888396,0.17553103961048933,217.60935397685637,1.1509497047644146,0.04745237308664601,laterite,0,T1006,2026-01-15
S000908,21.59645428186027,79.87439437310184,0.07563669089338755,0.11103568164574824,0.07603750466603629,0.22463126265753733,0.278632225194806,0.11648794359053415,0.44241131729558747,0.1665205689894122,344.21462362222735,2.258390966570812,-0.4716501184143273,banded_iron_formation,0,T1107,2026-01-15
S001542,21.115370385685363,79.79659030374806,0.0798340646476043,0.11744868338403183,0.10166925205502474,0.2970981456651529,0.23383171603151293,0.09586759580057796,0.40238248686171313,0.22590473622674956,297.98606322603706,0.0,0.821889213905748,granite_gneiss,0,T0205,2026-01-15
S100088,21.096763067420163,79.54360025199304,0.10112771172061766,0.11107907011990648,0.13438186092176674,0.31891319533476237,0.37086037129946986,0.15277887217006164,0.33053660747022373,-0.025019092880322114,360.3268589057862,16.11328362687929,0.09145736506435254,banded_iron_formation,1,T0100,2026-01-15
S100041,21.499606917634704,80.23475351641244,0.09023027403838382,0.08312380042950554,0.08704445717791057,0.2102090752388542,0.34180258663084495,0.1815055659218902,0.10815122721609194,0.21280458543171799,348.62210763358746,20.250596992954893,-0.0350064294064002,gondite,1,T0914,2026-01-15
S001441,21.301029550111323,79.7680373850598,0.03225695775749453,0.05987046621815057,0.10155123449631775,0.25724019044668794,0.2102115758323929,0.1293958440240786,0.37643083956972584,0.11148447739942471,353.04047688443154,6.288012894154129,-0.5300839474339806,laterite,0,T0605,2026-01-15
S001573,21.334001913932916,80.08681727022079,0.07131152083179648,0.10926173632324537,0.09880749184805791,0.19816719479355843,0.3193831172834387,0.16863823979594436,0.44360567923092653,0.08109607636503595,175.7349313911115,0.8173701788093064,-0.07818918888920438,banded_iron_formation,0,T0611,2026-01-15
S100131,21.55507207102608,80.01835878576097,0.0643148298216964,0.09506352408976829,0.10601495803671906,0.2846326801271928,0.34943993931053574,0.19449927496863115,0.15904204333517938,0.10244560490405982,226.93883525911673,10.327981973827738,-0.003783648315575318,gondite,1,T1110,2026-01-15
S000641,21.369784257631256,79.96048499788125,0.06688363736267397,0.08498855780579796,0.10561916132299011,0.26234941560436714,0.20077313558933882,0.2235956718381528,0.3307189404971631,0.17719408529594188,284.6834928557452,11.396590337926616,0.3594037855814894,laterite,0,T0709,2026-01-15
S000797,21.18140586728537,79.85199805759883,0.07782400676149251,0.09145290456865324,0.10526579248915219,0.3393643550712599,0.25030707125207147,0.16235937772544948,0.3297697224439693,0.19617181874160045,261.92666837642116,6.924994480236314,-0.4563030960538957,laterite,0,T0307,2026-01-15
S000734,21.360983021483317,79.90123272967992,0.05022342877309939,0.05937798314791352,0.09289534932034366,0.21690934466752373,0.24191332978566837,0.17603367465335604,0.408420556929348,0.07846961157221938,338.56436091832836,4.313203874645131,-0.4632374783856354,laterite,0,T0708,2026-01-15
S001494,21.485099709534442,79.79337001303297,0.07605320932845391,0.10875922042005859,0.12489242013586636,0.2548740693609993,0.19303863328206752,0.19473905473197983,0.30529264264574985,0.17309931158325623,246.22953563272858,10.918238582553055,0.2598104654676549,banded_iron_formation,0,T0905,2026-01-15
S000984,21.050902685748866,80.18547854208293,0.11139592681251478,0.08732236284856879,0.09787963677362053,0.2408554430198121,0.21932532680013134,0.15546543819543684,0.2757315367341107,0.11049681074681054,195.20358492612974,10.100301088633136,-0.30527109399361363,granite_gneiss,0,T0113,2026-01-15
S001138,21.27197164498089,80.26381866363816,0.08276447614308545,0.1393178524992874,0.09151806538998965,0.21505922922627035,0.2558765290662401,0.17473375039684286,0.3310977091613449,0.2091132292074634,229.77046221206345,0.028295906367047152,0.5850121510334707,laterite,0,T0515,2026-01-15
S100164,21.33291148163489,79.59573804469191,0.09479262409973124,0.10249394555302695,0.12494013414968348,0.2801857446869043,0.3002693813640649,0.21802590036783448,0.2438008856948444,-0.061096881055876934,363.9456685857703,2.6786427286178602,1.1963383615091208,gondite,1,T0601,2026-01-15
S000364,21.187566640670546,79.86043222751,0.059892056676054954,0.07545396687655112,0.07977182550956516,0.26484187941039117,0.1673164657208146,0.16731361581198181,0.31248804224926274,0.2569786457046289,314.6546391050596,4.044884871005363,0.5568165555816912,gondite,0,T0307,2026-01-15
S100290,21.500075132273135,79.8210844460427,0.057501412897956905,0.09916405544248975,0.08255688995133208,0.3051932931901755,0.3145037199878639,0.19995189984084105,0.3687595846098649,0.0787148410975686,354.9864881394646,14.427052629855853,1.3173703772075,banded_iron_formation,1,T1006,2026-01-15
S000848,21.581395119826148,79.82259305627576,0.0899262879111356,0.09264342305196564,0.11090694403258011,0.2602484242561872,0.22405916916681565,0.21590552351046857,0.24716035502931066,0.3034402761007502,326.4739110098487,10.707608286958965,0.6254825585425661,granite_gneiss,0,T1106,2026-01-15
S001228,21.164163911079292,79.54440290322971,0.08281286984123531,0.11624039481530547,0.12262438345060483,0.21769964610283082,0.195281720915221,0.18095963315616637,0.3749738895081223,0.12378381189213683,322.43104139644157,0.0,0.3405157717821308,granite_gneiss,0,T0300,2026-01-15
S001536,21.081471495375958,79.67533931172258,0.050563195589250876,0.0731752201873025,0.06919678179479444,0.2515478687020248,0.16576030405534425,0.17272168828680717,0.33308499237775213,0.11600600264980374,184.89190552466238,3.2145902766445746,0.8728854278492336,granite_gneiss,0,T0103,2026-01-15
S001281,21.125253293399442,80.28239881884937,0.09030405027207807,0.14293089584647148,0.050437242085769315,0.308337568700224,0.25277875623496526,0.16347627848103682,0.30685279099666984,0.22590359048436115,307.7070075821726,5.123723469338907,-0.20580653105592345,alluvium,0,T0215,2026-01-15
S001001,21.003251879890918,79.80197558647453,0.06005691204692777,0.11664251226680748,0.10173956220285868,0.3615068022343628,0.23496890495760991,0.18146837830780205,0.519634660688171,0.08467690540635867,307.7834776253526,8.508276390004871,0.3873000576658123,banded_iron_formation,0,T0006,2026-01-15
S000418,21.330384876491642,79.55383507818492,0.06374619923795272,0.13709715378840548,0.10276819508923866,0.26927214249614206,0.2327678236168625,0.2153778272988366,0.3563478307241375,0.12364571521535664,251.7978650964207,6.433221756783699,0.15215053732081066,alluvium,0,T0601,2026-01-15
S000479,21.333933309432567,80.28975779110586,0.07721331029640521,0.11234150470232034,0.04503381305364373,0.18068148846551083,0.1889935690598262,0.14518798492602236,0.42974341485606954,0.11024362971015729,165.46005468333647,2.5043108368683686,0.33480738011467764,banded_iron_formation,0,T0615,2026-01-15
S100348,21.354045537214986,79.85070900686735,0.05638811320493019,0.0659180074870519,0.0935915370631118,0.3237646565357708,0.25288840929196515,0.19968106173798905,0.25697699912085,0.010405287615147273,331.91471724089104,11.33667629340916,-0.4978451134209034,gondite,1,T0707,2026-01-15
S001584,21.092834339405325,80.22313611855857,0.07459076519211477,0.10462606584363722,0.08002471944577734,0.31738948880831364,0.22225186409139072,0.16002739345169253,0.3107581997525862,0.0927434947309734,288.4622071344131,4.244916579493665,0.16258377052786205,banded_iron_formation,0,T0114,2026-01-15
S000211,21.399512223813723,79.65740644873514,0.08475444149647654,0.09078994964880546,0.09214006789915746,0.2495538486536267,0.22172413104476973,0.17396831762977358,0.44988526246059246,0.05558145757082318,218.304136040718,0.6808243778845622,-0.3431986787486924,granite_gneiss,0,T0703,2026-01-15
S000557,21.35042901324302,80.24419361464076,0.08800440478541044,0.0741095563641897,0.11927953171644501,0.19788348505408698,0.21125532265359584,0.18298433784772727,0.38202427251989507,0.1519929553776599,362.8055616927774,4.231928962637671,-0.29419668645360303,laterite,0,T0714,2026-01-15
S000616,21.47265163131958,80.25599746231546,0.0981926680677067,0.13648685570200125,0.11277594972455783,0.2915203030422095,0.15285975800259344,0.19024813016773753,0.44541377867325305,0.3000759356765292,340.9432112187546,15.396112579162214,-0.7202208481310789,alluvium,0,T0915,2026-01-15
S001553,21.274402999891997,79.8428780268445,0.11421151817984507,0.11779362042437506,0.10645670870865183,0.2678766385750268,0.21875518473937408,0.1509672655882073,0.2582364876641015,0.19742474421472644,264.5959644147487,8.437008456304259,-0.40359118248326903,laterite,0,T0506,2026-01-15
S001108,21.211249676780557,79.93355698575469,0.07408591819008487,0.0846108906638799,0.09942131474229736,0.26873900215649443,0.29615626118139565,0.20454342689372904,0.37197789187598557,0.20981863708331536,239.33741455923627,10.75493300011566,-0.5234291476841328,banded_iron_formation,0,T0408,2026-01-15
S001231,21.565658755612688,79.88330807397033,0.11718265116921883,0.11666592710860275,0.09546658322407293,0.27776924920229107,0.21483753497490501,0.16986526157396442,0.30665247284960984,0.24073808890557657,329.14180540354323,0.5978893540261412,0.10154915979429034,granite_gneiss,0,T1107,2026-01-15
S000957,21.049973532230762,79.81937818016199,0.008300388781565957,0.08583562482507703,0.0615468182574727,0.22710186894783893,0.1520736730254113,0.15212598049578804,0.4013702636947613,0.2328757386724284,284.7395780565041,1.354105994174788,-0.3113882783108991,laterite,0,T0006,2026-01-15
S001484,21.42912300259329,79.81572575169032,0.08166107844791073,0.09373832050987113,0.1024855454308305,0.24494762594488673,0.20637461401131288,0.17777803493141306,0.2865898052283871,0.19143001238109678,244.3385632979509,10.278116696119255,-0.9077145146738765,laterite,0,T0806,2026-01-15
S100136,21.57513552794487,79.8451345561439,0.11090464303393119,0.1152822881100358,0.10216941090655927,0.29254035713806104,0.3306137014454514,0.2568187343992658,0.2883748584108449,0.10879458235929587,384.27827233577693,5.860883011376035,-0.34154590079258734,banded_iron_formation,1,T1106,2026-01-15
S000098,21.28830822889161,79.9227599156021,0.07934162284076661,0.0682561239722526,0.10598635246976859,0.29837769439745715,0.25952526100906675,0.13404626109339673,0.29418363434898037,0.13555393001696783,350.27821792698484,4.420715687961413,-0.6898678395144071,granite_gneiss,0,T0508,2026-01-15
S000015,21.337774712271777,79.80731550922019,0.10949172214650586,0.12145647374660269,0.11623932191503764,0.18938906081223744,0.22519500165561745,0.12229536724515132,0.23610143110370202,0.07303451093460527,170.91523698391165,11.196716978831901,-1.1762242999838857,granite_gneiss,0,T0606,2026-01-15
S000982,21.22062828289948,79.7302642371515,0.048929187651529475,0.11008773902925378,0.10556850140700742,0.2263716157293804,0.20198183287546181,0.1699874316938955,0.25114073352017413,0.10253898790356633,260.127923356224,6.831589518462172,0.5822714825217674,banded_iron_formation,0,T0404,2026-01-15
S100333,21.516431440995536,79.76027418441335,0.09254219200298332,0.11726184907221818,0.10727007900303491,0.3104454626543654,0.40925154836638206,0.25380294424783106,0.24329851334779037,-0.007382775013959078,211.51135718775524,1.6304621518773121,0.37643608357444025,gondite,1,T1005,2026-01-15
S000799,21.10158016921167,80.20709333344946,0.07474427000476476,0.0794072111370349,0.10104478369732753,0.26479837066622147,0.25000257532514125,0.16533267415197717,0.4571788035918883,0.20757781751131868,317.6779248636026,10.303390732353648,-0.8999461307654743,granite_gneiss,0,T0214,2026-01-15
S001400,21.18161492848615,80.05050049047695,0.08364194192373138,0.09719438418578187,0.10481549786282035,0.1871706798290828,0.14763988662342292,0.15563820454593416,0.3258782719298165,0.1855343397154684,155.5920186004785,0.0,0.06650949784183505,granite_gneiss,0,T0311,2026-01-15
S001097,21.08756141206902,79.89996596815008,0.07542327646991101,0.08728334546007377,0.10909427254926343,0.18416542099835237,0.18268127989518174,0.24096150969669594,0.3201110046389221,0.09840933752807161,260.08873533555044,4.603124944745824,-0.8517334413001348,banded_iron_formation,0,T0107,2026-01-15
S000456,21.194603995922183,79.91902575272287,0.07970130694445059,0.10861551555417906,0.11303126531438958,0.25721616578335316,0.15270433466849104,0.11072751837010839,0.4006275811539364,0.13205944736515424,265.4868681016534,4.054990140920802,0.76163256475168,alluvium,0,T0308,2026-01-15
S000754,21.186934883036376,79.54732931719815,0.05986344048019392,0.06597369853039672,0.10057967713072653,0.30791898428458203,0.20520174733193255,0.13074980609264647,0.48940322426739247,0.13800609269105016,261.97603402233284,0.0,0.3024738111181833,laterite,0,T0300,2026-01-15
S000645,21.52550675605763,80.08981161607348,0.05682634096002313,0.08510102122993882,0.0982790186652662,0.25208893753589073,0.12164716088701938,0.15849424563888698,0.43285607055117037,0.21707892828037267,343.7381200680991,9.099590027768558,0.21942872310306602,laterite,0,T1011,2026-01-15
S001496,21.001722786656888,80.16200760784562,0.09120732397631869,0.11535784622962733,0.11246004242603652,0.22160412491313936,0.23828500715809212,0.14287583183668912,0.4258071653931632,0.18311921570949286,387.68282148487526,2.2379973503497514,-0.5324633403712559,granite_gneiss,0,T0013,2026-01-15
S001594,21.236139912787845,79.63743655473067,0.08529238013456986,0.11131126890203119,0.07723013339879238,0.27113099945499397,0.15237880629078127,0.12241170607057775,0.2650856080488453,0.13293630136229093,267.6502387311534,9.128881042219462,-0.2946367487356693,granite_gneiss,0,T0402,2026-01-15
S001490,21.247155555985128,80.11347855432636,0.09857631560252275,0.0459767217302897,0.0888730303731351,0.19915421915602716,0.24669867862136155,0.13285114242063184,0.1386318033155572,0.13517528564561038,340.23619635828214,0.0,0.9299463074091551,granite_gneiss,0,T0412,2026-01-15
S000550,21.09894924516517,80.19549400840582,0.0773535030967926,0.11747321019398824,0.09900134207301486,0.30650792456640064,0.3208167631960931,0.12897000189607083,0.361657714202052,0.052857250680981835,250.63033532457877,3.7916158732488925,0.6966282020659987,granite_gneiss,0,T0113,2026-01-15
S001569,21.167663983631684,80.04794914969885,0.12685767116152125,0.09041612219168789,0.07542141741298265,0.25932386954765135,0.26639124866700187,0.14947928357199705,0.4329310867672809,0.09650904476856377,253.7670779883343,0.0,0.4341664086651158,gondite,0,T0310,2026-01-15
S000765,21.353108265974775,79.56970344963774,0.09031064570074718,0.09340034031157302,0.07731797843473892,0.3116075755148969,0.19289836530652243,0.18066433002445,0.33745989684134053,0.11300344205166113,316.8701188317221,3.7041251504750825,1.0804290089995647,granite_gneiss,0,T0701,2026-01-15
S100328,21.379750577560575,80.10157049725993,0.08078626132048593,0.10703861541637315,0.09887307072993085,0.17653959190499707,0.2733593674415841,0.1378356568917,0.09157830022939459,-0.050938511494800914,369.1258370208465,5.689663037061354,-0.26689796982960423,granite_gneiss,1,T0712,2026-01-15
S000887,21.37566138708553,79.53248667791053,0.13855630372466238,0.10189396294099193,0.11673311189091196,0.3101971327125186,0.2391019997798495,0.1876128215200126,0.29901848699931577,0.09867976263553024,255.16356791339817,9.115271116709797,0.707400293092194,gondite,0,T0700,2026-01-15
S100318,21.178125884742773,79.60749353065044,0.09353229103553051,0.06828793250799489,0.14471565785988283,0.21991854985390832,0.3222958622877449,0.20535673673984195,0.28896000403297073,0.18460623358466044,329.5068830299841,11.958770033651692,-0.4909549229754016,gondite,1,T0302,2026-01-15
S001329,21.448038267528432,80.18717466369493,0.07424395416103292,0.12753816305612886,0.10002611735808498,0.21967558405546098,0.14974992888359445,0.12895665616873908,0.3843490006714622,0.32383967300568517,290.89794769170106,6.039026918229289,-0.5011165680086211,laterite,0,T0813,2026-01-15
S000998,21.039787690572584,80.00786209003589,0.14216757230363794,0.07301715228873246,0.10846776568491073,0.1742406567534625,0.224258932731437,0.18129391432293984,0.30546822285666336,0.09319622591139858,150.90620591358595,5.752488974423288,-0.6953522900092874,granite_gneiss,0,T0010,2026-01-15
S001372,21.22445442795524,80.11583374430185,0.07868074233540412,0.1270121555801366,0.1144609801951504,0.2841794560732001,0.16202107802443377,0.1917244418609921,0.3424889195289193,0.20492418493683764,282.77783555664035,11.40486761480485,-0.5438186005415692,granite_gneiss,0,T0412,2026-01-15
S100167,21.484950883238582,80.29637157806691,0.0715769403468569,0.07045584073077937,0.17690588789815279,0.21938577939518783,0.24623054411933074,0.21947698309152974,0.2051234658251161,0.07390560798757621,268.2088602593434,13.810803226144584,0.6432950656436166,gondite,1,T0915,2026-01-15
S100012,21.3863190720484,79.79135361421764,0.08252330392861949,0.12416525650961001,0.12372105687304377,0.26878909358940195,0.2736200921530692,0.2221148868706349,0.25289375344127707,0.11968431980617228,332.6400126634772,12.385216249230918,-1.0962717454037043,gondite,1,T0705,2026-01-15
S001566,21.535426262373942,79.56422426159675,0.0743014111483338,0.10465314812096208,0.09705208851358318,0.2152447818650452,0.25950036279599725,0.16897057241895302,0.4698195102506903,0.1546589893305354,363.7054922392472,8.266200512780873,1.0115322136390053,alluvium,0,T1001,2026-01-15
S100171,21.30903427753903,80.06432509238721,0.06738076805735739,0.11250423861158931,0.1102396019687613,0.2720138040561955,0.2751265603758238,0.2764262892102355,0.07515050560156841,0.05205965029094809,318.00231562898375,19.29006974787892,0.13408139047765805,alluvium,1,T0611,2026-01-15
S000289,21.281127017685126,79.80625986141611,0.04870228949096518,0.10010399610094763,0.08573810411572684,0.2510114485057695,0.3178555317037367,0.09644314040583687,0.33312474187565555,0.16007911515181003,302.87631987602526,7.062624184427223,-0.6317192899419406,laterite,0,T0506,2026-01-15
S000701,21.148903126930136,79.64415533896715,0.08114534315774571,0.10975945712226338,0.0938853123573583,0.26364537774007857,0.2210414025052958,0.16299557292349398,0.22444488847565933,0.020031682976813014,313.07046289564767,3.810035807203247,-0.4406480255197817,laterite,0,T0202,2026-01-15
S100260,21.08770394651562,80.12187450202335,0.08089316561926933,0.14127789071313337,0.11488353731514835,0.26537335837253634,0.3008479457404946,0.2572178963857922,0.02154331920123667,0.001265156389407017,231.69125892054888,6.543660898622527,0.5800464233217754,alluvium,1,T0112,2026-01-15
S001006,21.43506941329379,79.57053448553933,0.08974177826675046,0.11083338302140261,0.10145184648486193,0.25155398742362073,0.19144361675214636,0.12908827382883953,0.31811765603394443,0.08726414162810289,190.75561969280608,2.877304306355574,0.23753786873434463,banded_iron_formation,0,T0801,2026-01-15
S001188,21.4151156843834,80.17014360960606,0.06726014203957588,0.14531906092228147,0.12814387283029627,0.25401873842386197,0.19153148235895082,0.1601882812448943,0.2994307765648243,0.0747910445621306,319.5008371511331,0.0,0.3528312773653683,laterite,0,T0813,2026-01-15
S000541,21.53513292110509,80.12965610154188,0.06393500497910368,0.09803730445572915,0.07104800092224697,0.2341273941581527,0.1686631009536006,0.15779538181081948,0.29930496126890715,0.12047276757532081,252.5063296754992,7.600542782321136,-0.28875743700422357,granite_gneiss,0,T1012,2026-01-15
S000312,21.566368565714836,79.59246304508294,0.09339856152419734,0.10725069485533319,0.1136961504089395,0.29272029908920494,0.14518981163058994,0.23090810222021363,0.24272388956513516,0.05206527215054296,201.04589298255945,9.377617136996962,0.35562345928157174,laterite,0,T1101,2026-01-15
S100258,21.039935314173107,79.59909581989137,0.10105288835231123,0.07237672137018453,0.11578562041846474,0.34423284726392606,0.2613282591533586,0.22548786260616874,0.2803084055946946,0.17588013906461442,315.8120728542717,6.9319431001825595,-0.8881838194231104,banded_iron_formation,1,T0001,2026-01-15
S000484,21.028274949957343,79.92784903824626,0.06124314322616535,0.11978537266840589,0.10879003737068738,0.2527916328440242,0.21399048688820746,0.13002086380049227,0.2592047972957786,0.2111334718898604,301.06863862274855,3.5049721847235578,0.712843617459657,granite_gneiss,0,T0008,2026-01-15
S000507,21.042677721495355,79.69154227020202,0.0851104131881901,0.09761832324797616,0.09973745471511437,0.25815610541024675,0.23138478829170064,0.1578819462495688,0.3471732358164841,0.10825255651515939,234.26405948416718,10.052098307124094,0.2263471164371763,laterite,0,T0003,2026-01-15
S001439,21.414198756813718,79.79649729616834,0.07863523782272001,0.12317001158810252,0.0859868106625937,0.21649340003825598,0.22189464269398118,0.10951430985761273,0.39252945606426987,0.10801112475046926,359.86263800730006,5.880651896915767,0.06580902161848959,laterite,0,T0805,2026-01-15
S100138,21.469641136350173,79.7885258675602,0.08518575283069817,0.1156425647818948,0.10437617947705988,0.22486368885212538,0.27217283521933266,0.2293949682199705,0.27062863316858454,0.04265292907998791,312.1984363100906,8.220080455520852,0.10573007618195858,gondite,1,T0905,2026-01-15
S000533,21.44803492577508,80.01446374215168,0.07235707217988833,0.0911681341483785,0.07496763540076634,0.31726240883362894,0.21571646660052032,0.14850563481751797,0.27196619836981284,0.17138717061294909,178.2223292435692,4.964168414411659,-0.8438876839396634,alluvium,0,T0810,2026-01-15
S001477,21.095917665545688,79.79163747900836,0.07112563588942156,0.13009529803995218,0.09975566242044306,0.2496924881576865,0.20241421335712353,0.16347102873251432,0.5021357557537658,0.05917926779923979,363.4739701839241,3.495081554526065,0.7642647922469654,laterite,0,T0105,2026-01-15
S000189,21.237635366870194,79.8817763287635,0.10696155666774715,0.11288917175466573,0.08021181495958551,0.2247101768528621,0.2659726109222477,0.17676911269860526,0.23221835073330507,0.09226318593285426,210.68395340861645,6.424417969723227,0.11657349816772573,granite_gneiss,0,T0407,2026-01-15
S100319,21.569314756029204,79.7923027705593,0.0671027938672534,0.08159088487501401,0.10488706567149614,0.25888528970197805,0.295373086300822,0.20051183102195008,0.18962507798859513,0.12891483331496956,381.34443352162833,12.277372388238987,-0.4277632264542879,gondite,1,T1105,2026-01-15
S001166,21.544681231657478,79.55600284836868,0.08686176350504261,0.10259581838779143,0.1406760491837113,0.22690940019942374,0.20546878765802196,0.16105463033434997,0.35223048332000106,0.12519931996271957,230.53579777682398,5.621597186605562,-0.11920900192849443,laterite,0,T1001,2026-01-15
S001445,21.319488047673133,80.2786613792434,0.10510595545601703,0.0832939210607367,0.11047656021295955,0.2099048437361451,0.24961134639277738,0.1497249780746411,0.33200728545211133,0.13672883561701316,395.2176943139313,2.536068859291307,-0.3355891535220893,granite_gneiss,0,T0615,2026-01-15
S000817,21.489669360924772,80.13251957016068,0.07573813229833874,0.09281207305967788,0.08812977475859457,0.25365569126806753,0.20611024066651645,0.0749766275347266,0.38811420002356956,0.13403307298597325,312.5447644714491,2.488938708350358,0.3995633947990413,granite_gneiss,0,T0912,2026-01-15
S000198,21.087163480419623,79.57671851584067,0.08540334110047375,0.09909066221620998,0.09859869700412797,0.277629720794847,0.24491001060250367,0.10004714178098406,0.3345399994534533,0.18644433927781678,205.93926577015242,11.51750069121053,-0.1260068716486758,granite_gneiss,0,T0101,2026-01-15
S100139,21.049637999953465,79.9101913956854,0.05357271856709461,0.07063472480262306,0.13044720427668938,0.25725725591801446,0.2598444745595459,0.22203909913490877,0.21914890587054456,0.1454695227452883,357.14630110789113,10.910442919027082,-0.2760123645057883,banded_iron_formation,1,T0008,2026-01-15
S001374,21.54890540922158,79.7260768624328,0.11378469990638408,0.06790911287708165,0.0854480333446506,0.25466513849958355,0.20973712532480052,0.13510457438441992,0.3049015557456591,0.1310593229904647,383.1033377367322,4.534214770825342,-0.14321313930887014,banded_iron_formation,0,T1004,2026-01-15
S000171,21.144846039774535,79.95077559684998,0.06603319402855337,0.05708963056275889,0.07233734072505604,0.2870812264855021,0.23003023007328155,0.1743935714544163,0.42636118772822684,0.22465035115050275,267.7613861192506,1.2790264599716128,-0.4777321283770893,banded_iron_formation,0,T0209,2026-01-15
S100224,21.171867736129233,80.23387013804134,0.06309359070044862,0.11585014823345213,0.11014262104351197,0.18066795821407683,0.32422100820897237,0.2228708613278877,0.2674843755924453,0.12544903490216275,238.38539374446952,11.997828061626254,-0.056676998919903514,gondite,1,T0314,2026-01-15
S000363,21.447531097377016,79.74367708106243,0.08833675384841519,0.07877929456267344,0.07729571732879116,0.24655048701198828,0.31587760706135115,0.16133108237815813,0.33354278727924136,0.08091546736745439,247.19344997476512,4.7130376504410405,0.4751351941681206,gondite,0,T0804,2026-01-15
S000426,21.210138117940733,79.94308998504499,0.0951231568750603,0.07344164618770829,0.10571493893582505,0.2613518084728788,0.2608170839815227,0.1721262216333105,0.40985962742629245,0.15288616756812143,373.51166497210886,6.3779099069002125,0.06846254251100371,gondite,0,T0408,2026-01-15
S001357,21.44095535326662,79.65629999784477,0.08878592852618691,0.06252736503551268,0.11207876861361231,0.2967573707597897,0.1872735571809935,0.16621605094910527,0.43736456201010454,0.12796287648897672,288.0755037671428,9.057214748723695,-0.8408529731147973,banded_iron_formation,0,T0803,2026-01-15
S000647,21.316213229575425,79.97599549780793,0.10402271230472493,0.07432841153533597,0.09298691035527439,0.319531814072338,0.2227834448106685,0.1879355024451755,0.38671846150933126,0.14890575198056863,242.7235591736469,4.3457880194956555,0.34715651389007735,granite_gneiss,0,T0609,2026-01-15
S000049,21.02909674936318,79.6538081073012,0.04569667994342759,0.11322898477291454,0.11074806171282692,0.24683000627087573,0.20307965358364072,0.11296299248884908,0.35648653475292585,0.14315356208320923,322.6301448198185,2.315056755609921,0.14298948956469323,gondite,0,T0003,2026-01-15
S100325,21.39155240433606,79.77463396990312,0.10128418977716018,0.13122373066352966,0.0956899428230861,0.23929156691810102,0.30390373043407254,0.214656895995411,0.09881961793651685,0.0436390349261826,331.7062383885733,6.859651386493152,-0.3171654967627728,gondite,1,T0705,2026-01-15
S001405,21.595429905656363,80.05200699413244,0.11985664088493025,0.10810358732085774,0.09188112947933683,0.23713719327145594,0.2884836370757709,0.10250850364382114,0.27603202064526156,0.10511130692001064,185.85599536969687,7.054579823249479,-1.0596964719165456,laterite,0,T1111,2026-01-15
S100299,21.38548996559733,79.81755205419826,0.07204444172119584,0.10323049304307694,0.08568483431243366,0.22242618991130633,0.2881913317151735,0.21516311706457594,0.1374082384356122,0.06657782817516193,301.45865808822504,9.403747166940619,0.1923842721024964,gondite,1,T0706,2026-01-15
S000902,21.55428532775045,80.00600679692292,0.07045434468259795,0.07746449906021316,0.09987013423662,0.2150945481168916,0.20079913957299644,0.12227090876948238,0.3627252546421345,0.1629525233155714,310.4778147357512,0.0,-0.38915663689227775,laterite,0,T1110,2026-01-15
S001585,21.513809229380254,80.2061139073986,0.08983088518189886,0.08302351226875898,0.11045033836713238,0.1850230194703732,0.18962663608711958,0.097943603014729,0.2755815942964337,0.13208349967772298,253.06627198700014,4.87479867299281,0.11416411684333662,laterite,0,T1014,2026-01-15
S100025,21.11678322471118,80.28930523593945,0.043129051650825805,0.0910224475943923,0.1190081938423612,0.22092022510370612,0.3130519577372624,0.14317787843024138,0.20424914410368725,0.031035030888953433,220.4998660650653,8.745965302246924,-0.30073040577950294,banded_iron_formation,1,T0215,2026-01-15
S001498,21.007521125807084,80.0327342240005,0.08546324681080486,0.08162027261440764,0.11051444562197672,0.25866466197771565,0.23469614270115297,0.2079831071354052,0.3900952978326498,0.12067193785075889,330.19607202679515,3.267258585906281,0.04508882992314598,laterite,0,T0010,2026-01-15
S000354,21.015555736854566,79.81932450398124,0.11818334566629404,0.09744153083988999,0.09885869434085001,0.2780975549806447,0.25328913280201637,0.12112072268900936,0.3329376323456183,0.043262041170125456,305.9518329861351,3.17840207663741,-0.4580562301623069,laterite,0,T0006,2026-01-15
S000649,21.022533494052205,80.1684545396591,0.0796472669993545,0.10215196906545937,0.09659358558040243,0.33431262313321164,0.24171758181448585,0.13857714417021372,0.43322609857758276,0.05820933354695365,291.4014959608963,6.351187498547966,0.7067655829232051,alluvium,0,T0013,2026-01-15
S100193,21.498667603274946,80.22568289772497,0.06330297694456996,0.06283514675774929,0.1279406320458796,0.2217449799153683,0.3303265686891269,0.256012611997306,0.26945525717322405,0.16044377434523205,302.81803184808945,17.937544984790726,-0.8867072694048403,alluvium,1,T0914,2026-01-15
S000080,21.031253264981814,79.67734599217803,0.09267104785540649,0.08027150312078285,0.12253076563564985,0.24209859443398174,0.29085701052475144,0.21170272640821525,0.3561571506601564,0.190605891729798,230.5586144861228,8.829273499650522,-0.10796339476969902,alluvium,0,T0003,2026-01-15
S000213,21.166278187404835,80.06412994172477,0.06630883804179824,0.139988060955593,0.09503225632870448,0.22559781801122972,0.25163154050514386,0.1673279541232575,0.32663229095828367,0.1568786942077342,326.282831593028,1.2822103293915599,-0.3561712383484507,granite_gneiss,0,T0311,2026-01-15
S000586,21.589803299445716,80.26235721121985,0.09521582926121813,0.10295368906839104,0.06489503261399222,0.1580494753288363,0.19600688863624124,0.17732896873602713,0.41356317745274834,0.16795979524368337,270.0691762618098,0.0,0.92659458308409,banded_iron_formation,0,T1115,2026-01-15
S000637,21.559094389063773,79.91229147906351,0.07717864946404296,0.10360763239940923,0.09361776680229277,0.2428479408493264,0.2497038239208667,0.2111839120721989,0.34849920324610956,0.1646698823266181,285.11602391460474,8.280534630045109,-0.1519510674606755,granite_gneiss,0,T1108,2026-01-15
S000143,21.29423905035578,79.79626197994894,0.09518926402217737,0.0856542160735953,0.08383786273489371,0.26154720579237817,0.32086207926836263,0.15577792290783407,0.4009120348342343,0.06525903844021023,297.65461343605944,1.9665859599883588,0.13237805553445542,granite_gneiss,0,T0505,2026-01-15
S000245,21.598215816983505,80.28123441076245,0.066281103727054,0.09129749507792632,0.0859614776090268,0.23816940477880358,0.22356103179152834,0.14420900646788737,0.2852324333635537,0.16542476829648725,317.9158246233754,6.3660975846433905,0.7677655742969839,alluvium,0,T1115,2026-01-15
S001356,21.521099695515527,80.06839959731872,0.120190232623804,0.0811196958218176,0.11819364767389945,0.2532153858814303,0.16255077328487982,0.11924965346052804,0.32538681606531344,0.08209663988645848,272.83355370739014,3.0294265808692122,0.3119954801815897,granite_gneiss,0,T1011,2026-01-15
S000803,21.027562198264032,80.28133629344485,0.11626683651739983,0.12247970292275556,0.07589571766082528,0.2631593306429073,0.23844667059094046,0.175648670255679,0.25037475927598885,0.11158579966083237,276.56531973766386,4.894864169831555,0.058239423613104725,granite_gneiss,0,T0015,2026-01-15
S001426,21.503924569639043,79.59117646963256,0.06344298685005591,0.07561958791351321,0.08455384444935267,0.31171620064314365,0.22304420151820883,0.1495792071955957,0.36157976377339296,0.16371249844773098,270.56340141216305,6.668897817678118,0.2839497635640775,granite_gneiss,0,T1001,2026-01-15
S000486,21.17213629429939,80.18272891422595,0.06206464665962862,0.09186611237584956,0.08846187074658536,0.2618921698383783,0.24761500080274298,0.1832062177857588,0.33071716459616113,0.25924026891316876,225.1306437918742,12.107803371352773,0.07782965091047052,granite_gneiss,0,T0313,2026-01-15
S100003,21.41842081743562,79.57016720952862,0.09572398537305829,0.12041765642004948,0.12981213804911776,0.19263111170169586,0.2947842304432188,0.22510072942763712,0.14354998660788815,0.04938437173601,264.9347877549491,10.689156076501439,0.6888681181373721,alluvium,1,T0801,2026-01-15
S000926,21.509439389182447,79.82668335633547,0.06757773611592355,0.12488960300899583,0.0886094482453057,0.2718084713351202,0.2691706992406608,0.143688674688549,0.25420219218956963,0.13378945047433605,280.10462500346796,4.1254679342128195,-1.2635143414187988,laterite,0,T1006,2026-01-15
S000862,21.570020677922482,79.53914695642068,0.08475053493662701,0.07243695125520712,0.12590146474769529,0.1434604184817397,0.28255088964530045,0.17665063662428185,0.19268268232843613,0.15112735511960862,280.5581753992284,9.22788906072374,-0.407322430419024,alluvium,0,T1100,2026-01-15
S000107,21.243016035900588,79.78011323383527,0.07672468182594096,0.09871510363093122,0.10490835799734713,0.26618070752939044,0.23033588164139268,0.14653754247972636,0.5007607756811957,0.23937283704390994,187.09310885654145,4.997576200900567,-0.14452921912078448,alluvium,0,T0405,2026-01-15
S100321,21.288546256980048,79.66158323015102,0.062478810717788436,0.10769446629170469,0.10037825683767443,0.25861375173155,0.257684949418765,0.20771603342462897,0.1298409671839309,-0.01583711508508516,314.28285277916393,7.495583237761671,0.8630661873347549,banded_iron_formation,1,T0503,2026-01-15
S100005,21.585373410982054,79.8348866406323,0.07689739420935199,0.1008241213356324,0.13451415966637445,0.20774938366837328,0.2823257687082852,0.19166116200425198,0.1206595576897286,0.020680587925247317,292.91693294213627,9.392007656397531,0.4076580360858166,gondite,1,T1106,2026-01-15
S100222,21.39771852765815,79.58398377271686,0.08870507914342127,0.11050191947945195,0.12085245046157411,0.3297771397872429,0.2596780851650389,0.21002210017685463,0.2729665227665402,0.16133166085412165,273.9669758881616,6.232921027990748,-1.4307591850503365,gondite,1,T0701,2026-01-15
S001014,21.113583815520343,80.11065948923627,0.06302263979694177,0.11329617252593618,0.13426983111527963,0.2389540776492656,0.2581980547403676,0.18227115304133448,0.2820239352719851,0.055961994268060505,303.89139467733855,7.236633918683317,-1.2447897575850637,gondite,0,T0212,2026-01-15
S000187,21.382924043147618,80.00556718127508,0.049125358388676876,0.09413464524344266,0.09747756528177234,0.2895942972751778,0.14652785579702243,0.146365265432663,0.36410216285825486,0.17970457764526143,247.37032184341047,11.800836354703353,1.441641777890414,laterite,0,T0710,2026-01-15
S100228,21.380385067008653,79.65328240773016,0.09541397564189527,0.10214310145678647,0.13444403417932915,0.2164457556194993,0.2700524450652017,0.18402968822454965,0.24984418547473425,0.04880734774637759,377.91022956371995,9.790225130110015,-0.570103428325579,granite_gneiss,1,T0703,2026-01-15
S100039,21.401888396809507,79.85385130165432,0.07996163199981891,0.10970245117739162,0.12140271036732254,0.24042115739534706,0.26267097797242656,0.20052630635085228,0.22883165804897748,0.03991806379617265,325.54124229526747,11.419973502715493,0.9465244427112718,banded_iron_formation,1,T0807,2026-01-15
S000182,21.110360671481413,80.07224813922795,0.09001638444197833,0.09573856987080993,0.10383723841990686,0.20070373252298995,0.2036847914705662,0.130674261990269,0.47960849115669146,0.20894813023156875,262.69549294240977,2.550413649665943,0.2705535855704855,laterite,0,T0211,2026-01-15
S100242,21.13958444517986,80.22266229757123,0.06189269574636336,0.1195718572732993,0.12318192484378011,0.20902950662564546,0.3075484385364487,0.26778185368058705,0.2181413031319707,0.13186767031057187,253.34413428705676,7.448848177802837,-0.08477535785022204,gondite,1,T0214,2026-01-15
S000538,21.125960587856156,79.92505718624979,0.09035190987230361,0.12046799874171023,0.11321716955468639,0.24863368741773492,0.2562346823793432,0.150257669708647,0.20370972717300756,0.07118314260210798,348.45406710451675,4.638239412025544,0.42168551731709236,granite_gneiss,0,T0208,2026-01-15
S000773,21.036677641416055,79.71446302592776,0.08117630039964911,0.08154205167292569,0.08585815566102997,0.2848079597726612,0.23010520170013182,0.17647077767855246,0.2825632107323287,0.14024180753227947,329.21296929299564,9.872268280194834,-0.09412978499934735,gondite,0,T0004,2026-01-15
S001088,21.148606800414097,79.70900508128862,0.11943675850167321,0.10568209617793418,0.10526797678190154,0.24597372722736763,0.1946419483134283,0.16753329160368233,0.42104407486506157,0.21057540715288264,215.9142135004937,0.17841602835544368,0.13852666919499676,gondite,0,T0204,2026-01-15
S001508,21.47548012862317,79.71352664770477,0.05475181874993402,0.04505634586968604,0.13172574531029563,0.27263146569631586,0.22934499443677217,0.11603937739014877,0.25051355259681096,0.11722927791471802,319.9640914186634,6.5052478802551015,-0.5573952858510621,laterite,0,T0904,2026-01-15
S000482,21.257491073927497,80.129404697725,0.08454180986757719,0.06738422249374681,0.09209012077697214,0.19581038859630873,0.20294300749537417,0.11879106166615508,0.3967232327404261,0.02742416672186937,273.49738936275116,14.738130675396635,0.23264546772454978,granite_gneiss,0,T0512,2026-01-15
S001058,21.119052508056924,80.29029657739578,0.06747097951278917,0.09530269614559776,0.13316490581163082,0.27258106606225724,0.24928327389907234,0.1478021447342751,0.24495802705965994,0.18698242262952136,86.50262628874657,0.647981667734828,0.34055112625012196,alluvium,0,T0215,2026-01-15
S001293,21.414541908532517,80.20556201740492,0.09770480095115498,0.11578987011148847,0.12661713456459633,0.31554312512269916,0.1902195568506593,0.16391463081893534,0.399846858681268,0.14156313138795967,348.84054536448167,14.410398732578285,0.6091602764319483,banded_iron_formation,0,T0814,2026-01-15
S001609,21.586203820809597,79.96115841577618,0.09625255226939555,0.08515566544160418,0.09279535030002652,0.2568706781924526,0.18380231128731617,0.24188050821095697,0.47234827632854515,0.1355660684489676,340.3417954701573,4.559016852094019,-0.2684092625404183,gondite,0,T1109,2026-01-15
S000301,21.490433722449893,80.25790696936141,0.09538968807093332,0.1279209459987138,0.07908247718621143,0.2463415537753871,0.2165312482767002,0.1903438597265433,0.2804103741951363,0.21290776677368392,282.203501695869,9.789258937148894,-0.17338431326670342,gondite,0,T0915,2026-01-15
S000850,21.453417905654554,79.73502423341206,0.0561604634809409,0.12715965556903655,0.09105163428863026,0.2418618706158757,0.25232072938179784,0.1726216712683877,0.1543627183987771,0.2623787030090417,212.381609657272,2.176857657157115,-0.993688250486749,laterite,0,T0904,2026-01-15
S100314,21.21983546989575,79.97617027233069,0.06603557080534855,0.11313637053440276,0.12592766040233508,0.27563140537010566,0.37561835973097807,0.1928773250155276,0.19968298575617752,-0.043686768792669126,265.0925204312299,8.481055187245987,-0.321780562475324,gondite,1,T0409,2026-01-15
S000331,21.38756854255013,79.76834869930236,0.06330577361965148,0.11787114042716644,0.12694136777884008,0.2970130050530653,0.12855597141699593,0.22654985304309544,0.3586209670941056,0.11768863005978444,328.34404836795505,8.133325876079368,-0.5120602837943354,laterite,0,T0705,2026-01-15
S001143,21.016842007148373,79.78973894066347,0.0776846762525885,0.08339212861185363,0.09786006835708164,0.24343458888341618,0.20939023940585608,0.17662592837529387,0.35362359714600655,0.13751669162055902,226.16941351565507,2.4873117688199184,0.03469481730676689,banded_iron_formation,0,T0005,2026-01-15
S000064,21.36505004792636,79.895136884926,0.1046694371176274,0.11600712941124021,0.09568446297692919,0.3118741937590653,0.1854552123461004,0.18482572446144238,0.18485087921263338,0.19031381675392237,250.75167311190611,5.281886465953916,-0.19705915489958686,laterite,0,T0707,2026-01-15
S000234,21.3867632039006,80.09452115472403,0.09239414337608744,0.08423800707994872,0.11153627949992245,0.26829447817425917,0.22327560174972988,0.1835656510273631,0.20291244866007496,0.17008966351613333,240.50879622474753,1.850990682628396,0.552834394162093,banded_iron_formation,0,T0711,2026-01-15
S001603,21.346767342845776,79.5936394166781,0.059710311068171026,0.11879967641333661,0.09107819092976227,0.2614362179847172,0.20988809676170994,0.14561003547262724,0.19276013023957198,0.16579072646944554,356.50276709234953,3.8750990713120506,-0.6458149320103669,laterite,0,T0601,2026-01-15
S000262,21.27331854371395,79.98969154873214,0.08271511742687968,0.061857223446425455,0.12729404875577646,0.26739622118328077,0.17117214714413087,0.13662259305584232,0.14912569079622884,0.11215621580043442,222.32714677276883,6.677098653601037,-0.24694539986905398,laterite,0,T0509,2026-01-15
S000810,21.14388632658227,80.22218118301336,0.08797708702825764,0.1359166961875855,0.06538815753243482,0.26369158215794575,0.2232591720130573,0.09984186634994653,0.4247451583787443,0.13843564154879331,178.24464958718227,6.835931601784262,-0.03141537106065562,alluvium,0,T0214,2026-01-15
S000683,21.452971279249187,79.89131951059039,0.04276233839724702,0.09042849484506343,0.07937680007707294,0.26557491032489655,0.18766398190040093,0.2070970207191913,0.32401254437025107,0.1575608263174022,153.87760984061023,10.851020767442499,-0.41419925754527004,laterite,0,T0907,2026-01-15
S100227,21.333118825396095,79.77108450848769,0.04857804514858765,0.09318206841109966,0.11250421694563484,0.26504278385283087,0.3508895544708839,0.17944612221810072,0.19000442481206917,0.06021568059013419,333.899626654191,8.851002989791493,-0.037384460782363904,granite_gneiss,1,T0605,2026-01-15
S000757,21.575888299762127,79.63349689560674,0.09028680100412699,0.08348445140046451,0.07764395649390343,0.24837715146461126,0.22920150859615993,0.20124224074484454,0.4345545424999035,0.02219023639167933,212.22861445408236,2.860148180250039,0.13689956577251908,laterite,0,T1102,2026-01-15
S000971,21.322522460909777,79.85228415410991,0.0945059522167481,0.08492801827058147,0.12795087237228772,0.2886398892753127,0.22559700883987682,0.1882963169634169,0.43178599961731845,0.16260353299816618,281.3985788832975,2.3204687744839965,0.040108019844481764,banded_iron_formation,0,T0607,2026-01-15
S000955,21.019835520327067,80.19078755463796,0.08494355458066975,0.06980670286544095,0.138836364408029,0.27710754989370207,0.24592784332424744,0.11827030741774847,0.4035046806014619,0.10156792462905043,160.63369451656428,0.0,-0.5965198791227166,laterite,0,T0013,2026-01-15
S100066,21.33552429644725,79.69084225650191,0.11775847943058933,0.09347512636752345,0.14381201357735837,0.2086355544188116,0.25408388499239964,0.20317302727468523,0.19826604930501662,0.12875307451956178,323.44460428628946,5.275706048231587,-0.054116669161486615,laterite,1,T0603,2026-01-15
S100024,21.46703009824426,79.80108757878466,0.09144484840374549,0.07094484906475707,0.1090599055831001,0.24839620351582256,0.20487784148996796,0.19638994049582373,0.21381150561433168,0.10218492345674879,380.93091298897576,9.509449902625942,-0.1535635365428927,banded_iron_formation,1,T0906,2026-01-15
S100144,21.284093640634172,79.91622009179245,0.10767440722385999,0.08165902107078479,0.11443492463085654,0.16138879537586115,0.24023550657124884,0.23737809435696433,0.20872096820444652,0.07768563744537557,346.12750015744507,7.178075004580731,-0.021216905039554108,gondite,1,T0508,2026-01-15
S000176,21.435576943739292,79.93884158609575,0.027565976681523996,0.0784829702267091,0.09854453332228078,0.24255886873750887,0.27125041169032715,0.1764469060497235,0.45984705060849235,0.019324261256641273,286.3322534323019,8.810334338539683,0.1822121915839227,laterite,0,T0808,2026-01-15
S000451,21.40604317769365,80.0724725706312,0.09814907566404013,0.0840908766653117,0.09435081601773199,0.29521568548201316,0.18859226334975582,0.18981770723745892,0.38428689325692655,0.14321570012595142,297.2378106449541,0.0,-0.06049337379454248,alluvium,0,T0811,2026-01-15
S001106,21.491099342326127,79.7090480923651,0.09837052399396225,0.11848608533648253,0.1220718755447616,0.27285219813744943,0.28790454661885573,0.13636889929161194,0.4272178103178482,0.1038309474450061,309.25634341893306,4.067489928547742,0.4828102137761042,banded_iron_formation,0,T0904,2026-01-15
S100085,21.054028716465385,80.06792375782504,0.06507767034114548,0.09565712773847372,0.1485906394913688,0.2644640208737433,0.23781159707680588,0.21531809497534293,0.1484634118416418,0.006859483826552444,281.5074367530292,12.161573907864689,1.1364959129896945,gondite,1,T0111,2026-01-15
S001300,21.068671618301934,79.60199767277325,0.0878825173177974,0.1437210573318723,0.14783245492411376,0.2939597087059493,0.2180115690120541,0.13703363938511426,0.28139460564895136,0.1270791560706806,311.15107487116734,13.083366852158242,-0.38464479071143276,granite_gneiss,0,T0102,2026-01-15
S001285,21.455132516528753,80.10106987178037,0.07485527148343736,0.10388586206839046,0.057520120360090646,0.29162946573503185,0.20666566239066053,0.1093668369988331,0.4971513777755844,0.2716144934747775,439.13750127921656,3.0809324812250978,0.13932026135409292,banded_iron_formation,0,T0912,2026-01-15
S001444,21.419587425416466,79.84290772000499,0.07873339563210342,0.08553856986684683,0.08014873335952889,0.17245226944660824,0.22072100063247546,0.18898838653573524,0.32459800049067566,0.12162809400467423,322.6261107390757,9.14349701892765,0.013802448419354327,banded_iron_formation,0,T0806,2026-01-15
S001457,21.10682897715453,80.23670494912332,0.06328054112633164,0.10892794298958935,0.12790309863512644,0.19907197903871787,0.13225960790728197,0.1836947364726095,0.40389335502309887,0.07774115007423209,257.05099610393063,2.3328129715145707,0.07244915188136958,alluvium,0,T0214,2026-01-15
S001216,21.52848176282267,80.24155103628578,0.049627975252225426,0.09068927391348809,0.04406339685375158,0.26753032079056366,0.22242673923171008,0.13882378251430377,0.4682627671507593,0.1325641017414088,280.61255719376527,8.58734591942353,0.397463493862507,alluvium,0,T1014,2026-01-15
S000784,21.57670343453801,80.207368033252,0.08671316318974473,0.1204040408291217,0.058793295079232616,0.29648369819324466,0.22116901287581153,0.1625385914449776,0.3377357027729456,0.1601854586842132,292.2869566179699,1.6297638032179536,0.5371960542308074,laterite,0,T1114,2026-01-15
S000002,21.55001704685121,80.15579879199827,0.054507084553787506,0.1026217709437448,0.10956263447286838,0.2702075789167333,0.15470702800213998,0.13469352729144002,0.3852484736572551,0.13299590018624255,312.334236466892,1.8095453665325683,-0.17520767807656043,alluvium,0,T1113,2026-01-15
S001251,21.525435450999865,80.06789700354973,0.09618355385117876,0.12287790341145269,0.12625378182869262,0.20718998473627553,0.19276454283971375,0.18833914949109365,0.28089494246557367,0.09202177230840897,253.08186682861816,6.876122646224698,0.2049357446296171,gondite,0,T1011,2026-01-15
S001505,21.03627814435522,79.62557234491908,0.053655302764463494,0.1178171289403628,0.10092558936014777,0.20947154592910408,0.24324111206505777,0.15969703174800348,0.32421505245983906,0.13967595270054545,303.06905999980705,9.308382253465684,0.17098057603052294,granite_gneiss,0,T0002,2026-01-15
S000666,21.07947083888652,80.07239439743272,0.09066068569965043,0.0859597267668048,0.12315578197661285,0.23703380756049414,0.19598172934728497,0.21272042425630897,0.42739523681103253,0.17015998288316678,316.5867780383607,0.0,-0.968109206715437,granite_gneiss,0,T0111,2026-01-15
S000670,21.31162567031483,79.57161514107064,0.08077542660712064,0.05535503739297407,0.08941316259511103,0.23554186832087895,0.22521954798936225,0.13573706717717793,0.2869760889098661,0.18706582313606915,369.8908378105896,0.0,-0.46639163301502695,granite_gneiss,0,T0601,2026-01-15
S000943,21.081882098725615,80.03290488372353,0.08912077293797474,0.08604830272487593,0.0978865664905187,0.30403625738948264,0.18285298142144724,0.12787420222542967,0.40452047886552966,0.044844080839453446,193.03932568923867,6.664066521535046,0.013280342990511293,gondite,0,T0110,2026-01-15
S000995,21.218630643538226,80.25365418693708,0.11449418711459647,0.09677130682996037,0.09273479551212299,0.25388456584886177,0.20719026008720612,0.09866645465811714,0.2893762634877326,0.16581598858623364,352.2345557233978,3.9444706942549614,0.2846823777009241,granite_gneiss,0,T0415,2026-01-15
S001370,21.265186282851246,79.94305531332324,0.07769119360239174,0.1163854963065874,0.06554469558674628,0.2160381630937826,0.13789153923244657,0.14681248392432567,0.32623059410415267,0.05338023240922371,321.41500807455293,1.2727538756075907,-0.35266474635374784,gondite,0,T0508,2026-01-15
S000305,21.26574843786816,79.67363704252661,0.06827245803541593,0.060387736815220576,0.11109887204031864,0.23850455348210323,0.2577799503830808,0.21348598997274373,0.5299450158616684,0.1375170710242809,160.66600304228885,10.8141525250294,0.8839659714907921,banded_iron_formation,0,T0503,2026-01-15
S000004,21.179788137811244,79.77880454287661,0.10096465830780035,0.12291524576781779,0.10186006928359614,0.30333423186684383,0.2088507888485398,0.17432082046819886,0.3490471319291345,0.2489431812036746,211.3236533770683,4.671132823520173,0.17899662854499024,granite_gneiss,0,T0305,2026-01-15
S100077,21.397149908836138,79.90362479215439,0.05454095142520535,0.08885658945893801,0.1181936197948974,0.26093285026147495,0.285211970191649,0.21847460148672154,0.16001493293723862,0.05802091059167148,372.7372416620536,9.363200094440192,0.6640783104478984,gondite,1,T0708,2026-01-15
S100027,21.02628225947234,80.26095572800307,0.05852768541724866,0.07849423239557252,0.15601981201377474,0.24735229469244954,0.3017380009740583,0.23674655726642613,0.20165658771581535,-0.010773540144854592,336.4305438985074,5.613023628463919,0.10810233816134401,gondite,1,T0015,2026-01-15
S001076,21.335276150234503,79.55589154077985,0.07703910662494699,0.04889229780507136,0.11780498494001129,0.28064526982294813,0.2139465732196109,0.14176386817856262,0.46113594446922995,0.22408530582761477,217.17121802264307,1.1741306687849122,0.029497395326604677,alluvium,0,T0601,2026-01-15
S000165,21.269014654397076,80.07845686998483,0.08624657180709755,0.13860451489915626,0.0858571000722447,0.23448753808866812,0.2698626563759183,0.08704778587369415,0.3483408115627518,0.11980931654533748,358.2296064313805,0.9347268394849877,-0.7687679252540801,alluvium,0,T0511,2026-01-15
S001474,21.010455031630144,79.54731225760466,0.10693326541942194,0.07310166390872506,0.056993383487821424,0.21772192499359888,0.23556598774120996,0.17576261834417897,0.3934949912826414,0.03584135448212063,315.03005848772,0.0,-0.08532348871020809,banded_iron_formation,0,T0000,2026-01-15
S100055,21.46843741861318,79.69266244643292,0.06879102380411255,0.10214897405394634,0.1265654792416206,0.2630964438079016,0.21845557973710367,0.2437854135555304,0.3104079453123611,0.11740724012746136,193.53863674313584,17.484573610534667,0.24012057625588334,granite_gneiss,1,T0903,2026-01-15
S000278,21.331650626443484,80.26956574862803,0.04597839808950976,0.1337555957366065,0.10437743077016548,0.23667808829198994,0.21494774764125954,0.1381705978218606,0.3394605179430422,0.1333761030274614,368.50336283385667,9.428580030616036,0.5339973666340619,banded_iron_formation,0,T0615,2026-01-15
S100302,21.321640821568582,79.6500749455516,0.07772167213893832,0.10895430060190137,0.15328466502995275,0.3280055593670007,0.3600640749052477,0.2306343686498637,0.16141716948783394,0.06818654997638567,318.05977287828705,6.69260610740675,-0.028220548443553567,alluvium,1,T0603,2026-01-15
S000358,21.53030234165918,79.73266924027682,0.058509814333414165,0.07444515148691212,0.08951330262800718,0.2721982343935685,0.27723530494086496,0.23612311426500754,0.34522978940876686,0.12286559408765108,235.05679754101405,4.798471978065033,-0.46381930658320064,laterite,0,T1004,2026-01-15
S000264,21.33712670093581,79.50076426673878,0.060873325940108164,0.11696347501088601,0.08387828151965895,0.2921839842333549,0.24607638530417522,0.24312739631598865,0.47219088233245987,0.2838879258467472,207.47549771436059,0.13252562642495125,-0.35309359806277874,gondite,0,T0600,2026-01-15
S100007,21.471638583166172,80.03698513064687,0.10736938787530259,0.1140829628327957,0.1272652615849506,0.2640523870395167,0.26537207276472935,0.23280521440064275,0.2287718203659207,-0.05975512915013491,242.2795289320379,7.487842833074093,0.3829777263631165,gondite,1,T0910,2026-01-15
S000443,21.527542931339987,79.99868793997072,0.07500976959323821,0.11460134354810403,0.07017224730040304,0.18325509991339134,0.1833750467767672,0.18064386459745774,0.3368255982043726,0.11486661528689956,325.71623418890795,2.677490002934489,-0.13490055973630422,alluvium,0,T1009,2026-01-15
S000689,21.47627938658986,79.93078768761524,0.08782520310468259,0.10658848444749362,0.11551363282030895,0.3343734185322583,0.19301938181081707,0.14821413354069438,0.29874760731980526,0.08047379849905781,264.010317266825,2.0447523207734,-0.17386111746598792,laterite,0,T0908,2026-01-15
S100336,21.05705744893796,80.09385435953438,0.050039204492179065,0.10704005907875264,0.1332505225956256,0.29476348339404107,0.2983232807130091,0.22587455163644382,-0.009364396302619482,0.15341755654822686,217.13084627023272,3.747329127200251,0.14945907629207542,granite_gneiss,1,T0111,2026-01-15
S100047,21.172996862358147,80.16951726372875,0.0781196965182969,0.0718967127864608,0.10841119828836601,0.2593838232357375,0.3611424325717546,0.2279595304023395,0.28359458023325024,0.042634310602439024,336.42823071941115,7.8013877437785375,0.12234096274367497,gondite,1,T0313,2026-01-15
S001403,21.050163230984385,79.81428732148558,0.08960486668313443,0.07739911134686323,0.10239350416152196,0.23040827569857936,0.20594605370130256,0.18143007242231812,0.4904539144185853,0.20049886614915055,254.3072989952177,6.132919108973451,0.30134899993780134,granite_gneiss,0,T0106,2026-01-15
S100106,21.269616901286273,80.01938652419625,0.09509723784948086,0.11295227954439124,0.1305339608420915,0.2315343118831622,0.35123776835121695,0.2275096987957139,0.2970126057989473,0.08836898657495373,286.2916073884646,4.6897546845306985,1.079329505352417,banded_iron_formation,1,T0510,2026-01-15
S100349,21.05702951853864,79.88100584686939,0.07768392980056468,0.11853711827153082,0.07526149002547958,0.2657489999725759,0.3125294610949887,0.23286243362360637,0.07030255071512104,0.12694340888834693,349.36303633630456,5.369529975597598,0.2466338969195495,gondite,1,T0107,2026-01-15
S000719,21.5335186111888,80.13233079203552,0.08126633612430581,0.08497531361053942,0.09299897970178127,0.22390476760034456,0.24350304041565085,0.1800461779329683,0.4879680885194639,0.14956117184856985,314.21301064266123,4.53573168301726,0.8895301039281912,alluvium,0,T1012,2026-01-15
S100238,21.01070207038619,80.28544475803403,0.06955175137137953,0.0925311406730097,0.12602226334201386,0.19618115608268422,0.30299708314264906,0.21164900679096704,0.2836670924175819,0.09538758078670989,335.1112649177003,10.921337183525518,0.08982334039002678,banded_iron_formation,1,T0015,2026-01-15
S100213,21.48247471570936,80.1149020715675,0.06656304520477588,0.10273204566025403,0.11857666022293827,0.20963398634532632,0.30961685416512363,0.20412884507297083,0.35917184335448094,0.07268087669329859,414.5049696565238,13.197994423453276,0.19661488849241365,laterite,1,T0912,2026-01-15
S001415,21.148009114458997,80.10425758826759,0.08249410137675177,0.13581157686230266,0.073784382589169,0.24488797056751604,0.16533730460766,0.20563532135437174,0.3872627938974419,0.14651693848547265,281.09840037588276,3.9400706058701997,-0.09731939609951759,alluvium,0,T0212,2026-01-15
S000778,21.278922674314735,79.9406302050646,0.06590108106126004,0.10591165533554779,0.10092567118120283,0.2955894818033252,0.23885297526918092,0.1294187812230869,0.3895754506836205,0.21947207932045437,290.3193249955723,7.045690270903471,0.5825443936636946,granite_gneiss,0,T0508,2026-01-15
S000433,21.089562860544742,80.05404283623832,0.05550356500032543,0.11413557335021718,0.10170935653060983,0.18218248945241655,0.16469004446476704,0.13314715744784966,0.352443064366547,0.1658283723601922,275.20529535360987,0.9945289666296819,0.8095937261611925,granite_gneiss,0,T0111,2026-01-15
S001226,21.457929452383294,79.57514911727367,0.10665323403680955,0.1056094547768921,0.10199920239646054,0.22202177337628812,0.25260662241193876,0.1437145907501506,0.3501971808879765,0.13268840460747117,441.28673397177533,3.3425153922751543,-0.09574526542710458,banded_iron_formation,0,T0901,2026-01-15
S001222,21.296909136954095,80.03290509113037,0.06856025031460011,0.11788113051764677,0.08569838432972005,0.3004445200922932,0.2879300727263929,0.11095037765377652,0.4646034621595063,0.1095631430678409,377.08305046317025,0.5101399006555383,0.4997775364042671,alluvium,0,T0510,2026-01-15
S001311,21.188518491881286,79.6940220242005,0.05865153618047117,0.09433705260684858,0.11812245677092599,0.2204266843712985,0.2592474781721607,0.17623614900824466,0.3542564345959118,0.11355331247735626,269.34071622882306,4.9457633085830865,-0.04702335577483417,gondite,0,T0303,2026-01-15
S000163,21.365070221876255,80.27980746683649,0.093419738949908,0.1249338209379751,0.09172282900659136,0.25660875637287106,0.17691571565476533,0.11559051376655288,0.3396219984791529,0.22650212904886352,324.9475953583974,6.251532430386442,-0.68403724387743,granite_gneiss,0,T0715,2026-01-15
S100232,21.57973914728591,79.74602805793663,0.04549291475984593,0.10200339275986949,0.09889132438088591,0.3035278453175461,0.2936154932991731,0.23735194594050518,0.3496056247308841,0.11816733502021165,314.5075988349075,10.295961025088577,0.08095968364253403,gondite,1,T1104,2026-01-15
S000284,21.16058924103591,80.28372996132445,0.04770731644158127,0.08554330752009526,0.09213430857453885,0.2925903673589601,0.18407299404833166,0.14328375945097216,0.32142447375354244,0.22615956368802398,343.8622097451654,7.025868618339585,-0.16750632462815976,laterite,0,T0315,2026-01-15
S001147,21.015490196526883,80.19869900204853,0.07374788937640162,0.0830363243193152,0.11138315631558707,0.17960522612437074,0.23964920296116296,0.1366984126252152,0.1395893314673193,0.2702462454758039,250.50707914480387,16.20273778937315,0.32913796930224937,gondite,0,T0013,2026-01-15
S000173,21.055535363243,79.71666034755752,0.06989297989205787,0.09561675395000685,0.08415802341884424,0.28496051012062146,0.20142738421793832,0.14951805643350258,0.4135878563932281,0.12894920574713725,196.34445122664545,11.994215508518838,0.9378820139163861,banded_iron_formation,0,T0104,2026-01-15
S001581,21.31894812659839,79.61269823736382,0.08725529652079812,0.0817642652464495,0.10959769096163867,0.26639645700391545,0.2326858617471304,0.17226515853822358,0.36804797204465384,0.16921244771659813,275.70015668579055,12.240645976773697,1.497565181848041,granite_gneiss,0,T0602,2026-01-15
S000243,21.189418143502916,79.92263399168348,0.09155461094765366,0.11982646164992743,0.08367274950225284,0.27949846125397226,0.1384015731299202,0.14929197511469577,0.2835819296287151,0.1968167630334125,208.3827663442521,6.171375039752271,0.13228862231524874,granite_gneiss,0,T0308,2026-01-15
S000969,21.22472968875327,79.81733915797072,0.05319234424636535,0.08717657583277265,0.07104013188078948,0.2659868704702425,0.2385050064532118,0.13849303574000763,0.46449064120233985,0.15653561029168542,357.78182783866134,3.6389293163933565,-0.3033481845348891,banded_iron_formation,0,T0406,2026-01-15
S000714,21.226196291382323,79.9023153091834,0.0685191463318136,0.1187156012713626,0.0937848753889586,0.22487214701772026,0.30764804432646,0.18485357658867305,0.23463256021520995,0.1664718558444295,247.42654840893732,10.918704918155296,0.5930675574829548,granite_gneiss,0,T0408,2026-01-15
S000944,21.55115126944148,79.84785737879719,0.10946378792497119,0.1278768600534593,0.13256590773903595,0.2716842916311797,0.2136984306112283,0.15335854152310277,0.43711704219079894,0.11959877156057874,312.21008481603553,8.671141379582927,-0.36493379146462046,granite_gneiss,0,T1106,2026-01-15
S100060,21.401041777074283,80.02501523146199,0.08082360040698355,0.10790285638063452,0.1604421790170695,0.22511969904393248,0.3143383830546707,0.2372604199542271,0.27605785254876686,0.0528179551400324,360.42766362006546,9.06933851660523,-0.24355678040758905,gondite,1,T0810,2026-01-15
S000903,21.104295989480704,79.90936173789893,0.10493962496077365,0.0922406506721204,0.060826129326512685,0.2435606410768842,0.14044395749263025,0.18168253173092896,0.39194945308886747,0.16086036897585015,294.422580133207,0.0,-0.279412619233167,granite_gneiss,0,T0208,2026-01-15
S100092,21.26769376534442,80.0676626280805,0.10843253956164417,0.0987815389058413,0.1583086938314572,0.2887020166396454,0.2947061730657005,0.2469947749638485,0.22297822691372612,-0.030505984590665447,382.62460386322965,8.60770572586997,-0.4818875936171943,alluvium,1,T0511,2026-01-15
S000306,21.39481938623047,79.74286600418613,0.07734437522927756,0.14207359777461573,0.06766458137583166,0.2976730127206439,0.19913064692281537,0.12920253767805637,0.3832783404715787,0.2268106138289084,220.41767781131676,5.534053521564847,0.15235449857875444,granite_gneiss,0,T0704,2026-01-15
S100280,21.026085037207675,80.0915451747812,0.09113233331355108,0.12162749587874294,0.07331645915579389,0.2397072845893731,0.3047241386002584,0.25367679610448046,0.29739730183400087,0.09481495615301311,260.33989349029287,2.4100148038102454,-0.34702166192882095,gondite,1,T0011,2026-01-15
S000753,21.168607564500917,79.5157554828789,0.07763394849967559,0.07846797003492843,0.1212992649827869,0.1926343468269569,0.2047791889967053,0.15460377426121347,0.33629162832974935,0.13307599529408706,328.3004490193765,10.407239934711846,-0.07778059054959874,laterite,0,T0300,2026-01-15
S100359,21.35975606491357,80.26427954255024,0.08857930782254397,0.12762558031117852,0.12025027518843061,0.2335863707419355,0.29830781097309605,0.2270393856311428,0.17354788778035324,-0.02363210910288896,318.3189329062554,8.598809330226366,-0.3322933361292984,gondite,1,T0715,2026-01-15
S000768,21.016528572774874,79.76690802970107,0.08174673637812599,0.12091094934505235,0.09405091613966635,0.23606201791072237,0.19178447285392852,0.14784932944779655,0.4117928118328091,0.2247238251385228,316.07295105949,8.985757248650845,0.5405288350252483,alluvium,0,T0005,2026-01-15
S000809,21.331596813662188,80.28494701775266,0.12123676477002296,0.07611879039950706,0.09682311502409274,0.22199385895658988,0.1643428528158069,0.19164961443938244,0.43689895238662707,0.1516840392144226,323.41985288451497,8.426291440039593,-0.4111115206138729,granite_gneiss,0,T0615,2026-01-15
S000487,21.391023198271867,79.98869823112275,0.09601160582897647,0.11037230343192153,0.08894243792376624,0.21796318656412916,0.21895251717102943,0.1581687011199009,0.4029765711376241,0.20256694134924286,316.75863012144475,0.0,-0.2999971933501523,banded_iron_formation,0,T0709,2026-01-15
S001161,21.581132886541656,79.85230144126783,0.06548763024498645,0.08255059914681083,0.09763639389780532,0.2249469585363097,0.19459259348926905,0.18944777721393058,0.48273725497332176,0.2120305667088291,293.68308982151456,1.1819897549542482,0.706130936323578,granite_gneiss,0,T1107,2026-01-15
S100110,21.273465773900167,79.82322751259261,0.05963764776962629,0.11726301477408278,0.15947042873627343,0.25646649545518213,0.3100119069065935,0.20173447275563927,0.22884904980629422,0.06472039037603027,210.29628131350987,4.824223714125432,-0.4113510115395505,banded_iron_formation,1,T0506,2026-01-15
S100042,21.42015906120135,80.12503522834521,0.08283313394782052,0.07300265175408568,0.14936163645330594,0.20822334046766272,0.3188803827351229,0.17498738793338475,0.09650998379823347,0.15615080704125828,319.9662141726225,2.163095584359378,-0.18570886804103431,gondite,1,T0812,2026-01-15
S100125,21.296394491546714,79.83472003532549,0.10056107130798367,0.10037982373280217,0.13436695773788326,0.285576538260981,0.3571335322505565,0.22600015924654765,0.12806368022493647,0.08887521599560029,381.4707605256014,4.853672100521372,-0.8340172999445483,granite_gneiss,1,T0506,2026-01-15
S100204,21.00836177262492,80.01931924010742,0.10847118944530065,0.09919315226931975,0.13500847108807154,0.21091015075472574,0.2871903703079427,0.22073649497211964,0.09524934117555128,0.02313393520045782,367.79264183119983,12.998696079487956,-0.9548814528731404,gondite,1,T0010,2026-01-15
S100052,21.472154626501283,79.57235258158731,0.08157235339063575,0.13288603420467382,0.10597311700472316,0.23984649755497867,0.2811631435742056,0.21718324520444904,0.2595645324258283,0.056351979462652114,375.9583305794672,11.03091380655301,-0.8109625634151046,banded_iron_formation,1,T0901,2026-01-15
S000185,21.150547757371537,80.27365775959757,0.06380405995005359,0.11506826882342959,0.1311350837333618,0.23339685182253334,0.1730497001223002,0.1329884029338934,0.4399795359121388,0.20009916384613335,344.1216491790819,0.0,-0.47842348681149294,gondite,0,T0315,2026-01-15
S100068,21.018490700740763,79.54578555212261,0.03529929004202668,0.09245614250421859,0.11745493382029425,0.22238681683288897,0.24141870526745646,0.193514034563572,0.20076502423437256,-0.10822903301364968,344.87697710160217,9.147221996387819,-1.042514148339939,laterite,1,T0000,2026-01-15
S001380,21.5656744584766,79.7045694028815,0.10984988928028411,0.13110766780801467,0.11789362017421948,0.21291628678536742,0.22139718437826036,0.22359639360625183,0.44626065784134306,0.19839148510649315,300.73018296941933,8.050928292731363,0.49178194934190994,banded_iron_formation,0,T1104,2026-01-15
S001187,21.091616216099865,79.54683222901711,0.08509041997981226,0.13403386895097721,0.09533713686446733,0.27288679069016664,0.2301180805743823,0.1383397725987529,0.3567386964580847,0.13159509293010718,384.5998076794745,7.659300647814101,0.08839219367291234,granite_gneiss,0,T0100,2026-01-15
S100183,21.189557431098475,80.29225733146102,0.06318101722659084,0.06901485647311513,0.10546150082139685,0.30875054978618327,0.3970667103492548,0.258515353804879,0.26476322964929333,-0.018949644940710927,267.72703567845116,14.164116220736542,-0.009950835453292678,banded_iron_formation,1,T0315,2026-01-15
S100137,21.289382062165743,80.00080998475285,0.07608755338384623,0.13375106078973278,0.1051796284044221,0.22391701722388824,0.24313090611850147,0.19449377874582827,0.155983064271852,0.06658687721034723,356.1762166253133,9.55282051741312,0.7686787759489011,granite_gneiss,1,T0510,2026-01-15
S000539,21.417624576854458,79.86195791937436,0.11251338823527621,0.11120588308666955,0.10159400077549553,0.24919159656635745,0.2540421715090071,0.1524488302492949,0.21229099629218506,0.2052753372352429,280.8171650988996,12.534245053479783,0.022446416311413586,granite_gneiss,0,T0807,2026-01-15
S000436,21.060719667556064,79.50451158785802,0.07665485311474146,0.08701769061928061,0.07086496255096657,0.17644724266148992,0.26787723558185006,0.11720746805112187,0.40374137732699716,0.2973911625789053,249.08060628772935,12.923545601687858,0.5165472095097797,banded_iron_formation,0,T0100,2026-01-15
S100132,21.34863668382024,80.02194644521683,0.07749911168280232,0.10975982741609175,0.11668699048631957,0.2785384184977795,0.312456373898027,0.18082052881637178,0.23189016762422648,-0.06811433860893462,347.1811253787303,9.986732598442977,0.4651889288114461,granite_gneiss,1,T0610,2026-01-15
S100080,21.398588124196433,80.18090487980955,0.09797110560285233,0.12018199607468011,0.09045384491365335,0.23769888941131936,0.3387496212769423,0.2538844693884376,0.1983875896530323,-0.006664042322493645,197.73628953591694,7.822609105891001,-0.47076880111490055,banded_iron_formation,1,T0713,2026-01-15
S001626,21.466435638772577,79.85816784340231,0.10582405221298884,0.05650342279953267,0.0988852541222291,0.27255025726582566,0.1929737995176068,0.1703801995399422,0.41352467716216973,0.1617721957346937,313.48549316341854,5.871126051279749,0.06559122725830932,granite_gneiss,0,T0907,2026-01-15
S001180,21.41585866730803,80.24617189853217,0.09472739057529372,0.11639190516870326,0.06804017279617317,0.3284784257179212,0.23703330435621267,0.20595011399165092,0.3871106639761915,0.2982899957835784,138.8348616231054,4.743833237395897,-0.746027923743522,laterite,0,T0814,2026-01-15
S000181,21.176729612273995,80.07143952975449,0.07295883540936327,0.1086078253268239,0.08505232797900264,0.30165969165405576,0.21544940726812228,0.16064015645935975,0.29983232530324766,0.2313999412321438,350.47402724482856,6.325562674072325,0.26011036591086234,laterite,0,T0311,2026-01-15
S001308,21.359487556552626,80.28775514788897,0.08429844118208417,0.08371287951290175,0.09794015062667086,0.20384982985041167,0.23912846646675698,0.18196459669573298,0.38471233224476836,0.09873506032897675,276.41063912630113,7.194552287334428,0.18301300957204017,gondite,0,T0715,2026-01-15
S000623,21.580447988219017,79.67938747862338,0.09133773224789335,0.11917149707076266,0.08902710057581857,0.2808093269529494,0.2404160708527284,0.23399927823332156,0.285499158857897,0.24848282996901166,305.17446528406026,11.713315401847806,0.2112143896339981,gondite,0,T1103,2026-01-15
S100165,21.222553370317463,79.7919354888626,0.12719543868659222,0.09489671649957092,0.1052849601949936,0.3410615475817236,0.2692542878015413,0.22201543328961942,0.29094072435237905,0.05175900978512234,216.8503319674372,10.786646061115613,-0.5286933723316396,gondite,1,T0405,2026-01-15
S100248,21.22451042604431,80.08593080239503,0.06431715413059183,0.11442450745599585,0.11508997020528998,0.22015220985771802,0.2400441888155943,0.1949921235079031,0.049664168863998576,0.02300590129337871,319.38823306249725,15.371648356491232,-0.23116985276064347,banded_iron_formation,1,T0411,2026-01-15
S000086,21.5776163113035,80.06738318886175,0.0966453608701576,0.09684268777553176,0.09193569687320713,0.26538295488720476,0.1788561562311507,0.15830543685667256,0.30606673133615236,0.25414485180157415,219.86777412535844,2.7417646542720173,-0.3553927357079047,laterite,0,T1111,2026-01-15
S001154,21.461852372678546,80.02129534996526,0.10867626266547924,0.12937250659339697,0.0861525836027909,0.19083955650979578,0.17840632485828575,0.1527307510887692,0.26935880507170407,0.05573720389966977,305.6329240275032,1.7772742469698821,-0.45701467817341573,granite_gneiss,0,T0910,2026-01-15
S000498,21.006238860906084,79.94994369442703,0.06037667657166852,0.1065993114706246,0.1322565402787117,0.21713880811839179,0.19935588842932545,0.2074497611164046,0.29767639720163225,0.18734300588297476,282.22501666899103,1.6128149526124407,0.4345966682819397,alluvium,0,T0008,2026-01-15
S000851,21.20697109909204,80.04786549816077,0.12436214015348868,0.1195740093692243,0.12145123485989301,0.22282974287866497,0.15813140147091115,0.1631500302878672,0.3030997714179377,0.15934522555447128,202.04130124029535,3.446926623233345,0.6697914616567651,alluvium,0,T0410,2026-01-15
S100097,21.05258995158966,79.86684851396679,0.08048897443839574,0.11878840843596362,0.11141054708210997,0.19573600596243546,0.31899265291452367,0.21685640039056567,0.059876340444905696,0.14276027102123873,404.7507841976604,9.3439739229905,-0.043479987803010454,banded_iron_formation,1,T0107,2026-01-15
S001613,21.199136483910543,79.83837382036978,0.09357826915257253,0.10584930901361571,0.08937495671603324,0.3218252113119221,0.23596251611289334,0.12180270329058862,0.2795107533439647,0.2809447479792146,321.01705099305605,0.0,-0.7264697334651901,granite_gneiss,0,T0306,2026-01-15
S000377,21.375629326347248,79.57590494293733,0.08705779842066706,0.12943669547001052,0.08649435887985743,0.24150959003986333,0.23802161630387061,0.16077803693696818,0.3191373552063388,0.1831824031402024,287.6473302903443,0.0,-1.2224816625199828,banded_iron_formation,0,T0701,2026-01-15
S000895,21.535970391824392,80.29318903743606,0.06568280249079227,0.08679813864071981,0.11095107757988411,0.3114916934790052,0.18784206761827948,0.148369910856433,0.39382833422455965,0.11903006976542645,217.83987910518394,7.870233650510662,-0.5231291180098554,laterite,0,T1015,2026-01-15
S100102,21.159521976875713,80.25681956284647,0.08844934848474453,0.11408030148643308,0.09798869333939696,0.27538842568360017,0.32444007839301037,0.1830921955720427,0.1892603269695544,0.04698064872513648,360.71143708400166,11.317127885283732,0.705080997650968,gondite,1,T0315,2026-01-15
S000074,21.15438279267302,80.06168365398914,0.11700833736116226,0.11749054762824732,0.06859239923154187,0.2894839096553619,0.19395187070185754,0.16679670784394934,0.4647914459560199,0.17636360892756453,288.69593512460233,8.001354413461504,0.3311299378852016,gondite,0,T0311,2026-01-15
S100074,21.03498164501344,79.53212103963766,0.09824304791953557,0.09200559887420473,0.09307877344310024,0.1998677895061935,0.37818770061644985,0.22464376733571514,0.1409098280452315,0.1694096876381195,265.9584689772394,5.746438350613294,0.745062171148286,gondite,1,T0000,2026-01-15
S001431,21.08675121907607,79.67025044016113,0.04921578764970967,0.10190094126195177,0.1255968462069168,0.2658693511369037,0.20376743673700565,0.1868954396099211,0.31311808386703077,0.18240761996822913,273.481469557291,7.052691159139617,-0.547279617529284,laterite,0,T0103,2026-01-15
S000874,21.273285827065042,79.52473761366473,0.1019843164161967,0.0909654577910761,0.09404506151781002,0.23143866537890237,0.2705416795340657,0.1205370780134647,0.3130345963425093,0.2849833061126974,245.80639348881138,0.0,0.07431919223133654,alluvium,0,T0500,2026-01-15
S000558,21.25234080602239,80.08456683472124,0.07848767290439818,0.10656448418667522,0.07304807296080773,0.2863000037968261,0.18679805977643238,0.22296682521575142,0.28993613813663605,0.17063312034387124,269.00877408606596,3.4470708300698565,0.07287119951951843,laterite,0,T0511,2026-01-15
S001351,21.254176995241107,79.76668989356567,0.07571461136995938,0.10785815543487387,0.08660519735721982,0.229857242744655,0.20662871306153077,0.1719518688896621,0.22738604345223082,0.09292460453317804,309.97986933725383,8.273302860356074,-0.00786834326051351,laterite,0,T0505,2026-01-15
S001310,21.304144310083323,79.50705914064359,0.09166665926715313,0.11386811772453276,0.08246146102983108,0.1747442671784335,0.28804337224872745,0.1533630255100137,0.29212637826645943,0.14959958738796297,303.5262098393049,7.922070557320843,-0.4227783260467634,banded_iron_formation,0,T0600,2026-01-15
S001260,21.165431510170865,79.8096127038299,0.10195164909508765,0.12475893403326484,0.12408078115685614,0.29147893201991226,0.19593997081425937,0.1473958708471193,0.473398549347532,0.31184465858420746,250.00912014832878,9.745763888479217,0.11619948120710545,alluvium,0,T0306,2026-01-15
S000402,21.57274070812369,79.92764155948362,0.04814090949854447,0.07989932536271471,0.09742281217118844,0.29373638540500135,0.23876311128069128,0.184945021570787,0.31149911356246274,0.15059849953581622,158.450394450317,10.864289139504955,0.49507716955533637,alluvium,0,T1108,2026-01-15
S000629,21.365693332253713,80.21858866381577,0.06972233637532027,0.07949074849913623,0.09946566942003421,0.24253333522489307,0.2146512208239684,0.18212774105550109,0.21197228205927812,0.1208048338492151,355.7386787576969,4.463673599454516,0.05522386857263933,banded_iron_formation,0,T0714,2026-01-15
S000028,21.037657966758363,80.00544123708146,0.11228844301944953,0.10722950896177104,0.13085498003028928,0.22534033997569136,0.2536852616784824,0.1721974520553585,0.3298258988814922,0.07427946107052885,304.79959740912983,0.0,-0.7513404759783994,granite_gneiss,0,T0010,2026-01-15
S100235,21.482616549367783,79.72241768528065,0.07067166987985131,0.1396452060029118,0.1136178851889405,0.19673420959770066,0.25775020029339213,0.20376056933693054,0.31548948574851016,-0.05297806640694233,292.8829412087895,15.279993939995787,0.08785022808242496,granite_gneiss,1,T0904,2026-01-15
S001146,21.35623122420392,79.82874362202293,0.12308635480414554,0.08083656503714857,0.08165632113218325,0.2249533695774501,0.19956087745935455,0.1569070290777298,0.35554526007529,0.3546550350323262,241.4542306443239,0.0,-0.2517351029478815,granite_gneiss,0,T0706,2026-01-15
S100267,21.092168037115236,79.56785541784947,0.11231964848324096,0.1219104482299162,0.1164434854942262,0.2730515676687284,0.2724619152958314,0.23070726547647114,0.1659908838285231,0.05945864163076575,359.56905285511374,2.360448474321248,-0.8095359100590823,gondite,1,T0101,2026-01-15
S000827,21.027348392200526,80.14894863069458,0.10671143491328187,0.07621906470765624,0.1102358438887162,0.23436113596786023,0.25392301743916185,0.18916148747675282,0.3698548227273726,0.1345142044544245,228.16741750271316,0.8880331695894874,-0.23790428276762368,alluvium,0,T0012,2026-01-15
S100117,21.431677773570563,79.9887900376293,0.08608871045627631,0.10331030924033525,0.12273548234633398,0.24874581197293993,0.2725757203056695,0.22903374228556073,0.1996313464187176,0.03361121239019613,292.59140115568016,3.4253100625353134,-0.04391783930184983,alluvium,1,T0809,2026-01-15
S001246,21.58399914581963,80.0415003009301,0.08886169622638905,0.11178153171699354,0.07046307690182274,0.23419631765363755,0.20094165776275616,0.1226772004080279,0.3843905258529186,0.1240545055661389,367.49433999865937,4.609778153789713,0.3311427032372109,banded_iron_formation,0,T1110,2026-01-15
S000313,21.093327479962362,80.26471112599306,0.0910555229724175,0.1067648954887389,0.07959557283074001,0.2395631383511902,0.2124817604710219,0.21465453010172691,0.30267631050006866,0.14032768893140682,240.64905466968634,2.724951434394739,-1.213317210415552,gondite,0,T0115,2026-01-15
S100249,21.255529251824107,79.8520709596219,0.116524186938136,0.1292359833509461,0.14297484699645485,0.20716372016621923,0.29969094875577273,0.1943549524920165,0.24061123367369286,0.03344875060248406,415.4131283373068,7.58121078816129,-0.012819530173837107,gondite,1,T0507,2026-01-15
S001092,21.11729597696709,80.17327087740246,0.06709372394113847,0.11352086248311989,0.09622829892910006,0.29284983040991736,0.28038484461691365,0.16198385426583548,0.28404271609498044,0.129168599884577,375.4789289789222,5.710068377628359,0.02858247013403503,alluvium,0,T0213,2026-01-15
S001634,21.026383000933766,79.90303089012038,0.08643135875268773,0.05378864749049375,0.10341156541345697,0.20701722454468133,0.13189923150478172,0.17354289739010964,0.29193981107343764,0.2069360882631328,363.82188249276095,7.2053943491445285,0.3021539939835453,gondite,0,T0008,2026-01-15
S100094,21.180907253488726,79.57337680465936,0.06498550763469775,0.10303081591530533,0.12008615284686319,0.2502074579463608,0.24702471167692447,0.21856736144534378,0.22030370012971673,-0.032703534755017416,236.1822765349321,3.057751987075714,0.6861711714332591,gondite,1,T0301,2026-01-15
S100033,21.222275823620922,80.04887709208435,0.06337428328097848,0.11818319204427753,0.08450113910842547,0.224842185802689,0.262092546574433,0.19181311774441723,0.17307319319432796,-0.03731222287859183,286.1917144744958,11.709939368365575,0.277620037139712,banded_iron_formation,1,T0410,2026-01-15
S001103,21.260249615665906,80.05537364775039,0.04961225823884708,0.09235344073451517,0.12516197997438416,0.17377283417374484,0.2293831972446779,0.16304403080384433,0.33985420034776365,0.12358129779872826,283.49564369599204,5.374394363357448,-0.9734220311328377,gondite,0,T0511,2026-01-15
S001307,21.54999597611744,79.85930089882955,0.04833127394209712,0.09247116349223443,0.09854433488348648,0.24841389209406303,0.21663329317624608,0.15350555503263005,0.27802560719219177,0.16713674641849813,368.08279171696375,0.0,-0.05814524250364542,granite_gneiss,0,T1007,2026-01-15
S000088,21.24284594920276,79.61160736350897,0.07946746496089195,0.09829661624484953,0.08325728814931763,0.22283170602435032,0.21474414648938947,0.16353484405834853,0.37001991805271695,0.22066395374366427,247.20969986175828,0.0,-0.8013531629401531,granite_gneiss,0,T0402,2026-01-15
S000356,21.21022025682897,80.2644222947381,0.1017141348661007,0.0786291080617672,0.13328323165792788,0.2650369343539719,0.22012340616348597,0.17747932890577028,0.3225077378861566,0.15023911188059585,281.11110491639965,5.359043500878883,0.5796738549971663,banded_iron_formation,0,T0415,2026-01-15
S001449,21.37485840607827,79.5503365647195,0.060146746855435196,0.11593993560717025,0.07415107472617233,0.2667218661519827,0.20193694018824054,0.1755043400459091,0.36806058744678016,0.20335376220557644,310.7527062460081,3.901360460769431,-0.43267590643354514,gondite,0,T0701,2026-01-15
S001157,21.05198351537719,79.96073542105822,0.06287590895607648,0.08710421801698234,0.069490397081471,0.2815648726975571,0.2991526714616492,0.20283380991640473,0.29462420907840314,0.1569581769587237,387.6553362045257,6.764156413254162,-0.2611614133598143,granite_gneiss,0,T0109,2026-01-15
S100000,21.46437362913358,80.24498898855208,0.05909474437203052,0.09314310694180328,0.15353189596491393,0.285534300993386,0.3676926062447125,0.1949385913345589,0.15126351851395442,0.09862694281398861,311.3429372887847,9.772726319252794,-0.05716108400237382,banded_iron_formation,1,T0914,2026-01-15
S001015,21.094025073771366,79.73572487108433,0.11176012058420698,0.09599021665822452,0.09340045070399303,0.24843687577135332,0.21135692887950136,0.1793032736677404,0.45719038291553404,0.20135828119821247,259.974948325713,7.172420889494122,-0.47516769091835903,gondite,0,T0104,2026-01-15
S000741,21.42932639827049,80.17862043840343,0.0650705552725276,0.12929555543261734,0.09014923768772634,0.18815856805116193,0.2629814749123151,0.18161289204092007,0.32390798255595077,0.3069067422395435,406.61809743555017,0.0,-0.11537947418788232,laterite,0,T0813,2026-01-15
S000748,21.09937030832424,80.07306944010368,0.06681858420176993,0.1313445612737581,0.10182937870643947,0.30574442735969704,0.1846234681631153,0.1659749696939916,0.43075170567532106,0.1530504130881428,291.11492716216446,10.875975264929135,-0.41945723200790724,laterite,0,T0111,2026-01-15
S000866,21.578027609831114,80.20954493543854,0.07833398938204326,0.08780019277637624,0.11206642761098574,0.24630534556298478,0.22462712591621112,0.16374058659373952,0.344131616433858,0.2339056112896322,269.33253932357036,3.65743893939793,0.5374805919459826,alluvium,0,T1114,2026-01-15
S100082,21.48841223079962,80.08769687354813,0.08553639458661641,0.12146515663578315,0.1121389412482794,0.26878786877941413,0.29283336027146345,0.18827035611631404,0.21212431981536964,-0.04611021118198774,252.90165096760737,10.750622694137224,0.2197580721457143,granite_gneiss,1,T0911,2026-01-15
S000928,21.016598508543787,79.69785861883182,0.047805777714866556,0.128382607351086,0.0999213712078005,0.30485059092179256,0.2751375496102758,0.1191542145736543,0.3354032311830419,0.1046343105026478,309.02526266590297,2.1383572964976056,0.5662373340218162,granite_gneiss,0,T0003,2026-01-15
S000316,21.49122109662181,80.1359340664732,0.10653733913639551,0.07029288411842957,0.13602711633525458,0.28310691370226826,0.2296813202952015,0.18942097689251078,0.46044337526182744,0.14365756021371762,329.3604436625191,4.474423577694132,0.10856787592964502,granite_gneiss,0,T0912,2026-01-15
S001560,21.565279364356826,80.05949494388963,0.06859977888781281,0.08541464036083134,0.09232210655257839,0.25973094822722764,0.1612232450191338,0.11839024253516217,0.4366196660231534,0.18322089770576644,233.82790120955798,3.0912045209091388,-0.5448842660546147,laterite,0,T1111,2026-01-15
S000686,21.407406016901714,79.8347116437308,0.09402263399210209,0.08992282409031374,0.11052860545090958,0.28522587404999905,0.2626803757981081,0.17579173976333462,0.20327608503164482,0.009413509417747878,392.93081762038116,9.703144100301017,1.1903547636768808,banded_iron_formation,0,T0806,2026-01-15
S000410,21.178724905585863,79.59238869889836,0.07841035524261238,0.1053294017727296,0.0890048126848504,0.18901676246416962,0.20368625502657262,0.19633043568473846,0.34594214927289446,0.21250281288883946,289.81857084268523,10.226233763949377,-0.25138208503052195,alluvium,0,T0301,2026-01-15
S001586,21.186832462002027,80.14607315132947,0.09075567413802237,0.09526876012903612,0.08440241382807692,0.2472646657650911,0.24755816505028008,0.1330889783307846,0.3646183268435446,0.3082821470025685,218.77559463467134,13.106570240712637,0.1474196806076752,laterite,0,T0312,2026-01-15
S000920,21.235651135932724,79.8978288193688,0.10342494130450122,0.09105679814129533,0.12033930108775728,0.3402136005274587,0.2447030263224801,0.18982781703801174,0.5356184300114284,0.10594378274059264,301.0962667253776,3.460339251016454,0.9277067513633281,laterite,0,T0407,2026-01-15
S001220,21.57282294714362,80.25596330888858,0.09360592152159611,0.10998613353881537,0.10605217212929814,0.31075651932941534,0.18725126535846165,0.18619470733696833,0.5591927359669066,0.18249747015701084,268.22990998497875,2.135440703920402,-1.0788714428552015,banded_iron_formation,0,T1115,2026-01-15
S001128,21.54761999444501,79.80675974337552,0.09013616037833297,0.10092358326480094,0.09390351697092852,0.2078776418618994,0.26198781461445514,0.1843656234369491,0.5319348024254721,0.23038854232411382,332.594894963965,10.556881470624965,0.8199734464122735,alluvium,0,T1006,2026-01-15
S000044,21.429859905453544,79.63434899184114,0.1029067886106821,0.08337864670703503,0.1342521078558805,0.19373847733506785,0.22225822266169096,0.19263937511994883,0.38651025483035617,0.14181517707549393,308.62322016509233,8.834376323109382,-0.14565394327333808,alluvium,0,T0802,2026-01-15
S001367,21.09627879763678,80.15940720796381,0.10669789646909741,0.06221446450305621,0.11020338515759456,0.2977491508192903,0.24078556727786934,0.14964003113491686,0.3246823165880092,0.040706438454840926,234.34629073043257,5.138220510856436,0.3540327660050675,laterite,0,T0113,2026-01-15
S000938,21.19944908034467,79.84193995781831,0.043082117438552864,0.07316138856345,0.0829861562459034,0.21511044910397195,0.22330794221299285,0.20399574484017968,0.20031037897404774,0.2000239522712688,259.03785366881743,1.9024458572689635,0.17165843704101352,granite_gneiss,0,T0306,2026-01-15
S000980,21.587864324669848,79.93315996844392,0.10652439524515356,0.08743893473610365,0.08942819084339292,0.27422974849758763,0.26161491523847596,0.18479112806441553,0.35513704575690463,0.06415768124919094,300.96741334779045,14.143969938686801,0.4406754061896922,alluvium,0,T1108,2026-01-15
S100104,21.467250542379478,79.96241377264603,0.10338540218140344,0.09112196727162489,0.12273746641378769,0.25785578420040756,0.3638811143940393,0.1675444591154943,0.30241563225221846,0.059264255448187086,334.1341922383936,10.109158124843388,0.3120921362347663,laterite,1,T0909,2026-01-15
S000328,21.558993517135825,80.04092042053321,0.05458554802011973,0.07354288772215214,0.10876499984147688,0.2706749978727985,0.21205428971259757,0.18372365563552095,0.4165660150633385,0.03476359845156375,201.2778473661407,5.386218985199333,0.5685916969529831,granite_gneiss,0,T1110,2026-01-15
S000945,21.03020750774188,80.12347332078417,0.07368116661676395,0.11371753333507281,0.10805565147582355,0.21969430369319665,0.31620764719708105,0.16022002205288557,0.2736057237954367,0.12238139542819348,266.64704698919024,2.9411519096671257,-0.1980162691219705,laterite,0,T0012,2026-01-15
S000466,21.350767927329503,79.65741585879937,0.08076297021681643,0.052671332837034665,0.0957777657049498,0.21166226520352968,0.26884187208605137,0.1421442892381573,0.4335607634617018,0.15075715635957743,265.77844918354185,2.1018502639280165,-0.749710943233428,gondite,0,T0703,2026-01-15
S100062,21.339141663888714,79.50434386730296,0.08040074581732623,0.0992214159903032,0.10147843919299016,0.26759695866750655,0.20979297766103827,0.2095423910213504,0.1564320435899956,-0.0452180856402529,413.5289748679451,7.1262972084021685,1.010319849387916,banded_iron_formation,1,T0600,2026-01-15
S000492,21.363354986156864,80.0693893834757,0.04791374388396648,0.09518075343241761,0.10786073476688568,0.26755522539694787,0.19665058611655667,0.1809992711266779,0.4135773625845315,0.14919749048379036,191.52771215637043,6.267815975623331,-0.41417591738900617,laterite,0,T0711,2026-01-15
S000993,21.000250150141863,79.95234855906187,0.10002057052042779,0.09298256041269347,0.12114042520934658,0.20674210565284828,0.1751247301372435,0.1645517510103688,0.32930163659478395,0.09738622363475188,287.9813752316598,0.0,-1.0229934027035434,granite_gneiss,0,T0009,2026-01-15
S100223,21.573373954228185,79.81884200536123,0.12153422651718047,0.13754272950663285,0.15562453855163136,0.24535202862560984,0.26331669791158774,0.28460403781512633,0.27201992044626916,0.07625435063246382,271.623090758919,15.008117007372523,0.15112910924273062,gondite,1,T1106,2026-01-15
S100145,21.160185397855138,80.13989632861107,0.0928145822040584,0.10129886175101485,0.1294090071114034,0.24121624042964962,0.2978737404772096,0.168230955245661,0.3425423112480842,-0.059694077516480676,273.1739927213329,10.66547259255582,0.04507841383378654,granite_gneiss,1,T0312,2026-01-15
S000728,21.02600536622476,80.21915636826611,0.06778259249271326,0.0910815567512666,0.10457952310298493,0.2063742810296262,0.3264406097734001,0.13459279055451995,0.24636627192007166,0.046790031039855226,395.4962085862136,10.725850603820998,-0.2281772491541815,gondite,0,T0014,2026-01-15
S000013,21.50566276656566,80.07832528157195,0.05843851062237296,0.08324886043949581,0.0932826613030914,0.20571184621548688,0.27502000554040573,0.13237588643493653,0.24233635219959937,0.0632360788327879,291.1392121267162,14.119486302998306,0.18784046126141596,gondite,0,T1011,2026-01-15
S001060,21.43167516379922,80.13222021365938,0.07323508432434937,0.09519373761268594,0.1006258460722553,0.21586247310025924,0.2432023117166594,0.1611708761808788,0.4171034958694263,0.04924422071368356,164.6343418480368,6.802056852522833,0.8625164710172839,banded_iron_formation,0,T0812,2026-01-15
S000782,21.17534106367921,79.58989589927415,0.07704250631112307,0.09051582645234768,0.09035377089616331,0.1797226521868322,0.264345924797762,0.16587613712726595,0.2864477282079607,0.11551870298979952,242.9623629152681,0.0,-0.3335062588484315,granite_gneiss,0,T0301,2026-01-15
S001466,21.260880650729955,80.23910003129633,0.09806828594064818,0.07884910571394724,0.11932950327770586,0.26612439759405326,0.24492010180281862,0.20778022723898476,0.45683061581601003,0.09195994546836832,183.6893111674567,9.08328664578757,0.12231439243992588,granite_gneiss,0,T0514,2026-01-15
S001134,21.53094939791069,79.78717809102648,0.079059226814884,0.09245403824278449,0.0994038107467814,0.2685618403073264,0.21795095417813143,0.2065317332425385,0.34508260710493704,0.29868543103252576,357.4229836463821,9.964898096238603,0.010045345720236815,alluvium,0,T1005,2026-01-15
S001241,21.123400233998147,80.15227418378336,0.07076982943207587,0.09232207552248273,0.10974574933782921,0.26862605436333414,0.19865276963628012,0.15092547462274217,0.4538277153229241,0.10937120466958002,157.20081533219852,4.976036575145774,-0.053783460897143795,laterite,0,T0213,2026-01-15
S000910,21.547402757610385,79.71229323954687,0.09269450378358442,0.0955411032744177,0.10013522122776713,0.1866536911585086,0.24481080369010344,0.14287055919031466,0.27277995850147707,0.1952568022101643,290.77918910243153,8.49830411872156,0.8441524126617355,alluvium,0,T1004,2026-01-15
S100009,21.27023156273734,80.21869323788923,0.0635621645691392,0.12033954096475713,0.10783265008191963,0.2658594726964367,0.30299107156542043,0.2243647914110593,0.1098147475583706,0.14575352155046795,387.17004084817495,5.804777020428072,0.5453299680440661,banded_iron_formation,1,T0514,2026-01-15
S000089,21.269238911649754,79.76954147816168,0.10998959895964955,0.09286347743564245,0.10042542736200245,0.23189792567090617,0.14062496514194373,0.1569086382130805,0.4360940020070332,0.24235160540109948,237.43042785413326,3.7530959481795554,-0.09159107980355237,laterite,0,T0505,2026-01-15
S000348,21.409736793569188,80.14522659811696,0.05311019276946949,0.11782413985092366,0.10342283032098254,0.22279500551710332,0.23705387079885962,0.124167676404846,0.2925631775507738,0.07424745486381695,304.8333393768579,0.0,0.21503659775501927,banded_iron_formation,0,T0812,2026-01-15
S100255,21.44760856814607,80.08700279795033,0.05967966941183556,0.10203641226206597,0.1391761331202192,0.2981803020642462,0.34231339072515626,0.15753276269110378,0.22427853014575203,0.21708662597017458,320.88080839338267,7.905184016728927,-0.42646890889613615,banded_iron_formation,1,T0811,2026-01-15
S000522,21.260762570471165,79.95941717593567,0.0778058953660895,0.07798734268412165,0.08044421361221656,0.2235792596727354,0.26734239692303285,0.11741406576452745,0.30416228275685003,0.09282377139187466,328.8478339259948,5.846997606331266,0.48854785944588763,laterite,0,T0509,2026-01-15
S000029,21.00223530484657,79.94441832568467,0.07594974929314365,0.10206328969948422,0.14138396259113983,0.27719971686540923,0.27764158985462,0.1355640130846616,0.21233494732103575,0.17591555303324147,118.12648732356249,3.2681223771650325,-0.4347467793549057,granite_gneiss,0,T0008,2026-01-15
S000548,21.3095342402666,79.74910984976617,0.05297444995089726,0.10519512773874917,0.1014451510305296,0.24170992438341624,0.18695503025680155,0.19708611166828957,0.2858885792608675,0.1542165321054509,291.06362425531734,2.6373505899040786,0.004321852807949204,laterite,0,T0604,2026-01-15
S000564,21.327384524408533,79.66923458158706,0.10251222052419418,0.07850058092782586,0.11500088771722274,0.2901243689462094,0.22603627827704076,0.1564327713975252,0.27189012878518404,0.024722818432831528,167.7939417985432,3.7926952886032557,0.784471746174687,alluvium,0,T0603,2026-01-15
S001343,21.51974515185454,79.98175593658574,0.08166523447951028,0.09938534413778252,0.12368509614504873,0.25260270103449617,0.21117246490679098,0.16748867208956128,0.25374717553114007,0.12018848864569726,345.5311797300651,3.204844335362343,0.0947686340596828,banded_iron_formation,0,T1009,2026-01-15
S000872,21.516742405211073,79.95809749729055,0.11607331614953197,0.058796756919370294,0.09524989841836154,0.2544302443116134,0.11419314419964874,0.17243043998437996,0.40519277213086663,0.09230076817544033,261.62617807164554,2.222218017467169,-0.5244891425860975,laterite,0,T1009,2026-01-15
S000100,21.082580871079422,79.9140856760151,0.09467230739253968,0.12590311539653845,0.09685154379429489,0.21403983694346815,0.20726398907511406,0.21609906444485952,0.3854644193004806,0.1833582416467066,277.1192588948963,0.3057160057999404,0.23371053367671604,laterite,0,T0108,2026-01-15
S000909,21.525994346900976,79.92288150695198,0.09018593604446168,0.09785587007381383,0.1023698959632756,0.2912052982661898,0.15460422330928325,0.1903066053360008,0.383288571862697,-0.020022321636535584,413.70757004235264,0.0,-0.7045238655472995,alluvium,0,T1008,2026-01-15
S001399,21.599693642576753,80.0376184905702,0.06750557998773009,0.06815172254308903,0.11465811861923401,0.2568397199791042,0.20980537850591946,0.1638312551610968,0.5248020675662657,0.15860472324651245,299.13315185472976,0.0,-0.3305518584468602,alluvium,0,T1110,2026-01-15
S000808,21.16051961901992,79.5069717578614,0.06896149247089496,0.11253775442903052,0.10825507353080506,0.2671650110886834,0.17302885342454966,0.2211935061497507,0.3398922391097965,0.15171084491672612,354.86451231168326,0.0,-0.15859649618235538,gondite,0,T0300,2026-01-15
S000598,21.48026988739107,79.64736617140859,0.04801526446434992,0.09444092934683004,0.08406891494487881,0.3154060637606874,0.20327048264458714,0.15364936151562145,0.36069734461972097,0.15753051666967377,253.0887164285673,6.089378899032154,0.25688341404506154,gondite,0,T0902,2026-01-15
S000141,21.521914028826945,80.14675952919427,0.04811484325188136,0.09024751662087288,0.11927597605118921,0.2882908866111905,0.22588875562241978,0.13340777964879263,0.12819571119570375,0.21966218582402314,312.9935515937216,6.328901316063274,0.009942354931345165,laterite,0,T1012,2026-01-15
S000379,21.217511329082242,80.07917784090397,0.11458404239238745,0.07371208721468708,0.07894495140302508,0.2369407730569897,0.20600780142877362,0.10920789806946435,0.31698148324419606,0.1986749690684451,265.4468701589018,6.341850505718561,-0.04920554169614418,banded_iron_formation,0,T0411,2026-01-15
S001489,21.07523084344197,79.66039532194893,0.09561052969825012,0.07599934339547755,0.1002409205011106,0.19883821046626554,0.18066363840893024,0.15983166049813688,0.38174545015848993,0.14389455201519652,296.7678467002205,6.714783294523995,0.2530023316276989,granite_gneiss,0,T0103,2026-01-15
S000508,21.06793036980423,80.06788983938199,0.0538876485617944,0.09738777837537468,0.07836442899495398,0.22098772678294995,0.22303632621945313,0.18167712466769062,0.32213607046811543,0.053518878476284254,346.0477105780727,5.929772376023877,0.14593060178010234,laterite,0,T0111,2026-01-15
S000371,21.18375573656211,79.68618518328076,0.09148886093726702,0.10778263058378859,0.10796342777316201,0.201924964883036,0.22919075297397176,0.16424161111998384,0.25532094313049103,0.13055418858572063,277.85601590315855,1.7255985143930532,-0.6446632156161887,granite_gneiss,0,T0303,2026-01-15
S000179,21.37933772225299,80.11911642007028,0.07317356575621674,0.13922189771039467,0.12810792335914312,0.20723083310083126,0.2034674178126251,0.1928735744686897,0.30771734350799224,0.04911366666451865,291.03954146650864,8.859172945459292,0.19526324948350773,laterite,0,T0712,2026-01-15
S000841,21.17188630883639,79.5521475663669,0.05855360570962085,0.10560863803151686,0.08931353837762733,0.26939722214473905,0.2598400104078625,0.18175064934223123,0.41647573434932916,0.15843189328879043,272.3073918098185,3.3772557524652576,0.0698350411382107,laterite,0,T0301,2026-01-15
S000337,21.44396613790909,79.54984141622697,0.08276195373290787,0.13076639273265192,0.11919676010801815,0.27711874221479355,0.20705089697019902,0.141875899294982,0.293561548077571,0.10902128447263332,146.84669071935033,4.33952139931034,0.13341530164486964,granite_gneiss,0,T0800,2026-01-15
S001032,21.002367576016315,79.80364088565975,0.09492549011363578,0.08504634188329324,0.08569846420829703,0.28856471914825815,0.2588639921047825,0.13800926882898482,0.2597132678706279,0.13431898335348713,258.1035721760214,5.278426834976556,0.2993354649359884,laterite,0,T0006,2026-01-15
S001016,21.05752772262065,79.90393178973652,0.07408857586953743,0.08173641692429544,0.089019852955783,0.27825121340125175,0.2571236033912722,0.199058696184281,0.3030039227832704,0.1975547924856424,248.71829669910343,3.050336889451457,-0.0030603236409279966,laterite,0,T0108,2026-01-15
S000785,21.06287861348604,80.03702434311967,0.08955961927684442,0.10335764569650785,0.09569651423883373,0.298096294798648,0.2924241977257651,0.1145893721586646,0.3854432939404726,0.15649529038487292,317.8480560054689,0.0,-0.24441955517214217,banded_iron_formation,0,T0110,2026-01-15
S000671,21.5443570745093,79.78620204953026,0.09678019630601453,0.11895567317047687,0.10734706296362476,0.23141013081327733,0.17274918177312337,0.2405840681911694,0.27251716796064196,0.13077229997317671,326.7366515063696,7.482862922878954,0.0012309177938082238,granite_gneiss,0,T1005,2026-01-15
S000012,21.13643456737371,79.78392963040656,0.07846662388758104,0.09735587124200971,0.10838393837994179,0.27043380055077965,0.20439383355553037,0.23821418669886013,0.5951782430315821,0.07187728993601689,377.608052950381,7.2062958515069155,-0.7970375369854148,laterite,0,T0205,2026-01-15
S000307,21.256159115859802,79.9238636267182,0.07287268987558757,0.10548760287555135,0.11507558161057428,0.2767112325065695,0.22066086414906316,0.09909642428948295,0.26919914710607395,0.2179124342266091,173.70505846308566,8.43373782318593,0.16705631649176897,granite_gneiss,0,T0508,2026-01-15
S001165,21.557116881511345,79.94583947697156,0.08082929249569658,0.10281904744874809,0.07376884277630577,0.2823195831948663,0.19438869494329372,0.14315295884974968,0.1838963501206669,0.1635176861018378,377.30841569852896,5.025522627978194,0.04014327050368813,granite_gneiss,0,T1108,2026-01-15
S100357,21.479546829907243,79.58151532585164,0.07387595842056904,0.07487890414263924,0.09796756340851476,0.28191436801117076,0.3352369385279679,0.1991002026248366,0.20367443879612523,0.005894224282103143,271.4524409035376,9.869761661213046,0.29019798242930167,banded_iron_formation,1,T0901,2026-01-15
S000607,21.537403250825548,80.15823347867857,0.09861487156130866,0.1078136475004498,0.08721185351860618,0.2340781825596643,0.23936551908377113,0.16710144339513847,0.39775465851197866,0.18865326398042565,194.4933645520028,15.234047332417783,1.0104510002304894,banded_iron_formation,0,T1013,2026-01-15
S000423,21.27287565439023,80.02707205555652,0.0742053734313922,0.1038622263761642,0.09362690555192861,0.2843233095237838,0.20301566400553678,0.18546195261858756,0.3656246468036451,0.042254986339866685,307.4622422435663,6.021464470722237,0.3264646233888842,alluvium,0,T0510,2026-01-15
S000375,21.304096179730532,80.0703045776741,0.09311289619567101,0.08277620293171345,0.060349593806113336,0.21021658431476353,0.2030246007339354,0.188448908736205,0.3437084585302103,0.17342251042115048,269.4593260407181,7.8046468726377185,-0.275137415512111,banded_iron_formation,0,T0611,2026-01-15
S000675,21.363146616490553,80.15515427882481,0.10395139328923807,0.0887589314190935,0.07044440449503837,0.2628725685387038,0.23217828335843432,0.22625205096048123,0.4607925550116201,0.15297944475177425,341.30126721612936,2.1970616780694847,0.08608860794628458,laterite,0,T0713,2026-01-15
S000610,21.367645294020196,79.56337564085848,0.08969992419384751,0.10914257180823998,0.11098759372312744,0.2569294092229446,0.20989315584858106,0.14706384377255852,0.4322495276780888,0.14608049058113515,221.03884153828858,5.10119154626447,0.8989104488188098,granite_gneiss,0,T0701,2026-01-15
S001164,21.431812728638764,79.7368429822464,0.06006113489847319,0.11440146346418854,0.1246928373943091,0.18489736502123832,0.239553181849188,0.14357884141640773,0.35423472592428334,0.10129256166362072,251.89277585485644,1.9257654635915946,-0.14482269672082312,banded_iron_formation,0,T0804,2026-01-15
S001126,21.25763539645781,79.58251108218421,0.11610742133801132,0.09611057377342198,0.07346171658015485,0.21006159906123925,0.19754183574377493,0.09763470704149285,0.5086077628389047,0.21147063383466766,375.9142370686844,7.526920309773767,1.2065393683849344,alluvium,0,T0501,2026-01-15
S001163,21.53446757188602,80.05428236391701,0.06949430634377121,0.1124114173226571,0.09888184211448361,0.22845695526149423,0.19109326057780324,0.15613119498023237,0.44612157417878245,0.26359115814449546,361.85697722213536,4.252109185917855,-0.5814992868542127,granite_gneiss,0,T1011,2026-01-15
S001130,21.3905315557942,79.96726343379633,0.10813911155563619,0.09848303510389844,0.11018691933723188,0.1918952824302394,0.27890494151521794,0.12615028883390217,0.37782469457380635,0.24662693138428335,363.6226689290391,6.861898948211767,0.25204675329232445,alluvium,0,T0709,2026-01-15
S001282,21.38945820705812,79.93969090977625,0.08305318975031602,0.09373403028036396,0.10780975993213454,0.27339087964510556,0.16815246817706242,0.20287558846254544,0.36842944153117774,0.040701844396120554,411.3511646683652,8.59252741204137,-0.22533172171167568,gondite,0,T0708,2026-01-15
S000892,21.446309635860015,79.61391033999061,0.0413250688492916,0.08014335944388801,0.06963219893923694,0.25986582939313535,0.1355486279101979,0.1263367798820565,0.3070370453332852,0.21357873829929758,204.77148902529203,5.955064555414223,0.5975503768409807,granite_gneiss,0,T0802,2026-01-15
S001333,21.427723033180207,80.24524372801652,0.09321348644235895,0.10398237000332067,0.10403538838663559,0.28606810272546346,0.2024270727330365,0.18634831256812745,0.23969530137758177,0.25318054110856403,195.224386200396,7.057797837764237,0.33361607059497034,granite_gneiss,0,T0814,2026-01-15
S001389,21.281667076239383,80.27890701299842,0.07814087305663828,0.09923383735738,0.1198386392704249,0.3037466228177505,0.22143568797015423,0.16830643218286728,0.2691873861030953,0.16226996460507476,235.3744615387018,6.848631278835704,0.12100570715960979,granite_gneiss,0,T0515,2026-01-15
S000876,21.341504056043267,79.76172532868644,0.041999292000441654,0.09456976900707591,0.09891268622213074,0.30383263882141465,0.255461824573749,0.2062966636745524,0.3016021342504426,0.21308937176917725,126.34559092409165,10.205798948878021,-0.13059094758051118,laterite,0,T0605,2026-01-15
S000525,21.2669404907801,79.71367302130993,0.0854543855720766,0.09502440418103975,0.11647898494381435,0.2453788181120724,0.2514721704152104,0.16602712303577602,0.34339858113475186,0.024943042913060792,252.2784104116907,1.9746703172254474,-0.13980200402813167,banded_iron_formation,0,T0504,2026-01-15
S100079,21.47033892546385,80.00400947566112,0.0664750660527277,0.08518968358997761,0.11452016470205993,0.30719149809881674,0.21254374239931395,0.2274130769449126,0.20526594027878226,0.10443266711949753,241.38219501407366,13.323424819803485,0.5667843514378125,banded_iron_formation,1,T0910,2026-01-15
S000812,21.39336394946593,79.51450612036781,0.08339687624655995,0.07602147292117795,0.08114492772956067,0.2603111631997437,0.2239921600281925,0.14525324737285186,0.48074270749375136,0.17345979644977186,289.9701471855261,1.3417936289558856,0.35065878910286397,granite_gneiss,0,T0700,2026-01-15
S000454,21.418945364393515,79.6710819803648,0.0902625931718405,0.08867694287668323,0.07571054941787946,0.3053271876224262,0.21270010852957688,0.10833760934091971,0.3853392171664725,0.024330881365372203,255.446937572545,11.492216954734214,-0.5915031011604964,banded_iron_formation,0,T0803,2026-01-15
S000925,21.327020847445866,79.83903154434321,0.08824006439190105,0.08665015992079124,0.07083471923550153,0.30529452849804145,0.22978766673574066,0.17371952443348493,0.2450312375313503,0.20940967717582054,251.67478381518816,6.206530931850711,0.3003597596470288,gondite,0,T0606,2026-01-15
S000311,21.122513183785202,80.29477255222429,0.06052213156717248,0.1073166658532863,0.07358058688182219,0.2608939634699707,0.17677778691867202,0.1290757585922717,0.21889762747477975,0.10405109572173826,264.49597267191257,6.594442253873646,0.14085651221205958,gondite,0,T0215,2026-01-15
S001171,21.386624116907093,79.68307720064621,0.05750925355300332,0.10047170867766834,0.0788684469002825,0.19789377523451318,0.17667399095777117,0.16518265439685004,0.2698609005382379,0.2700836167776172,345.55952533828076,4.553228933983424,1.1716785862935513,granite_gneiss,0,T0703,2026-01-15
S100057,21.341244717571737,80.12141435255377,0.10042444578438266,0.10661039057175191,0.10233149687824727,0.2356987956578186,0.29675571373802556,0.16562234900294076,0.26786776376599064,-0.009763145581118828,393.30371997305554,1.5500609895008202,-0.16027018916877392,gondite,1,T0612,2026-01-15
S100133,21.208121882720903,79.75297132145923,0.06779802267885773,0.07842085625902732,0.0987590748230689,0.27354942491524586,0.3146821410672355,0.21785663790857185,0.24929676782271498,-0.015118528108903559,293.00177708812106,13.33834556585538,-0.3856150831173194,granite_gneiss,1,T0405,2026-01-15
S000780,21.38125756367465,79.92555876476165,0.09391034694938422,0.08530907419490155,0.08439234194872124,0.2940998576424149,0.22825904127671082,0.185474580734788,0.39611793118647015,0.08503123869095325,310.73236084766995,9.768708686081615,0.20215498083208025,granite_gneiss,0,T0708,2026-01-15
S000573,21.032229219087135,80.22153333028176,0.05794079000553873,0.06677919483924757,0.08015574162485042,0.2720482084629365,0.2041474158533117,0.17910280734488931,0.21877103675521758,0.1254760266853313,257.0131831674965,1.1548623495522228,-0.13221360078206312,granite_gneiss,0,T0014,2026-01-15
S001324,21.177188104406852,79.77131200565837,0.13778307988412541,0.11272425103139568,0.10213304084538369,0.22817329281642118,0.31645964441847596,0.180144596884289,0.3273916118817839,0.15018835784902856,245.369859170612,0.20541719723712237,-0.3550218224191771,banded_iron_formation,0,T0305,2026-01-15
S000463,21.368228290035553,80.29092964432806,0.09801582514978067,0.09001909307882569,0.07256831150072368,0.2699765813300597,0.23274914520269938,0.18148244580882106,0.4926787896149488,0.12122513689792272,281.7673220478571,5.293980592573835,0.7162684731853622,granite_gneiss,0,T0715,2026-01-15
S000854,21.30052123771606,79.75590847256561,0.0628822015521546,0.07690023328619036,0.12642585061095063,0.2597819109975738,0.22875690483728253,0.18033160127313416,0.3138595261541743,0.16292565453416025,193.85976230228567,9.440031336435858,0.5691115300263135,alluvium,0,T0605,2026-01-15
S000144,21.573803964044053,80.09767301034861,0.07315993096543434,0.0798395896573688,0.11068879305367305,0.2547106162816055,0.19869373388194866,0.1796105015151631,0.546918113121932,0.0608529472193057,189.66700179699365,3.060735910006617,-0.26475571621101596,granite_gneiss,0,T1111,2026-01-15
S001414,21.535383736939117,79.70373175308872,0.058103792234480874,0.0784473310652902,0.12721566197302353,0.22030072346487975,0.24083099087540438,0.16156752498618204,0.3335915195840005,0.17822082208089057,256.81780241563706,6.530799016534417,0.14279801866639938,granite_gneiss,0,T1004,2026-01-15
S100347,21.152030012303513,80.12705928750057,0.08172507672450012,0.12067618882797954,0.11048501761374765,0.26578397685482164,0.2641421937550291,0.20308375970342624,0.176595374391054,0.004054037451632381,374.6742826741368,10.310985879807799,0.4852489904318654,banded_iron_formation,1,T0312,2026-01-15
S000026,21.284360528455437,80.07147368119561,0.08358986720815474,0.07472475513751739,0.12514464400393757,0.24763331945065217,0.2787749285342119,0.14561158114359976,0.394715782977986,0.3436526259093271,203.1891696549746,6.181401586484216,-0.36257067942207216,alluvium,0,T0511,2026-01-15
S000664,21.491993968667266,80.16600593830145,0.06553786266760753,0.092905594970185,0.1108264192271292,0.17496922946368337,0.19133356958615022,0.1469705896628974,0.48289710748578474,0.1258837932910117,292.7270315841982,4.141958093399463,-0.6511857765328004,banded_iron_formation,0,T0913,2026-01-15
S000534,21.251118466221993,79.86504878368416,0.056196406545004476,0.0753358382629312,0.08744799647811598,0.2745785032981776,0.16216763986856153,0.1697088223796781,0.31105674265932987,0.05949908396924755,266.09554680126223,6.673747711636525,-0.2069058962862474,banded_iron_formation,0,T0507,2026-01-15
S000468,21.341903932939207,79.98467911626526,0.08317144819624128,0.09723640520254208,0.09469335766866976,0.29421330175383964,0.26258903467537825,0.1610669481987773,0.28070508694944063,0.08698250154689431,292.3048047726481,10.482234085618794,0.494037607259697,gondite,0,T0609,2026-01-15
S001532,21.472826420218986,79.50192651505357,0.10010351112734278,0.10902173278760638,0.11601163775220143,0.21609735335055608,0.17255020626306347,0.14069516314330416,0.37564917817480137,0.052804757236124,339.0192157126535,4.169730540643253,0.20027190807847414,granite_gneiss,0,T0900,2026-01-15
S000115,21.175964096045067,80.02174288423309,0.1153669478318056,0.12736798684100809,0.08818012817144483,0.20453734033168694,0.24698534817325735,0.1843934096645335,0.3500379989093218,0.16481891316288683,182.5055609980859,3.5684875550231663,0.5555452721931806,laterite,0,T0310,2026-01-15
S001110,21.252448676892897,80.01857546792114,0.07386851554598825,0.07932884512198685,0.11502623978039983,0.24185817642104374,0.20590688586653605,0.18020077018777308,0.2710963876342052,0.15471871886606806,237.6001432571867,12.193245691722073,-0.051250517849316495,alluvium,0,T0510,2026-01-15
S001087,21.35921268630279,79.88675776941902,0.12269728166050078,0.0959195589179517,0.10487624998133249,0.10878363596413831,0.23212919202245952,0.11388411113489758,0.33370257755176336,0.17889995625982894,212.4780764938553,5.072602111781861,-0.4641912852656688,laterite,0,T0707,2026-01-15
S001221,21.436230388901166,80.25771317345297,0.05279501958186955,0.08138943422603026,0.11379173313059654,0.2660739100124008,0.17448403490717118,0.17504613374656122,0.2906159105892914,0.1176684513004155,265.91966857108827,3.1273530590945233,-0.10009335886908849,laterite,0,T0815,2026-01-15
S000292,21.088652067043263,79.96721756066094,0.0601635028593339,0.09918797129555082,0.08937574456460382,0.28912658925046836,0.1504022356241775,0.12351427668419304,0.19757569843481543,0.17044834823123048,312.87664200347785,4.737210445438224,0.22404067348752837,banded_iron_formation,0,T0109,2026-01-15
S100172,21.15357905434056,79.81027335613092,0.10114378540482732,0.09441558161576633,0.15088898956237345,0.2827084642505165,0.2892882170529927,0.21558135059396327,0.04001729776387139,0.12201466438218567,250.28393561719474,5.9999930550059535,-0.4752681035928711,gondite,1,T0306,2026-01-15
S000789,21.35675173158169,80.23562565182823,0.09512320395079152,0.09554293437850085,0.10499051801261719,0.28497635645407426,0.22546412303091515,0.1572283570059728,0.36772951582794494,0.14987787398058589,261.84050793941174,2.518116846742955,0.4009462600547368,banded_iron_formation,0,T0714,2026-01-15
S100038,21.136145609430532,79.86683846543885,0.10281625578722761,0.10516492373994454,0.14916341614958217,0.2317953066384533,0.3046587366020569,0.20135816519358646,0.22495331869439675,0.1507093837651462,295.4210642979199,11.533686164109398,-0.9002393458670903,gondite,1,T0207,2026-01-15
S000353,21.59931794423501,80.02148403772964,0.08966163104164372,0.11462481034650147,0.08640225743695135,0.24306051608804455,0.14367754450332088,0.1972496025115198,0.3122807182798594,0.1647258565990981,292.37236760848543,7.4285698665107365,0.225078659475423,banded_iron_formation,0,T1110,2026-01-15
S100090,21.0913872616279,79.53388044126413,0.02520933755421042,0.11240744787862716,0.12695868954365422,0.2454783851651446,0.2118922943545854,0.21988932923054824,0.3230755399454602,-0.02727920447601631,278.4839782295234,9.055592837330044,0.19063569504048775,gondite,1,T0100,2026-01-15
S001576,21.587538128552985,80.03747118550058,0.06340916091891202,0.10425702027894793,0.09578533648434127,0.24613095421707815,0.19266334270206378,0.11315401304489503,0.31557722225480445,0.05453653345190221,289.3860801012098,9.059317982372054,-0.3306205592791119,alluvium,0,T1110,2026-01-15
S000845,21.028082965089283,80.09378645681954,0.10494689754238007,0.09913047248800994,0.0779083598883766,0.26109686452775555,0.14379150144677055,0.2142851744218226,0.3902151307245822,0.15424753679259473,367.077202268221,11.618096150583309,0.21432560784163762,laterite,0,T0011,2026-01-15
S000515,21.47818283514928,79.56869663839228,0.07812309489201606,0.07431024828026109,0.09194588209186408,0.23604716848890886,0.25054578631730856,0.14335477412924186,0.2895976369964132,0.1513825296141553,373.9432338317132,10.764348921517318,0.18798330391256557,granite_gneiss,0,T0901,2026-01-15
S000991,21.0790872422513,79.52238924736712,0.0862927418114624,0.1148212657209002,0.08716943114528067,0.28764150945299494,0.18468878235343641,0.15880502259712434,0.3120957458073845,0.05682320866725725,280.99478111244747,2.908923207688722,0.1436066655647732,alluvium,0,T0100,2026-01-15
S001529,21.22615028907333,79.83204864129291,0.09457673844233595,0.11411018962567078,0.12976341511558326,0.26984112390467113,0.21271628473011478,0.20446692887973658,0.2402278361504016,0.2582653028322094,226.9228325409196,1.804895125747914,-0.4158771000410561,banded_iron_formation,0,T0406,2026-01-15
S000733,21.151470755217954,79.51924038053862,0.08200549091605104,0.0761213247967725,0.06335794124240277,0.19987555757622727,0.17424534970572286,0.18981700203384416,0.43241483188812013,0.17096258666977987,228.53423373229495,2.282110285543725,-0.045761533428604964,banded_iron_formation,0,T0300,2026-01-15
S000795,21.005600743932014,79.73452336640536,0.06774729173784347,0.12097870325170217,0.11693374597152986,0.21562243605505066,0.2187616936771323,0.17591087930730076,0.3840472200294614,0.10622579450599348,332.203729289588,5.9021724750820805,0.30148451898280354,alluvium,0,T0004,2026-01-15
S001421,21.335705626483776,79.83058640634046,0.07296187070396815,0.10613776441386118,0.10712692532303073,0.29391225465391707,0.20580434683697646,0.18880288883824986,0.3208668503732474,0.06959321438664888,236.44834888865472,11.558250260922472,-1.0058361197714347,laterite,0,T0606,2026-01-15
S001598,21.254375022601902,79.94292539383845,0.10734637675500469,0.14093977764579335,0.11427635318923286,0.3036799706775756,0.0995650239097895,0.1888645656863118,0.3781689653372133,0.15368520748883974,267.504470013533,7.08245893639824,-0.08337076976167183,laterite,0,T0508,2026-01-15
S000139,21.029843259312642,80.1536822802662,0.09562737418984742,0.10012383952885334,0.08495844260588759,0.2366042351163227,0.23232926838767706,0.17526428098150448,0.41363914065636287,0.18674819596799316,330.90406337222777,0.0,0.13829630090372258,laterite,0,T0013,2026-01-15
S100338,21.05069593129411,80.02275136720759,0.09129834562545824,0.10809090386172314,0.11537880640201019,0.28471102082104727,0.3338450098362242,0.27701620766302326,0.2068279177964839,-0.0418262216044048,366.3124575421897,4.24447938560958,-0.5156010342197925,banded_iron_formation,1,T0110,2026-01-15
S000828,21.258135915807603,79.99295877836991,0.09687904598342342,0.06391247779327472,0.10865358419827156,0.23121450542738683,0.2573823796431828,0.1630770154196609,0.4503215388266229,0.17348322915360065,363.09343003615624,0.0,-0.2041234542446831,gondite,0,T0509,2026-01-15
S100028,21.092573695240528,79.59478286177364,0.04209908300104238,0.11739522374329914,0.12896284289253412,0.23369076913582268,0.3098378923758468,0.22454550915243934,0.09257645922227778,-0.06448242739205007,301.9541249091959,4.697710855427938,0.4024402829311895,laterite,1,T0101,2026-01-15
S000857,21.201926205532455,79.61044938316152,0.08195164481856938,0.08645716361739661,0.1509415828873598,0.2980198675057357,0.18039140042336782,0.1604009673147049,0.2951337855354609,0.23556633838662897,350.93441020461955,0.0,0.12051524947527957,alluvium,0,T0402,2026-01-15
S001039,21.39142808036632,80.04887285693515,0.0984029309226217,0.08968611725982695,0.08596791048093112,0.2877243641324606,0.21404079482002572,0.18275177573390464,0.3440901785967123,0.1846691799709847,246.87966083115896,3.623945435506783,-0.7088045161092492,banded_iron_formation,0,T0710,2026-01-15
S001460,21.00209698866561,80.05847736667953,0.08217114303849868,0.10342159724203528,0.1192032021784927,0.254956607227443,0.2828384474221595,0.1486088466275564,0.3049161873972267,0.1091366582345423,291.88234961444397,0.0,-0.5270473986938682,gondite,0,T0011,2026-01-15
S000585,21.33029434786497,79.62611725192971,0.06026340861233565,0.0799224729574502,0.10213076720060422,0.2566902925400388,0.19997252983130023,0.11915260618869922,0.35550429005560513,0.0076531394722430535,286.0124822389643,0.0,0.3081552331256773,banded_iron_formation,0,T0602,2026-01-15
S100169,21.571739637041848,79.74876920793662,0.09974494705966819,0.09983440232140826,0.12141989430849896,0.2720781958522239,0.3235940098526109,0.2252445798106242,0.007863333206463846,-0.05175194959521416,238.99405291241476,13.65977778075251,-0.010353182053116888,banded_iron_formation,1,T1104,2026-01-15
S001044,21.58858856460949,79.60635448261924,0.10363996103851077,0.10385319300488488,0.0678964053035288,0.29445680834861515,0.2261352238762421,0.16745676407142784,0.4021013044008547,0.12495366469184417,324.33936682219843,4.305432539309191,-0.9523089484407756,alluvium,0,T1102,2026-01-15
S000837,21.186240995418043,79.95909076173186,0.09675489808092289,0.09839636057834247,0.07841617783415454,0.28945453966879053,0.22198896995429215,0.21031162582319538,0.16432250133837858,0.10407655667197196,309.6464094236346,7.426636471837146,-0.020352175468421305,banded_iron_formation,0,T0309,2026-01-15
S000893,21.569263443123127,79.94082778197473,0.06455341790753016,0.11164111649690528,0.09811833960857146,0.38309889145719783,0.29562310111137846,0.08677842670440475,0.17911891604485222,0.16111055753937417,265.42452510320715,5.914153333645654,0.4217107691301194,gondite,0,T1108,2026-01-15
S001253,21.277692680734344,80.00046637963075,0.07957195133804205,0.11270089930863768,0.09073372930698737,0.2815340894813497,0.21807410560019183,0.14811036640279587,0.3086339850728516,0.2947433754559734,213.47643194246265,0.724915607657918,0.052305448557917626,laterite,0,T0510,2026-01-15
S000552,21.452658716536188,79.86686705910105,0.07806841074178292,0.08951656603352573,0.11315719983512194,0.33056967172464685,0.2007044106153339,0.19605128287872967,0.4845810598981345,0.09695536028795265,232.3578887994958,3.622098989270217,0.9848256058067362,gondite,0,T0907,2026-01-15
S000131,21.253743560614833,79.51107811677917,0.0624357385569623,0.09345117566498733,0.10693360168871073,0.2482434562864318,0.20689995732695246,0.17753442461409707,0.37266659034855365,0.2055079619484875,358.2755504475984,2.7646333791545605,0.7818343371807777,alluvium,0,T0500,2026-01-15
S000593,21.06019759070703,80.024721695731,0.08384747249473999,0.13567918357743147,0.07600130741725737,0.2574263169196948,0.21143678237186148,0.18670646050203032,0.4547747029333355,0.1373883066449461,294.93658085563953,9.607613757057223,0.16236651791103376,granite_gneiss,0,T0110,2026-01-15
S000737,21.4406602981073,79.85503245878347,0.06881218148989152,0.1391395462649691,0.08166321805882243,0.2492544746592531,0.1814164250422194,0.14951404724233686,0.27384604672049406,0.2413671173387048,231.39306420748963,12.069180952621423,-0.06508373009836714,granite_gneiss,0,T0807,2026-01-15
S000672,21.395754214122732,79.6789942348558,0.06049059866596885,0.08628960219673763,0.11814423469167983,0.2665116394021273,0.17876384387204275,0.1638650469489046,0.4882772311043949,0.15580233929937315,312.5515954308904,1.8584158562392084,-0.2722304450071189,gondite,0,T0703,2026-01-15
S000227,21.390566354053075,79.91490614027735,0.08958455939591156,0.07187039515990201,0.11131022243308945,0.25607089240992115,0.19429254302670257,0.11920461046708591,0.4502123924445617,0.16446263894059504,261.28921918994206,0.09581560845758474,0.2895976179688951,granite_gneiss,0,T0708,2026-01-15
S000390,21.105625991935952,80.18464672162706,0.12137543710240131,0.11639532734374196,0.08774208457659712,0.25387982749789434,0.23802450098166894,0.1643959391943018,0.15691101371935437,0.2516111160292192,216.58858005500502,10.59188096633616,0.3686709677964709,laterite,0,T0213,2026-01-15
S000297,21.003654167805077,79.5494631685584,0.07780520805031933,0.09844964444471037,0.09394568995314205,0.3272595541186654,0.23342021409212993,0.15697056996571418,0.5343230147101082,0.14950203740876356,270.87729516634914,0.0,-0.5874350682870139,laterite,0,T0000,2026-01-15
S100234,21.55981393296013,79.50585156503442,0.10096059155234505,0.13850025603471705,0.11900189217826575,0.2682404872843651,0.23044738149916272,0.18703226303228374,0.20255766975164624,0.03573526972128166,452.84915694751464,15.28534326432947,-0.5430172765170738,granite_gneiss,1,T1100,2026-01-15
S000372,21.014116865893968,80.06910096300199,0.06678348181821378,0.08411708674825061,0.09206265810545966,0.24933587992279665,0.25019824122425244,0.13718732810461612,0.3110018625023472,0.06494372387748763,322.2136289571173,0.0,1.2411351272412061,alluvium,0,T0011,2026-01-15
S001628,21.26300195774255,79.54869006656456,0.09310133723549237,0.10706746046838415,0.08671461344808848,0.28941743497176453,0.22301598956752522,0.12723034080779289,0.1666158900299853,0.13116016855333879,331.8188800758763,8.451746423940525,0.7897970844337617,alluvium,0,T0500,2026-01-15
S001272,21.334120240763966,79.56680073234074,0.09204368237740843,0.06619434175992428,0.0877443046224793,0.23119604789420137,0.20762015024550676,0.1923092314727502,0.4645291721819672,0.2808183221205741,195.24997596308208,0.0,-0.5121067276052755,laterite,0,T0601,2026-01-15
S000796,21.44811457388182,79.59625005407707,0.09733456805601425,0.0711331911454389,0.10082669903604606,0.2202805085516403,0.22801662376392923,0.19269163630181785,0.3411986567395364,0.09640354122558856,335.8899492865445,4.267251930816636,-0.1361213978541252,laterite,0,T0801,2026-01-15
S001109,21.045053628379915,79.59896158556535,0.12327967131488743,0.11004056255478147,0.0914155233088777,0.23650232558365894,0.22169723978332556,0.18824339329140735,0.32370378998912197,0.22632049285700762,262.684320298837,8.081269828618309,0.33932047344085786,alluvium,0,T0001,2026-01-15
S001064,21.50387257431371,80.27372531521293,0.08921102189268623,0.08893170944712726,0.12336521668452308,0.1844380395226679,0.2556157971900172,0.2228175308666368,0.47648389470974994,0.18793889225039168,273.54982928014795,1.0981081149299667,-0.22539665719326335,granite_gneiss,0,T1015,2026-01-15
S001267,21.080009523108295,79.75546309310971,0.06637845734641012,0.06440315319038606,0.10525059034296196,0.23806765587331805,0.2240521374512086,0.17999578721594767,0.3872322261849269,0.018695111874599102,346.8983221363927,0.0,0.14048860341521408,laterite,0,T0105,2026-01-15
S000574,21.49420469389474,79.93745349461742,0.05971668070040634,0.08294041424015694,0.08682893944637451,0.24430172496248323,0.2043173389130354,0.2339834143765353,0.3562424580416067,0.3476182187887002,164.5134187641463,0.3152857750810698,0.2260038985584413,laterite,0,T0908,2026-01-15
S000849,21.132613316366502,80.14714599007264,0.07978990844752168,0.08764459744939654,0.10760446271035015,0.24614629555236245,0.24960017822053782,0.17412191613239358,0.42647988845120977,0.11986361181679792,211.0514927479345,3.7129545604400045,0.5193023047635503,banded_iron_formation,0,T0212,2026-01-15
S000705,21.17902439439908,80.15117676425508,0.09503903141408654,0.10922361331109517,0.1204249947174838,0.24396982508498977,0.21362852278599342,0.1530571187996296,0.2554574737878068,0.07101034222182681,466.03883180997667,4.181276006488722,0.5101943656409892,laterite,0,T0313,2026-01-15
S100108,21.0578345772921,79.61875119193604,0.029678096084544678,0.10276446850948606,0.08134821958118779,0.2737980983270721,0.2630733950388723,0.17711505284909596,0.1750813578573693,-0.08982266850229019,248.33807115653246,15.331317787093335,0.3564987126725496,granite_gneiss,1,T0102,2026-01-15
S001182,21.20963785504944,79.72957114928987,0.0720597797540837,0.11685859849544156,0.12866247883079457,0.2963578901771977,0.25297249153308005,0.20013035983032254,0.3922085211911406,0.11967405596558198,311.6153811122502,0.0,0.059359877766524044,granite_gneiss,0,T0404,2026-01-15
S000208,21.214686019449214,79.94897401822622,0.08017507896629998,0.13103354521909838,0.1555223931507227,0.263684740934341,0.2969906112687375,0.14568973574486724,0.38343672840342113,0.09887339112881163,235.6357647979292,0.8867935491730803,0.32045108510625225,gondite,0,T0408,2026-01-15
S000807,21.149601437514267,79.787422676797,0.11731156062071961,0.09094911115553202,0.09333109273971682,0.319626767333393,0.2139533052406948,0.1237275489707185,0.30355314685611867,0.18736433917009548,358.6221339743835,1.9722965984143408,-0.4737040811194629,gondite,0,T0205,2026-01-15
S000814,21.415644900160128,79.70683037343272,0.03615562861158277,0.10842497528089654,0.07895156427649852,0.21692515326426168,0.2134358411530855,0.08861635106746288,0.3378019800526731,0.08666399413828917,250.11521035010108,9.862350402076821,0.1881284501411692,alluvium,0,T0804,2026-01-15
S000530,21.54712294960021,80.0496436666029,0.07577291899187288,0.1031907268064215,0.10993743154784849,0.34830674675321843,0.26843271583898815,0.1365156618168863,0.2377608011876231,0.15703214895830264,334.1973091268368,5.096889823411849,-0.09865927485540475,banded_iron_formation,0,T1010,2026-01-15
S000587,21.41162850278853,79.96032250666939,0.10753519404601634,0.10312040937660683,0.11151247216807958,0.2371903736499557,0.14663382186532775,0.07824861876233846,0.22436807429114514,0.11055484045986058,351.9842431385638,3.505563820432036,-0.4143204624510077,laterite,0,T0809,2026-01-15
S000688,21.31417630172681,80.2646553648139,0.10291899002787006,0.07465202180080553,0.092828966932317,0.2574681851925539,0.2796797332299444,0.15383828669987523,0.3297328738198268,0.15841286899318321,232.37227209477274,1.0276360027649836,0.8204621005267259,banded_iron_formation,0,T0615,2026-01-15
S000992,21.51789091809651,79.77829346047524,0.06561533370905823,0.058272666450240644,0.09426162551634519,0.22067776618299148,0.27875007595788115,0.1205907494782544,0.2488443724568588,0.0602893643759216,262.08596726073574,0.24441818568591334,0.27427055567661984,granite_gneiss,0,T1005,2026-01-15
S001417,21.310795063532456,79.52715162583138,0.11601011966884843,0.1297879758285774,0.1375207505164926,0.20319394322225579,0.196866616737568,0.13266526132405224,0.28272635465118157,0.1503268226903234,276.2801314378576,0.781556195344927,0.1768119156955136,laterite,0,T0600,2026-01-15
S001086,21.22919313539915,79.96499167572438,0.06519353821776305,0.12218471600081557,0.12358505468256102,0.2519976922602959,0.1456864449639269,0.1447031077829901,0.28806936465204924,0.14774613080181748,311.1106991288012,0.0,0.622353832916367,alluvium,0,T0409,2026-01-15
S000524,21.530028709254914,79.79470715004705,0.05476965648782156,0.127404303870423,0.10759593390271212,0.25108789417105254,0.17642634329295095,0.13977929281086998,0.38281878755372956,0.20276465731144977,249.9217402989827,9.881150098337264,-0.04657539795185552,granite_gneiss,0,T1005,2026-01-15
S001312,21.512598618986758,80.2827638643828,0.10195043011289812,0.06956269650972692,0.08991110352456128,0.26070716814561834,0.19421936514011945,0.15191793147632696,0.381382426366328,0.17320024728255845,270.99057775052114,2.8586443405268347,0.3709664632451231,granite_gneiss,0,T1015,2026-01-15
S000490,21.264271407129762,79.85864229580685,0.08427560863746364,0.07914127321404132,0.11705628263309725,0.3039556371861626,0.23533152708074548,0.18581206152054153,0.30221239888560136,0.1431998083497752,294.62295182246874,0.0,0.2219463035056614,banded_iron_formation,0,T0507,2026-01-15
S000374,21.102722965346057,79.83761540979191,0.06848753069701585,0.11081024787748572,0.10563727676919879,0.20079393111284297,0.22370079895289932,0.12883032588193288,0.2539380107261546,0.11471042308738874,287.8035732831902,8.432108976596396,0.6143540319871172,laterite,0,T0206,2026-01-15
S000357,21.219693820681453,80.19475323643097,0.07282195456758084,0.11506060319849323,0.11789747957272226,0.2891755187474665,0.19897568515006514,0.1635955095470547,0.34461031622157207,0.32868963379051075,409.91024989038283,8.676672733232676,0.49639616272719206,granite_gneiss,0,T0413,2026-01-15
S000094,21.061422198009073,79.67394274348993,0.11280953108817703,0.1332642022577723,0.13556123217379046,0.24827895932157704,0.220265928060706,0.17467615858067967,0.4486523941053069,0.20152108102003063,320.07735431769487,2.873076814845331,0.28696530768321404,gondite,0,T0103,2026-01-15
S100264,21.55258228349247,80.28233358325907,0.06374051950719639,0.11872800834029296,0.0974955297924033,0.33486699940263764,0.2672370134399982,0.21715466179214493,0.19219812702451847,0.0010923694810619153,291.3150165347705,8.820019169427974,0.3748827768290616,gondite,1,T1115,2026-01-15
S100075,21.168830335213197,79.66142568857525,0.06556010920526577,0.13487243734583132,0.0888832117667013,0.260128180411814,0.31409849988754857,0.13763158405067866,0.256025382243505,0.08149848389425837,284.76075423417325,6.84185927231544,0.17947822032573557,gondite,1,T0303,2026-01-15
S001297,21.469714629987255,80.10474993356112,0.04703446502259856,0.10666145414201048,0.1043856998593435,0.2303186077276776,0.2473646506156147,0.16303028705124226,0.4204128307254033,0.10933844794369843,259.69951059691743,9.283905587280827,0.037601532475209545,banded_iron_formation,0,T0912,2026-01-15
S000084,21.27071306732012,80.29647802139571,0.09573297339971296,0.10708167764056806,0.10777692309967152,0.287070596390317,0.2933395913255295,0.140907206602598,0.346696214772755,0.07341278700050095,301.65692286092076,10.031893754871799,0.06754570714548873,banded_iron_formation,0,T0515,2026-01-15
S000035,21.563715023987807,80.03119505873286,0.04113758594407236,0.09644246810647257,0.11038272117823904,0.3371139141069044,0.14904202562327973,0.16772995299714308,0.2681350975387286,0.21983683795186176,216.4635435355193,1.8905457544251165,-0.45857443891571453,laterite,0,T1110,2026-01-15
S100176,21.261058236001823,79.9200706423738,0.11002471727654421,0.10649769437649169,0.10484776550915505,0.256837534845132,0.29786500622285955,0.19983052401038756,0.3232451009856939,0.039288188665565084,325.6896115838225,5.439917000945588,-0.35004201482294445,gondite,1,T0508,2026-01-15
S000682,21.037531071766377,79.87814933314847,0.07237226015620517,0.12704800102763505,0.10960934194006491,0.232357765361873,0.1934677801155382,0.175399914566448,0.31007765959913136,0.09466397054315989,419.842641367016,7.157010321032329,0.18071890168241123,laterite,0,T0007,2026-01-15
S001375,21.196193468580173,79.70743360748492,0.09186551421454955,0.10475032106053732,0.11066643905831859,0.311936369318395,0.19648020480480474,0.17953541040742324,0.28822735288728757,0.26523471403208615,290.28935040577164,14.022975276533229,-0.16220718771352416,laterite,0,T0304,2026-01-15
S001041,21.276122701783006,79.77154019916267,0.09253288707112883,0.09764804116579386,0.11313342916292655,0.22859115184662693,0.18405439790432038,0.14527353802452111,0.2459818923893312,0.10873360698141193,298.98854285165237,1.553851949457787,0.11039754977398791,laterite,0,T0505,2026-01-15
S001020,21.463980004805638,80.05451042772354,0.08816856625318109,0.10418553635075087,0.11242206017936224,0.24352411322974338,0.29826988708452223,0.20695779116028667,0.3158588542137171,0.20423325147765947,244.978439350648,11.10529356899102,0.16482752423399835,banded_iron_formation,0,T0911,2026-01-15
S000235,21.04635961815219,80.22125946173246,0.08649265324986173,0.12976233873138673,0.12044256541052549,0.26885178181378355,0.19851696282268433,0.19274707050724263,0.2895997581840156,0.2815895017461707,259.86399220072536,3.200067953483277,0.4631029315453352,alluvium,0,T0014,2026-01-15
S100061,21.28265772368588,79.52893016839576,0.1028517844558023,0.0450112922792289,0.12092619929588279,0.20504112950282263,0.2642497464682211,0.2326655998431232,0.11153488230987568,-0.040047533455858805,371.6317824776867,8.512779103786665,-0.15594565612769995,granite_gneiss,1,T0500,2026-01-15
S000936,21.092708824893688,79.94203670956026,0.059048760987040386,0.12097703579449123,0.08881521975161547,0.29525603703901554,0.218621674688089,0.161660454578393,0.4019398240902582,0.10061390995770761,291.1137598561849,7.79983540694204,0.20093113285865102,granite_gneiss,0,T0108,2026-01-15
S000512,21.02886511681,79.98972689388962,0.12865912569359855,0.13623314373071904,0.08132621389253616,0.24395666890646617,0.23124047612880483,0.13915482402777823,0.25516226930818525,0.17354094498063416,268.7775536030692,0.0,-0.08667974355356801,alluvium,0,T0009,2026-01-15
S001129,21.551866449217364,80.02470564149031,0.0707939123087494,0.06835568472948246,0.09049271719575812,0.23866505832417267,0.27299099289775486,0.16505680756066232,0.3313539872704779,0.23415216820016277,129.27052563211737,9.902286090860546,0.7234315338404319,laterite,0,T1110,2026-01-15
S001518,21.37693860466628,79.58456610321608,0.09209041261201664,0.11545773320577032,0.1000604589099794,0.2795531231750635,0.22774841093608067,0.15249296108024082,0.22149824808435326,0.06759134077100057,340.9393637528764,2.731039556766609,0.6865885419645926,gondite,0,T0701,2026-01-15
S100278,21.525002965340768,80.1189765462013,0.09092223661784894,0.126200793857339,0.15700926467687507,0.33480323084203156,0.2909012948957065,0.18054836172887262,0.09496925237281204,0.1359894568596106,274.19364096136036,6.209771173614768,0.4445636587635037,alluvium,1,T1012,2026-01-15
S100036,21.077952903201282,80.16031960895705,0.09787597491870914,0.08294613770730361,0.16835611072232892,0.30361017603807317,0.304005716498403,0.22302704605441204,0.20790018826028994,0.0752414174359789,346.5472762981827,5.224185901111991,0.891146896352356,gondite,1,T0113,2026-01-15
S001615,21.21727351850847,79.95308270270505,0.07599613112960307,0.07158988640453266,0.08795468553016984,0.2644492847640858,0.18416130870956873,0.15263458329522173,0.3088887896847232,0.06989175246995925,224.66896511739486,6.036528375323178,-0.3757755642565389,banded_iron_formation,0,T0409,2026-01-15
S000302,21.55670293084993,79.84161233386965,0.10609929132325455,0.10989459528944662,0.0883105253323867,0.27865494344611147,0.24790710022547327,0.15940754506059962,0.2928021336024364,0.14375353344737446,216.05208495775665,0.2555344730846576,-0.4494332122314643,gondite,0,T1106,2026-01-15
S001593,21.2696742963084,79.62854591422237,0.09505444406974237,0.10551894197200014,0.1010447636603415,0.34751786135589496,0.2114421247839107,0.19861548133732107,0.21735586265318427,0.2544893225093182,251.89632019430553,1.6236842104934541,-0.3464024171624082,laterite,0,T0502,2026-01-15
S001084,21.0193973195069,79.93759947312184,0.038870934600467144,0.09748284218305944,0.10880052623278769,0.21008286166970783,0.24484190089261812,0.16702427826043534,0.32924805915980065,0.16268639080658906,272.0252701520153,5.381790746438262,-0.17300934184702096,laterite,0,T0008,2026-01-15
S000617,21.538165675099986,79.55016366992254,0.0682544220340829,0.12065623467353528,0.08866896651545784,0.23937003751904087,0.20718312604262693,0.1721152283435682,0.4335977039157361,0.10204854619523898,200.10541857737917,7.0144948801092575,-0.31735655353060177,laterite,0,T1001,2026-01-15
S001211,21.20216863894297,80.26668225052033,0.0594445965007796,0.10750116009701713,0.12113173440910786,0.2826850997545882,0.21584770928896466,0.15783019179769864,0.41850471815644136,0.1299143095357523,173.66424648954654,3.9119530364794617,0.28516949813221604,gondite,0,T0415,2026-01-15
S000378,21.5249394423339,80.18159648753559,0.10402872101990841,0.1270341821074491,0.10884073876736478,0.2777588602310186,0.18487326364215934,0.14390026809705211,0.5656601426239132,-0.0037644885349324975,253.5419864954019,10.011907579536832,-0.205221695500477,granite_gneiss,0,T1013,2026-01-15
S100191,21.14458234500341,79.62053837905059,0.08278223479523183,0.0819224142083825,0.11602336794042256,0.29507772572849195,0.31030782885106223,0.15955856557199755,0.2221268273060879,0.0724594752427225,374.48377061107914,7.8468581674907245,0.7828897656016272,granite_gneiss,1,T0202,2026-01-15
S000559,21.009114062809203,79.77941553509662,0.06663796480847488,0.06929387395677587,0.10613101935877652,0.1984656725957731,0.24660634722446473,0.15837024995285592,0.2403598347956493,0.1351950177732203,248.26743825124623,4.5551315050693235,0.00406850705390921,banded_iron_formation,0,T0005,2026-01-15
S000096,21.05925891462814,79.56817734062122,0.10342123045323702,0.09309606902280655,0.06000541705308616,0.24830528279422404,0.23870120717175744,0.2304824837584551,0.3304202260957383,0.20123711105184772,334.1188777105549,0.0,0.4208390680513658,banded_iron_formation,0,T0101,2026-01-15
S000315,21.487125666352437,80.17111481544627,0.09119403900607338,0.08743765678147222,0.11225721711482056,0.2718090687408491,0.23798789765590972,0.16265073211823047,0.4486448219858218,0.09504629953392449,276.87476408160995,5.636446226211898,0.7948649223566993,laterite,0,T0913,2026-01-15
S000400,21.183807742306623,80.0743461164349,0.08854926151633734,0.12943705157365026,0.10706392836802472,0.17113952336900187,0.22666255151954406,0.13792375080027383,0.37902478192599154,0.16635384458710195,291.23893138787,0.5272756185214096,0.10427795745247855,gondite,0,T0311,2026-01-15
S001447,21.363836568305413,79.98570895601681,0.06082872749558817,0.09324936205526071,0.07381155357351218,0.19213512549743303,0.23060333802486677,0.1759972041772337,0.3095016537674457,0.12777055956917027,313.4770648835762,0.0,-0.21923348084399252,banded_iron_formation,0,T0709,2026-01-15
S001242,21.332038924570735,80.17206749811851,0.04913827260283425,0.10464342573693192,0.13664006570111464,0.21927307621965628,0.21969876200755203,0.15190386128780253,0.4919748273269964,0.15909517902964995,243.0813415820955,6.330888432927878,-0.7074579944041075,banded_iron_formation,0,T0613,2026-01-15
S000368,21.516257789609092,79.7475279498893,0.06018161784470954,0.10286266475249038,0.11188506865335626,0.19736548494550143,0.24516267180766088,0.10311411226527062,0.3418112212808195,0.13674646161953843,345.40804026854346,12.861115778603134,0.6895301716176655,granite_gneiss,0,T1004,2026-01-15
S000052,21.30252618100732,79.59880500587143,0.08954324252794672,0.09179186113169253,0.10836042156445985,0.24992734554279078,0.23540935566560767,0.1828186162975557,0.359389260087705,0.14728714929843748,344.6292046259349,8.882353867398809,-0.4137299277817105,granite_gneiss,0,T0601,2026-01-15
S000738,21.403815758227097,79.92602410334794,0.08543486282701807,0.11475780702433312,0.1095625693138496,0.23701240603117335,0.25407654420318765,0.19916464910897488,0.3936218532389772,0.17954970123127692,267.16715813307513,6.603343507434691,0.774826359859479,gondite,0,T0808,2026-01-15
S000465,21.47467987401573,79.67765126882041,0.03580755372324736,0.07077148730630581,0.12256892613451933,0.2128466530293993,0.20211982716335913,0.18305596264573445,0.11632037482424529,0.09511548937655184,161.80068736614308,7.505760344246273,0.9508505221995951,alluvium,0,T0903,2026-01-15
S001279,21.43454554543614,79.66745144273655,0.033729560188804485,0.09341033545894525,0.10982326170418903,0.2733620073750338,0.27217038802295884,0.16906525390669042,0.34480152152076166,0.045672953667115795,299.50964518249,7.563110468432008,0.09675676151559141,gondite,0,T0803,2026-01-15
S000256,21.470048091500388,79.76981837783141,0.11620707763235119,0.12141644430167522,0.09913602503203145,0.22629022715147967,0.17363889786956846,0.17387477963715972,0.5386159384021095,0.12430754258486143,151.10747917974183,4.545027051568739,-0.16453738459825912,alluvium,0,T0905,2026-01-15
S100114,21.10606366976354,79.722460436625,0.11901886965373384,0.11547782361819732,0.12159345478535129,0.2430495044255136,0.2493361492107663,0.20361026924462,0.10658526638723442,-0.08541715149991826,222.434930682409,7.7801071251476,0.5191449644919095,banded_iron_formation,1,T0204,2026-01-15
S000057,21.404334692644582,79.5267219704507,0.07597272728890735,0.06049530647131633,0.08578878474620051,0.2583562704521662,0.28560731718264226,0.1579360138158469,0.2869789567873381,0.1715506084311686,268.93157289563703,4.070944967844544,-0.6264700585520164,granite_gneiss,0,T0800,2026-01-15
S001550,21.261413792428723,80.23499553694572,0.07851101005213605,0.09307006772548695,0.10328013121096362,0.2531792470719347,0.18590510247942113,0.21143821876964874,0.3577558864738982,0.11056679661130389,386.3513758721282,0.9146497921834396,-0.07750835145575385,granite_gneiss,0,T0514,2026-01-15
S000609,21.57137807865938,79.6167145758233,0.11111984894420851,0.06491859496486574,0.10586577722568705,0.2297712142637208,0.19231386414452553,0.12469732714847588,0.2612281924792963,0.23320820561265593,359.8560254998887,0.0,-0.10176181512857209,granite_gneiss,0,T1102,2026-01-15
S000244,21.087202626736286,79.55888951505311,0.07618911652131834,0.10315250651947297,0.11659139223709786,0.2618271937874932,0.1886978046734178,0.15405185881867176,0.25019692315221354,0.14974250821564278,171.50850530040682,1.870932311905321,-0.2255424519146303,laterite,0,T0101,2026-01-15
S001558,21.133614611375574,80.19354706788181,0.08767394198301404,0.11453418342675525,0.09620530204000538,0.21301700857632255,0.233244893897807,0.11781906408507292,0.27526745102064054,0.17103573337775857,231.0588225901978,7.94863023342885,0.24394100982640207,gondite,0,T0213,2026-01-15
S100089,21.300626865062018,79.99304717594202,0.06489561161165959,0.08834012232671866,0.13246582132503942,0.2568382140875002,0.335026221274132,0.2083499829060206,0.20680497796830252,0.025246968087044894,348.5076840408805,5.534335445362244,-0.03660916199191074,alluvium,1,T0609,2026-01-15
S000488,21.376275585187276,79.93016478804299,0.09184465064354247,0.08448685816069296,0.09415505912595526,0.25551487685980767,0.21093028992870028,0.1687022111020091,0.4507181996457681,0.18667753671918313,362.1636698126808,6.43772968759767,0.6529770222021456,laterite,0,T0708,2026-01-15
S001159,21.33643727179546,79.6550171772166,0.059694258749246096,0.121196137569044,0.10382979588736428,0.27440811884224725,0.14611807452184483,0.15396972024629443,0.43241324067883147,0.09439367021023087,231.96622403530975,1.1571714020976982,0.45410871541701986,laterite,0,T0603,2026-01-15
S001557,21.4946905627436,80.25088493298328,0.086136098702083,0.1112192965322405,0.09882009609926264,0.357561624116774,0.20459941794460731,0.21850895916335067,0.29729012176888475,0.1638853585052146,310.79448947608785,3.5043402685831557,0.21570009884000968,alluvium,0,T0915,2026-01-15
S000393,21.342115823219363,79.6323677091161,0.10969250635381489,0.09894709538323379,0.10644519910698419,0.2885849625686011,0.17491106514600024,0.16698153482515032,0.33029015650015753,0.07238755135181779,225.92886096341778,1.470522715511326,-0.4655919754490264,laterite,0,T0602,2026-01-15
S000138,21.22108092198636,79.8821215901658,0.08453117332532757,0.0914872497930037,0.1067607271098135,0.274695510982319,0.276719454769765,0.1833555798021106,0.43343931498617216,0.22258603871756655,303.1279206843257,8.316172260087551,-0.403315556563592,laterite,0,T0407,2026-01-15
S000916,21.4675518675359,79.8613483966446,0.08976708190212954,0.08599143237418905,0.10505145700206488,0.23448908338335886,0.23527552785900777,0.16867304154788945,0.25962239725479586,0.20212209633490127,254.77178751743855,0.6358786473060478,-0.6482397692352365,banded_iron_formation,0,T0907,2026-01-15
S000965,21.069888369559926,79.8505295449594,0.06566928042340923,0.10050098632139856,0.12198242073101756,0.22467773336830507,0.167907184807824,0.16767113524722718,0.3894584139666216,0.1472977132886175,273.5630146195575,5.710706431048803,0.056117340920978635,gondite,0,T0107,2026-01-15
S100011,21.55605899330916,79.71642795272814,0.07877965297943183,0.07366149852734108,0.12679283533426702,0.2979891912137668,0.2895431517130785,0.19397227188210178,0.2319873931189824,0.20604915273891816,239.19184707322606,9.99573564158663,-0.061041943985695894,gondite,1,T1104,2026-01-15
S000036,21.0753919841025,79.89445728665133,0.06339884241003829,0.08320157085017943,0.1008710581085471,0.3204979319178364,0.2438854610708956,0.1479925441856457,0.34866411095309613,0.1851851044127109,278.976650566571,6.947791041987232,-0.34392297251214654,laterite,0,T0107,2026-01-15
S100284,21.342739591045664,79.9975182187002,0.0873941185127826,0.09525480561805197,0.10378222112382822,0.23625857124697205,0.31783713393353813,0.2516982954712482,0.2793623122383593,0.11111396200649204,252.6225770535722,6.8571405089224,0.3849479906373822,banded_iron_formation,1,T0609,2026-01-15
S000706,21.199720050369805,79.7827798974446,0.03450538565818722,0.07987156923396443,0.09549667076766076,0.28456439011651424,0.1739278797932452,0.20341173585051098,0.43368258660410897,0.2039512447217045,174.5138447413172,8.444611587956153,-0.3932318533874075,laterite,0,T0305,2026-01-15
S000831,21.045170259766973,80.06296490813062,0.10282744209468841,0.10791417686537212,0.11649982166695314,0.3390491193189694,0.1950504441409181,0.18229131844067178,0.3729642811978189,0.0020794686782525384,276.3910389531066,0.0,0.20078829376102247,granite_gneiss,0,T0011,2026-01-15
S001384,21.47183413842139,79.91025827296075,0.05604803484490172,0.05921080240279909,0.07150584173850527,0.23893177758590978,0.2637074933224592,0.12579477918674611,0.3023702057228069,0.1502210405916954,260.3239100327363,3.0008949074536977,-0.07894950884828736,banded_iron_formation,0,T0908,2026-01-15
S000330,21.106947601890656,79.88310439914795,0.10380814586331362,0.09329640460835177,0.11783617967906533,0.19403257673375918,0.20435309955269995,0.1623264143138514,0.3146387775624475,0.16579528479978323,332.4845826010854,10.108653349419143,0.569311791423165,laterite,0,T0207,2026-01-15
S001392,21.126362511667857,79.69294664818024,0.07378730791656705,0.11722007913846946,0.09727997128945712,0.26099434015964773,0.2561838507955652,0.1372209518990604,0.3745280407828658,0.13765984282418525,224.23149867624886,8.522206933586123,-0.16277657858201322,gondite,0,T0203,2026-01-15
S001515,21.49095241479232,79.97456605826775,0.08424982433867967,0.08146956330760971,0.0976741059360241,0.2046356835314035,0.18461290077833722,0.15007129750884804,0.3565747481654205,0.1790183849882521,299.9259686883993,0.27139676818240765,0.33005818642317647,laterite,0,T0909,2026-01-15
S000329,21.318239723651104,79.7107914343542,0.0454450401802841,0.09173539367211511,0.12921701675656005,0.2804403405499644,0.25474658053523785,0.20555101054325692,0.3656000053734152,0.1953484271166897,354.60406330249083,1.3698532119203444,-0.21268971579593268,banded_iron_formation,0,T0604,2026-01-15
S000491,21.501379955431997,80.2264332496364,0.06460600199331967,0.08482668541322497,0.10542124609595399,0.2089081908035732,0.20527383665472285,0.17559494928470987,0.3213710002349398,0.15441529714534666,165.69972051077093,1.7236946885475355,0.3697875541044608,laterite,0,T1014,2026-01-15
S100159,21.461188495150594,80.16173873961655,0.07469279783371491,0.10971377918381031,0.11798444168108026,0.29104758672427455,0.3040522822061305,0.2061419443219891,0.16795491036755264,-0.01581548462480019,316.69387405746266,10.834236544848675,0.723529348015551,banded_iron_formation,1,T0913,2026-01-15
S000535,21.00923799297634,80.02775398283289,0.08329901172154637,0.09185782785223283,0.10743574611176167,0.28899557428177824,0.19791258765767844,0.12868728318006345,0.4916454087229585,0.0724947749655319,278.8026613280708,10.644478780654527,-0.11600901055639151,gondite,0,T0010,2026-01-15
S001215,21.543355589545662,80.21694693437723,0.05704370064561115,0.12567641125665774,0.07817539249274574,0.20670630572773244,0.2378431240622159,0.15990958186119206,0.4628562722550925,0.1383546617603687,377.42273173349724,9.365016711719928,-0.13489846930243765,granite_gneiss,0,T1014,2026-01-15
S100257,21.063166847912473,79.77719428905044,0.09562362410447484,0.07369941788924494,0.11872491470018703,0.19331964347588057,0.22588808739740215,0.22077310581084975,0.26914163506856514,0.042813653627155696,327.79579124996445,2.868540486589171,-0.4157613863331882,gondite,1,T0105,2026-01-15
S100335,21.368627844325154,79.92363364422806,0.06025889690926227,0.10354098695019825,0.13284634293000988,0.2616725106970524,0.2557606020264312,0.23759747012000446,0.3180827127928544,0.02279567732532273,335.3995238427357,3.9623477331754664,-0.7703672481320409,banded_iron_formation,1,T0708,2026-01-15
S001519,21.059972831526782,79.63413951017613,0.09956309699669057,0.12156832589728572,0.11271802489689733,0.26173815280251495,0.19352130393111333,0.1935406995559466,0.42119896260534667,0.14741952679160816,214.48932298431055,6.3892661125100725,-0.600030855642897,alluvium,0,T0102,2026-01-15
S000679,21.43614042159251,80.02311028628375,0.11566061985181884,0.11726148799378008,0.06739663581835964,0.33139737777916833,0.20284157249315177,0.18709919333924394,0.25742289575864885,0.1646074967055802,395.0156074900197,1.7263980485131536,-0.011478856724323933,gondite,0,T0810,2026-01-15
S000155,21.18159799342886,80.13280086892931,0.054430592790836264,0.10100398690853185,0.1013213937608061,0.32016804877061616,0.1869157460150928,0.1715237114121309,0.322801431928257,0.19043729402068948,271.98508420155724,1.244365038466814,-1.0178637471642693,banded_iron_formation,0,T0312,2026-01-15
S000988,21.246951493698884,79.839589413986,0.06275175468334376,0.103137060565887,0.13415588881684026,0.2055580949596082,0.20413402893502697,0.14499641670398578,0.3055546242858783,0.1839756324281881,220.7870823273981,7.088895767633506,0.38806548275429464,granite_gneiss,0,T0406,2026-01-15
S000655,21.59660914016822,79.65824356293854,0.0861741756410205,0.13358449185426072,0.13686003253933554,0.21927406922418735,0.22754529230478743,0.24245164884379455,0.34207211265055054,0.2467213844559066,278.98664065811084,5.033987072552888,0.554313598730583,alluvium,0,T1103,2026-01-15
S000408,21.50376695372353,79.78671738744464,0.06784398418789692,0.07880095667445602,0.1116992786093078,0.2784771706951644,0.2519197710122842,0.18644364283551618,0.3505983717143238,0.17742864249513432,341.3792914646401,5.046761626659475,0.13148357138358166,alluvium,0,T1005,2026-01-15
S001386,21.107622235237624,79.95930944544929,0.119976556353078,0.10801990758016726,0.11068993989771034,0.26864589579846765,0.1493356915137591,0.18050224083000346,0.357768832833853,0.13435232309118655,348.25971709620137,0.0,-0.5452168273354532,gondite,0,T0209,2026-01-15
S000401,21.118907418493713,79.65743935027312,0.0789759419758409,0.09113251015219369,0.09784605646760132,0.26781592020158784,0.22143509498141725,0.15536247833678427,0.37444203265686177,0.10197671999884036,259.7544368636678,10.543715777890892,-0.23171072437464996,granite_gneiss,0,T0203,2026-01-15
S000886,21.00608254148442,79.92258485582116,0.05601999930106363,0.11348395521132128,0.10236006744546991,0.2862739260165919,0.27573299443998917,0.16828240389886118,0.49719504719934826,0.24071750653200014,173.6806284250859,6.898146740555919,0.5108932350785079,granite_gneiss,0,T0008,2026-01-15
S000843,21.47952982815071,80.21724987193625,0.05345744380997172,0.10289022182831004,0.10451688218396794,0.24503503075547486,0.23914406946993028,0.13912752583159443,0.39275903638620663,0.09986852957791473,333.5385092637727,0.0,-0.38842605455017587,granite_gneiss,0,T0914,2026-01-15
S001107,21.135391435747028,79.56680135630926,0.06531798199539636,0.11299893822047469,0.08337160699853935,0.252536547293203,0.27946132397023726,0.1004360360225344,0.4086654291680266,0.12019889506156178,233.27177029145253,0.12098898783777035,-0.8015166366202309,granite_gneiss,0,T0201,2026-01-15
S001623,21.41515288536145,79.95274951617897,0.1352964372370839,0.07871187937483375,0.06869490240514903,0.19651358931340068,0.18380741065522527,0.11550191062925547,0.3906090212026441,0.07655175908298495,214.03878961058138,3.530348443591315,0.1704099940787085,granite_gneiss,0,T0809,2026-01-15
S000161,21.33289524022594,80.22970960391986,0.047780963331655775,0.11830271807170634,0.08236794399813935,0.2189894747947116,0.16109264710720456,0.12387332001980664,0.3381435130885721,0.1798646472456546,301.2019951616224,0.0,0.759134553518898,laterite,0,T0614,2026-01-15
S100022,21.582418814636945,80.12424119512751,0.1105862695793459,0.0987450663206265,0.12406413866787809,0.17119939872113696,0.3836667635758195,0.24385729036221276,0.2564018976278016,0.11448055224763547,224.47921986551268,12.746277423427152,0.17939804195312717,granite_gneiss,1,T1112,2026-01-15
S100356,21.458354034003953,79.94973658699006,0.10326991628612947,0.10226741076050447,0.11367750256063025,0.14843168330017345,0.275458297628434,0.21101542327625156,0.1940812179602856,-0.0044324149423786985,322.653020174011,5.475046210255798,0.5480321165285902,banded_iron_formation,1,T0908,2026-01-15
S000917,21.59800022288521,80.18058712119704,0.06030477446657519,0.07831270118202141,0.12411975017814239,0.24565176126168942,0.2038966811718432,0.2704752851794663,0.18211825800746528,0.0516418420552054,334.1240091425487,1.5056760786832792,-1.2409835913331262,granite_gneiss,0,T1113,2026-01-15
S000952,21.0412067913295,80.11528936545406,0.09667439183039767,0.08173607127229571,0.09050020326558746,0.27295220819582483,0.29356636331751096,0.20465254010587547,0.31110686446618324,0.14315214975747312,300.8071081952307,1.0254691520599422,0.2780187206732072,granite_gneiss,0,T0012,2026-01-15
S001322,21.410227627774105,79.87016973487586,0.1000001407567397,0.11581458677178688,0.09432915237154377,0.24797113787493602,0.11426021860603423,0.1942824072478205,0.4831954280938143,0.20053319487098226,347.64318315603964,6.094539460464112,0.20345038584995453,granite_gneiss,0,T0807,2026-01-15
S100340,21.08244475802268,79.69309764930134,0.05264115445236274,0.08701880493917441,0.16892635717820648,0.23089590826667283,0.3155420672511686,0.23258491816929144,0.22753464465858497,-0.004225629938344411,289.27631484085236,5.903656460071801,-0.058133322655182874,alluvium,1,T0103,2026-01-15
S000071,21.206702911006527,80.00893754646829,0.10990032494474744,0.07536105288980965,0.14062563446087056,0.2693304399233187,0.18354512057855898,0.13088243053182824,0.38786719126664176,0.22594891745587714,285.0730129848669,3.3992271532109926,-0.3845867369624879,laterite,0,T0410,2026-01-15
S000113,21.338897017897658,79.58697363174909,0.07421179126003663,0.08593838848119847,0.10810163342209712,0.19171877589553843,0.19249376822853353,0.13774115501404935,0.3216481644644913,0.16320449928558356,354.95526628548936,2.495050266346232,-0.05766694103279574,gondite,0,T0601,2026-01-15
S100217,21.07425228219021,79.96969915242958,0.1294361815211094,0.12128624372494365,0.10109486896253247,0.2614049536536909,0.24769332406460243,0.23998861847539432,0.28366224077953867,0.10332983418297245,321.86283202931327,0.780954769298825,0.41768849695111543,gondite,1,T0109,2026-01-15
S000551,21.346836457912016,80.2766661198857,0.05859829807996076,0.1181295220035335,0.0855032581913504,0.21200107243937877,0.25264004313414135,0.16867831453607873,0.2524182025698837,0.16276084476365899,258.15582444979276,3.0368918289729305,0.0012029425301450355,granite_gneiss,0,T0615,2026-01-15
S000867,21.544767147926557,79.96157958966215,0.073535559820262,0.05633529036092088,0.08616061448203392,0.1999532192776363,0.24382173229673004,0.16977736613301195,0.32018630697708944,0.12460139595565585,328.24578352992694,8.164562553976943,0.10918656637682118,granite_gneiss,0,T1009,2026-01-15
S001236,21.31203076717257,79.72244677524093,0.07858275981674702,0.11167196095062427,0.11061717106831771,0.19410605964554484,0.19376829458250938,0.12847419692993794,0.3717551802708871,0.0926502525729779,273.0703631388799,6.325704715466809,0.4480999196464839,alluvium,0,T0604,2026-01-15
S000651,21.329388764361077,80.20210783744513,0.0814204139667285,0.08472128034586256,0.07981825379340601,0.2813488257251298,0.2055426409744485,0.18556563841332363,0.5582694221446112,0.1522081275023102,391.1175412106992,9.814747467371976,-0.44336281641632175,alluvium,0,T0614,2026-01-15
S001589,21.50350252534958,80.1368936804387,0.07254694293078956,0.0967493391328719,0.08255009240088439,0.23408459117786443,0.24920368216887354,0.1420216662767212,0.340838209072871,0.09441132414778627,294.85077134830584,5.438927871224425,0.37609128257670904,laterite,0,T1012,2026-01-15
S100093,21.22861273565789,79.638502277138,0.07197490121360352,0.09117235375268101,0.10186126029808198,0.23716080638465112,0.281102391517103,0.24439773036158918,0.2128962841829999,0.0998383916093736,343.6026122152458,6.402948321559455,0.6331522785846828,banded_iron_formation,1,T0402,2026-01-15
S000648,21.134066770037904,80.0265549962639,0.07490852353527425,0.0920053201922221,0.1088842205827316,0.2764951787164561,0.2127804084530939,0.08353802808894542,0.3094818308091878,0.14734030778386337,320.28899730178335,5.459900702250375,0.9636549678329568,granite_gneiss,0,T0210,2026-01-15
S000710,21.52439495356413,79.88411397506297,0.07097938372908408,0.11054361621543948,0.08810917285124424,0.3040953239691867,0.18657720045882395,0.1652809472756666,0.26469331424966785,0.11322062376063674,275.44689945965666,4.774282283214641,0.06862448834127613,banded_iron_formation,0,T1007,2026-01-15
S000732,21.332669929197916,80.02940747300957,0.11973206143382477,0.1419973184694975,0.09920714772628832,0.22364930749476777,0.22947736003167085,0.13809166259424435,0.26998366400113794,0.19314354789787072,344.5667360030815,0.16711388806739969,0.5011368618993006,laterite,0,T0610,2026-01-15
S001554,21.396319179831128,79.52923375926365,0.11064987942918031,0.06575214480219044,0.10685702984022812,0.29239259984248345,0.22829391667168308,0.17293575116118623,0.3437615598484458,0.1593918848436849,254.16247898891243,5.932281174906981,-0.45850657552924595,laterite,0,T0700,2026-01-15
S000948,21.486524410746377,79.71895097516686,0.07827530890662784,0.08959958825368312,0.08692406680192513,0.2083534163225605,0.2194895036596481,0.11731684491841012,0.3592436937928085,0.19738343854284732,191.75117122934083,3.830633307169947,-0.914605513856987,granite_gneiss,0,T0904,2026-01-15
S000336,21.063730469025863,79.95752186157345,0.08762096174798993,0.11590446093690196,0.10658901818214496,0.2537629887016738,0.1997418319053773,0.13881588327217842,0.38601960136300384,0.08943615786171386,317.9636861766735,11.966895314800613,0.3611125774616808,banded_iron_formation,0,T0109,2026-01-15
S001467,21.48200972005362,79.98628633027991,0.06280163867776858,0.09269214327833529,0.08585488789528666,0.29403067561757623,0.16874849104187764,0.17572905551535586,0.3295326034280353,0.1040209744503682,235.54937761426893,7.35289170925174,0.2607180248820849,banded_iron_formation,0,T0909,2026-01-15
S000636,21.446787578520922,79.75704436230808,0.1219059235586139,0.0942084969223984,0.05761365171714513,0.2518463792485225,0.1957904957441435,0.14857012025269473,0.4265112213073575,0.03773594913203099,281.79383248405605,4.0338033005772385,0.18477812500016613,laterite,0,T0805,2026-01-15
S100153,21.332421686123432,79.72448914890693,0.09638895145235796,0.07960830983665114,0.12910596876833152,0.23417425783495996,0.24409344476219286,0.20657609085380554,0.3387935029387081,0.10663849176931707,300.9627964848536,6.813848827886488,0.3321461510278178,gondite,1,T0604,2026-01-15
S000739,21.199270510987333,80.08845229756739,0.0883435016452645,0.12791561917374414,0.10089526841867594,0.20028904455520108,0.13908185824368777,0.16820758258938565,0.37204583191700363,0.0922618596269685,389.79544173582667,5.875306515844146,-0.25497440668903393,granite_gneiss,0,T0311,2026-01-15
S001358,21.584408490267258,80.25539318899403,0.07808770301671376,0.11111077404114961,0.057607791946541476,0.34676550094765074,0.16952928060801917,0.1748026909959237,0.3046320821597768,0.20243862203556068,241.22911834538365,0.0,0.5357920958773004,laterite,0,T1115,2026-01-15
S001637,21.406732815312196,80.16743910937015,0.08448462882063469,0.13591302396670307,0.10121442526304862,0.2649120102665067,0.21885730490796781,0.16201925609502957,0.5162412034906408,0.18686946861422254,302.3891484071447,2.6403650434801222,-0.371107690112827,granite_gneiss,0,T0813,2026-01-15
S000429,21.527402330881632,80.26478741547216,0.0794870133787887,0.11195162050862277,0.13618576887103181,0.20946200775053447,0.22028501034127015,0.17315053446337467,0.3405018151279706,0.23061141944265529,278.54461482740686,10.299937414616773,0.03157768402159698,gondite,0,T1015,2026-01-15
S000220,21.434045701897478,79.97819686796367,0.08065768853303491,0.11003994175832557,0.07983994996850965,0.2620879755546841,0.22717416349757016,0.21297209435473913,0.5170171229036123,0.24852488617638296,275.392877471486,2.8199092803329244,0.3217786825004897,laterite,0,T0809,2026-01-15
S000343,21.057975294581365,79.61786768034844,0.1020330013433032,0.0837576242528585,0.13001042217722425,0.27625361055315834,0.13272065254612558,0.22556649908409548,0.45173481573077867,0.2393758032786133,296.12981022972866,4.919994050613147,0.24450397748446395,laterite,0,T0102,2026-01-15
S000852,21.096163488109855,80.08096681873916,0.10749479930139955,0.10546131711951556,0.08811444779927678,0.28659449418652644,0.2351001434540556,0.13599046813897273,0.351834428045409,0.26859392822065586,273.51399468880663,2.7192250435258485,-0.10448789866650696,laterite,0,T0111,2026-01-15
S000935,21.241885951470536,79.92259250153653,0.08867767120100911,0.13061628053191254,0.11534769538057361,0.23994223728228484,0.17701577907634047,0.18521802935425274,0.23008221231613518,0.27560211056697975,212.3508758097994,6.486241686775315,-0.05635980211230722,gondite,0,T0408,2026-01-15
S001305,21.2649736718171,79.92688841525433,0.08742371861234852,0.11773874562799827,0.11605275417660582,0.22152921396181813,0.22732484721420826,0.1553194150357196,0.3096803913309159,0.20045761676796608,222.10170051473997,2.7574924068534568,0.050516661262127074,laterite,0,T0508,2026-01-15
S000900,21.091011370269896,80.1172860800847,0.08485072570007444,0.09102229238968462,0.08072107926259667,0.2504081940842264,0.20807994590211135,0.1428070050538242,0.3774553441403709,0.17149370349319573,219.39138674890455,12.529245958782305,-0.38296128869338286,granite_gneiss,0,T0112,2026-01-15
S000127,21.482420267030495,79.66800387106048,0.09564828312520657,0.11418998246916451,0.10368135641539046,0.22151513487820798,0.2279266935863994,0.14047250161781294,0.3955164485099147,0.0860173335198636,189.6464713810056,4.248359461794717,-0.048304276700744206,alluvium,0,T0903,2026-01-15
S000199,21.087833897331723,79.95187388079833,0.06228360304760812,0.10834508943731962,0.08679424925762592,0.157957361372131,0.20156569336406194,0.1848173328613579,0.3820315520036579,0.12120011779616116,258.13889980674236,1.7362794349650805,0.28480570381235815,laterite,0,T0109,2026-01-15
S000781,21.374117252622245,79.54370975946469,0.10065124338653567,0.09349475341413395,0.1221410182467755,0.3019705376795426,0.18601985711716562,0.1928415166524311,0.2959157757756612,0.11373458387296245,283.4077979573201,0.0,0.11450370052238633,granite_gneiss,0,T0700,2026-01-15
S000759,21.025218384859194,79.68416908702346,0.06334952519618849,0.10865421803697782,0.12447777587300002,0.2762842435904385,0.22658465179582088,0.18261822921794182,0.3201180840981848,0.08074514614215135,302.351079812214,6.2803365551030215,0.10127919785573915,laterite,0,T0003,2026-01-15
S000441,21.09369913412296,79.532421627277,0.06294266707286716,0.1107724292354872,0.08018188984092378,0.2728564686673699,0.23523847428715355,0.13578145675111503,0.3959589551316093,0.09064687359576373,248.95492260883077,8.337676969100597,0.370041926791234,laterite,0,T0100,2026-01-15
S000152,21.106671664548465,79.72423234527749,0.09591072596334435,0.10899174049266616,0.09522352331702066,0.2858220212052237,0.27350277336593287,0.17736511457507162,0.3307433563349819,0.05163099869422473,348.6547754887373,9.18043767505726,0.20280113173113734,banded_iron_formation,0,T0204,2026-01-15
S000273,21.02450135840513,80.24127017934269,0.06411862596403416,0.11549675509584846,0.07718765364009596,0.24313897597312945,0.24981513425165708,0.16286165467391261,0.4604244582184644,0.12791580626569118,326.17566198440295,6.630388221686537,-0.7878984019598925,granite_gneiss,0,T0014,2026-01-15
S001561,21.531585067855612,79.95441630594667,0.07274737912260512,0.11193927069852191,0.10579330624228758,0.3304925179869376,0.23179555058155601,0.1349024556421435,0.321186010843926,0.06258268920227292,268.0557047213521,0.0,-0.11433019158665629,granite_gneiss,0,T1009,2026-01-15
S001427,21.047126978299474,80.23967404265491,0.07580158010272489,0.11771317426277131,0.12481772957300721,0.25703718714321255,0.21559276313218048,0.1999506040461143,0.3259900810563005,0.12878436951337924,409.3172558973728,5.3207968658788865,0.23141302307296213,granite_gneiss,0,T0014,2026-01-15
S001185,21.507569400871727,79.99115669051076,0.08127030353530004,0.11475775979096729,0.09140239355070313,0.24457283863734877,0.2262517627347023,0.15547110558516639,0.331321305770187,0.013130516825065303,194.11966310605382,8.30209706483451,0.9243488632837893,gondite,0,T1009,2026-01-15
S000790,21.47876047030732,79.73931127284169,0.07185132857981782,0.0996735120638283,0.12452044356097737,0.23783264069631765,0.2536960493191853,0.18244268933157742,0.3209219996830941,0.09008612876656606,194.2177727477673,2.84346256699971,-1.2323475902396004,laterite,0,T0904,2026-01-15
S000430,21.181652914947392,79.60453640718292,0.07278767746412301,0.11185106873094772,0.09293350225101747,0.25054868867539754,0.21035872474074072,0.19944875777697796,0.3458929597970563,0.30079387633498555,375.95446954467224,5.09266542523931,0.6698204900854365,granite_gneiss,0,T0302,2026-01-15
S100116,21.455111717901126,79.84232257094507,0.07945133291632553,0.09373692122183439,0.1312308230923929,0.24395326477237803,0.281376528816456,0.3057241922639412,0.19093914819449556,-0.14247732137414032,405.3263809954134,5.77602556467281,0.705658492938356,laterite,1,T0906,2026-01-15
S000380,21.10109563158324,79.77143567095465,0.07033544143740944,0.09268060712535589,0.10305635187917153,0.25221267304098016,0.18129724953190718,0.1838629355251548,0.38598121274942376,0.14295703661344103,301.8270967389973,0.0,0.2313043841525931,granite_gneiss,0,T0205,2026-01-15
S001330,21.283223367631948,79.56196206220328,0.08076816168737037,0.06376656204039002,0.13616896400771877,0.24344579111860334,0.18575764020277397,0.2220897064065518,0.4856617544501952,0.12444857154310374,277.43286558248377,5.5610609891300316,-0.6396596590439225,gondite,0,T0501,2026-01-15
S000721,21.131684057536855,79.51563997731438,0.04517635150997382,0.13191444967181237,0.12550489054164943,0.24767889016978598,0.18772141254242256,0.1755796881393505,0.3607836483316118,0.07631210795184279,347.0026330387234,10.163029844313904,-0.19328085343332485,granite_gneiss,0,T0200,2026-01-15
S000470,21.549156750926443,79.79166099819446,0.10472159816655546,0.06578895007629933,0.12172167683838482,0.23548603121229217,0.19234672301329805,0.13227386996340648,0.31681489429071763,0.16830168585563177,275.3644380800589,11.55098983681909,1.0216684602143895,alluvium,0,T1005,2026-01-15
S100119,21.37638530442147,79.82944871726845,0.08056653490165883,0.11820202989879543,0.09899655760638579,0.21149478099656194,0.29670697287229064,0.25617019435575866,0.14118735741513389,0.020287610315267157,199.5264169517198,10.969187647752147,0.5894772892958242,banded_iron_formation,1,T0706,2026-01-15
S000296,21.471266413400503,79.71867464279192,0.09451664387543408,0.10624400913267074,0.09498915484345838,0.2362345854551896,0.10446754520129825,0.127206080662837,0.39836323193058876,0.07201449833599619,230.3248007390739,5.8182865988013095,0.19359917785182593,banded_iron_formation,0,T0904,2026-01-15
S001547,21.26105174466235,79.74664384539606,0.06314142397304526,0.10974286551651849,0.08496227406804023,0.26971366034256306,0.2590505437832532,0.15185516699303087,0.3007909192859731,0.2054688975548305,385.8544646140699,4.4540790729582085,0.5341714884757167,laterite,0,T0504,2026-01-15
S000275,21.120722698875525,79.6579171285069,0.06714716267066323,0.11210802066133407,0.06452666749515026,0.30548361335827956,0.21645330333343074,0.11120782217543099,0.20946129173097364,0.05485064175157911,363.06777308919027,0.0,0.1927229578055441,granite_gneiss,0,T0203,2026-01-15
S000009,21.300021728962584,79.80813762313282,0.09639132112623622,0.077780587368958,0.05001768320899623,0.19888654691816154,0.22868450861447437,0.1663295802165577,0.28238675782984646,0.1511751714619201,266.8263799045603,6.633015314187964,-0.23411555586555796,granite_gneiss,0,T0606,2026-01-15
S100268,21.069294038199214,79.94436936811022,0.095590588415429,0.11100867021869572,0.10450456008843279,0.2098673043855326,0.31433410604056145,0.18735076620835922,0.25231632165884893,0.08150144713952825,296.1851695257325,10.235197107392663,0.05693759707100613,gondite,1,T0108,2026-01-15
S000295,21.29365793955505,79.50986893155937,0.06942702582691809,0.09915414254974712,0.10765982050699147,0.22146531903279765,0.17301008965126147,0.1569863579460112,0.31949652740959256,0.16350150823176574,336.36707835875865,3.432738469866622,-0.49347995306340503,laterite,0,T0500,2026-01-15
S000575,21.058327582670962,79.72804237836914,0.09792722851034766,0.1091944140408554,0.07269304670429699,0.326313808038579,0.2632603558131651,0.13784329620601118,0.3629610201590495,0.0646826632453583,377.58953962492717,4.5955762659789805,-0.11739811843574505,laterite,0,T0104,2026-01-15
S000462,21.293717279598287,79.65348777898643,0.08497018887014214,0.09854204790635739,0.12695694082431283,0.23551964563939545,0.2329000810866781,0.13597090550217367,0.45979545444514014,0.15678973239967625,254.02860331382124,5.066724715523085,0.24488346281956425,laterite,0,T0503,2026-01-15
S000506,21.252440322699005,79.51683510436585,0.09204310876180166,0.08351613322581848,0.05008892996697307,0.24186631323033173,0.17986745660658612,0.21770169905068174,0.3821401528004549,0.16090775487481454,379.8198218172744,9.615224520994268,0.28007549440171753,granite_gneiss,0,T0500,2026-01-15
S100046,21.232487027418106,79.72712675029123,0.08843233659819659,0.09910534131624264,0.10469009397915502,0.2587761067901562,0.252324747562325,0.2287922995980075,0.22068045013785229,0.0856928773933575,201.5699678084622,4.68966700958515,0.271097642862128,gondite,1,T0404,2026-01-15
S001013,21.26702117749892,80.06534337318065,0.086001715518934,0.09168985244319629,0.11360802700239742,0.2145388681393851,0.2395269758729549,0.14155536017556816,0.4347329385393487,0.10345171587584331,365.46280979327946,12.825687092938303,0.18617662656342537,alluvium,0,T0511,2026-01-15
S001348,21.06901656145822,79.60149289424147,0.10779518430215637,0.08495594544611042,0.10932739181038446,0.21731089897467915,0.21346314807496308,0.14000432017363512,0.6059153527826557,0.243812779682385,345.75713642185497,10.648892115225967,-0.399899534031735,granite_gneiss,0,T0102,2026-01-15
S000631,21.295925599720675,79.75553098072284,0.06434288723439749,0.0818388914884557,0.09942817104201455,0.24371114854436754,0.24539959064641498,0.13623056821789073,0.28668429930174655,0.1174485936180317,278.6618859949708,1.8913336433107872,-0.10062956811675607,laterite,0,T0505,2026-01-15
S000516,21.47037094812334,79.62660014475205,0.08361952390067619,0.1149084056542841,0.12934430810045816,0.30766156028401836,0.24092222715357028,0.12249229107603321,0.3364537842585221,0.1611433095820704,291.9128533270294,2.0769662281897405,-0.7013419669477805,gondite,0,T0902,2026-01-15
S000413,21.000631183536232,79.76007453046492,0.06454649588853638,0.1085952242001461,0.0955669518887589,0.20203567499041158,0.21923432486207658,0.15081563260657999,0.35215136493801485,0.22226750240574833,237.2039962542605,4.583249786394218,-1.0333660588392246,alluvium,0,T0005,2026-01-15
S000859,21.219714880177577,79.5441806210842,0.07317749012379275,0.10157207905673381,0.1048211295769292,0.23587345247953234,0.2088116671143425,0.20863391928418457,0.24783968411585247,0.23542678830188565,307.387020424854,0.37629582310904297,-1.0131159119923692,granite_gneiss,0,T0400,2026-01-15
S001639,21.38573299457398,80.16024830359528,0.0778128499046434,0.07814648364564204,0.10607965901104213,0.24329773800936755,0.24741784646272819,0.10416877068829891,0.28645941243205836,0.22318394478586606,424.3065680394384,5.658273781539916,0.854006813628103,laterite,0,T0713,2026-01-15
S100004,21.05650640873259,80.02629062803243,0.09951968100588104,0.08903308924269963,0.13701721807718387,0.21977837125037886,0.3165538954324895,0.21291251102128936,0.2550009798895896,0.08592398677540268,488.5741382057835,13.273848268977193,-0.0011251222520786953,gondite,1,T0110,2026-01-15
S000643,21.447763940389205,79.66917690700305,0.06674765693348816,0.09464727337841476,0.12329926334819802,0.22855299129418452,0.26815779678919316,0.09187660616487707,0.4239986597857671,0.09538987910992083,205.05677486797538,3.4354327653684598,-1.2462563084201637,laterite,0,T0803,2026-01-15
S001363,21.59466403465776,79.85209586955135,0.07711918986550666,0.07472871884736315,0.12157898388910925,0.2484473882450544,0.22718372936311138,0.12465679701263421,0.3543088773852667,0.16779017993832002,274.2631572069744,3.445336451010477,0.24346522054666975,gondite,0,T1107,2026-01-15
S100263,21.086323159782687,79.87197876495492,0.05412990281323249,0.12842151876139568,0.12470579418339739,0.22089705272714422,0.3054662602501533,0.2046101575240977,-0.0022395424582858092,0.069736910717591,332.3246316176756,13.492378521766156,-0.08338786700099311,banded_iron_formation,1,T0107,2026-01-15
S001209,21.227428242499144,80.2196241361428,0.08432313609202546,0.08747210198925108,0.15097562573211182,0.2186351180325692,0.14318650126842963,0.15449130090693336,0.28020512180087986,0.13072439332339594,327.5367697270689,9.780609218846713,0.3154307570903963,laterite,0,T0414,2026-01-15
S001470,21.146641826086828,80.24031375646334,0.09611583192617708,0.10281150565590157,0.12096379282976365,0.2183171737296103,0.27501703475753214,0.1679635694385254,0.2717028504464337,0.22400689607588076,258.21909973791196,10.123718141116232,-0.13180184657030714,granite_gneiss,0,T0214,2026-01-15
S000083,21.043908414348575,80.26280081186253,0.0979677994828474,0.08530289859134207,0.0773868167239352,0.2847627655105884,0.18486928149039988,0.16108024132000204,0.3399004496452175,0.15681724926191237,286.83157708903144,6.63644079652016,-0.28369708787640213,granite_gneiss,0,T0015,2026-01-15
S000642,21.2109356321828,79.9713265955273,0.07270717208402315,0.11068356985540517,0.1126029064158769,0.22865925946542498,0.21195474573011414,0.15982091334236687,0.3090079825118531,0.2473382377582543,292.38568737919707,7.357323245991875,-0.7490250717570174,alluvium,0,T0409,2026-01-15
S000717,21.340443944788063,80.11505383461133,0.09616939474446695,0.07829707887019928,0.08945064439692135,0.23504760551496062,0.21349727961228765,0.17553159593749068,0.43967101304489054,0.21219181016792954,250.79555820005018,5.993354135063078,0.6205309625044015,laterite,0,T0612,2026-01-15
S000477,21.546247403898978,80.1560515904184,0.0678910733858838,0.07640092143766958,0.13477105466866127,0.32493836273523746,0.23426254249548084,0.13631205730376886,0.39492870005996805,0.19801281518903824,290.36043861904636,5.268017367201924,-0.7497841030060286,gondite,0,T1013,2026-01-15
S001430,21.512433307678908,79.99979379022976,0.10572169368428622,0.11422532368209348,0.11966081041215686,0.23229611839316144,0.21521366039953232,0.19098932714409253,0.3264039843941835,0.1536276329320256,285.3232248230597,0.5154318103739799,-0.3281536763976592,banded_iron_formation,0,T1009,2026-01-15
S100304,21.514543286473536,79.77354155083653,0.08478298569266922,0.07926754201670799,0.13125715840364782,0.28619674074775536,0.2816636690178737,0.24532603572078654,0.21126838787509325,0.03852325499811024,308.23974212929903,16.28822088537137,-0.22474171488485212,banded_iron_formation,1,T1005,2026-01-15
S001005,21.384713898133448,79.57410224699358,0.10754605311780456,0.11420324956531501,0.10797877867546302,0.16520058803605062,0.2238422147394514,0.15513994171535345,0.4345643151977791,0.14710608825514285,246.45284088341324,2.069022610581169,1.3985080050808696,laterite,0,T0701,2026-01-15
S001197,21.06594150698903,80.0681219503088,0.057898983475710625,0.09205341622515004,0.06651850263689563,0.2640270995173649,0.1602455095989564,0.14267940085238026,0.38344896770344616,0.14645268297036199,295.86030810268005,15.179067091008392,0.621670751486804,laterite,0,T0111,2026-01-15
S100313,21.220507086069077,80.06070480809653,0.05086029158437465,0.10025157004703666,0.09396354495557804,0.2468505683104249,0.34722109049647876,0.23826671549731093,0.18717280213239124,0.09244038092760959,190.63951963643726,12.982157312650727,0.28668123508647253,granite_gneiss,1,T0411,2026-01-15
S100149,21.0129672479282,79.59268537946821,0.07029207594171755,0.09309686265514204,0.10436419540533343,0.201368068059645,0.3763179397338753,0.2542379790853111,0.37470347881505495,-0.046313951202108614,391.4183422106071,9.50746790518337,0.5701047394683678,gondite,1,T0001,2026-01-15
S000788,21.15848439814887,80.04646128092622,0.06664405491468627,0.07238951384869993,0.14844371893933567,0.28572190792331026,0.2389057636227418,0.19226259062748646,0.2594301256856382,0.24547206020478402,314.7871272313713,5.040537324936876,0.6001283905100603,laterite,0,T0310,2026-01-15
S000853,21.399548820361495,80.17564479148922,0.08708838810659417,0.11538739446199191,0.12380907948303806,0.26381874331382726,0.2491417589369109,0.1476014363218391,0.28681901412693095,0.06425153375192946,260.00097644730414,1.213507500321672,0.09499354001357131,laterite,0,T0713,2026-01-15
S000214,21.203810235281708,80.27505097941052,0.08253158554352258,0.0649354038640559,0.10922736631834043,0.3205281233997098,0.2665188507665538,0.12167102934494677,0.2226801891264301,0.1287667072709255,266.48486844900503,0.5373839953608748,-0.27690129833051164,alluvium,0,T0415,2026-01-15
S100050,21.119944921485065,80.03254778888522,0.05579202544434423,0.10684006914842042,0.13723516988406734,0.2618440235849308,0.26580060876366474,0.2308300331089432,0.31810343645191597,0.04200530757555142,292.27237548965326,9.206793285714458,0.5228200601046329,gondite,1,T0210,2026-01-15
S001192,21.293244299601863,79.58384471990524,0.10416123000176114,0.0935313331662655,0.0861547274231776,0.1446114438713812,0.2651616533306539,0.16067935359476637,0.27950550324111056,0.12722662454520195,261.0741611666273,1.9098976488855994,0.13259367815859094,granite_gneiss,0,T0501,2026-01-15
S000366,21.142285717914657,79.60437404381794,0.057558277722048086,0.09435296022210285,0.09466243104315955,0.3236929120580089,0.24272421148359827,0.1663870499088972,0.2336565762784793,0.17989846417936853,218.67838818112187,6.175214243038049,0.6181784590386518,granite_gneiss,0,T0202,2026-01-15
S000473,21.284998470428626,80.17719627700272,0.09303019679320648,0.1003929144614356,0.12184777134981592,0.30015602653023,0.2521943454442269,0.17631702211916525,0.4526878904086508,0.1401508329320984,298.08915582004227,8.887415882333789,0.4422181527756253,laterite,0,T0513,2026-01-15
S001017,21.38410274886495,79.67839142585471,0.06014499750887528,0.09467003861939634,0.09292794567485115,0.21592678635214488,0.2861667075485099,0.16248953345731884,0.3117625823571124,0.11737293023164355,367.8940221445141,8.304059589981994,-0.18167836528821785,banded_iron_formation,0,T0703,2026-01-15
S000755,21.134099172644465,79.78143860931343,0.08295697109903881,0.10971154059897546,0.07948393618752114,0.2724709752198021,0.2334091292878465,0.09654191117950284,0.25647496959884386,0.0916718682582478,247.08941238294562,10.928276151185663,0.35937479966798946,alluvium,0,T0205,2026-01-15
S000806,21.18566021162841,79.56052757010005,0.050194268201762024,0.10500865712788421,0.12539326296529613,0.22821174309022596,0.1929913313459572,0.17997179867059382,0.37323484125468354,0.12405067779788043,298.2276320589379,8.225289704115447,-0.24939524866920096,banded_iron_formation,0,T0301,2026-01-15
S000110,21.110484112016046,79.52084196190201,0.09107194293158602,0.08075876604860682,0.09712297132945773,0.29380118745648864,0.22587987669154794,0.13203939773048395,0.39554952693936746,0.06740718446660734,259.26992664025886,14.174021293303454,0.03381689288390341,alluvium,0,T0200,2026-01-15
S000611,21.400821026456057,80.26577531936746,0.04006592104792746,0.051031433674206636,0.10906867246679064,0.2354407229870951,0.21683700738948658,0.19152412495651994,0.26090902754791956,0.08454830081219154,250.02626850080964,1.4087850198720995,-0.3915640475286363,laterite,0,T0815,2026-01-15
S000293,21.212044185871854,79.82530971044801,0.09309782315955763,0.06958665185136072,0.11911829265524784,0.30056527625074636,0.21052376652941382,0.1620246308527524,0.3629336739245785,0.04193767356875924,244.12467566342855,2.61796272354052,-0.17186569427908524,gondite,0,T0406,2026-01-15
S000039,21.440094478517963,80.11826057159799,0.09029557103687362,0.08587858524235346,0.11290664097713364,0.23932081275462777,0.18142685384119134,0.15077469825027184,0.30487692724965404,0.16207472693226324,321.7899954577277,2.77252589901158,0.5562659251812296,gondite,0,T0812,2026-01-15
S000151,21.431810401044185,80.02278508488952,0.0845901414913682,0.1135465002784354,0.16019540266838722,0.2808716195952293,0.27667993889173303,0.19724338890199047,0.34301646840964023,0.10657016556225832,248.27451408903988,0.0,-0.035177791302310454,granite_gneiss,0,T0810,2026-01-15
S100320,21.549808811722908,79.5537333350782,0.08680880887003091,0.13136412894127664,0.12112286680488334,0.2489217665425917,0.3075856199608955,0.223775081656625,0.25015582285562976,0.056832279474680815,366.6243775394539,19.414505195001638,0.054351076406704835,gondite,1,T1001,2026-01-15
S100019,21.378998639473238,80.0837485669419,0.05827852834775042,0.10510164087735517,0.12618004712171402,0.29948202167369875,0.30040986736067593,0.2956212607647391,0.16845063038295816,0.06269199525029938,361.26566789599235,6.122073816085809,0.6088625937255682,gondite,1,T0711,2026-01-15
S000324,21.003510013604163,79.88387558430192,0.08230717429926372,0.12866435174258162,0.07006865110115298,0.24371604699215418,0.1513380214251998,0.16577357094150047,0.3447754614267615,0.14054224425686648,284.18513705340916,7.70950518390185,0.034493035158250605,banded_iron_formation,0,T0007,2026-01-15
S100035,21.11368281545057,79.8634543694734,0.0861116038380496,0.12227319413482599,0.1393649118474259,0.302381025460576,0.2713657022487507,0.26842341769073463,0.23950019843213183,0.003476179995580829,317.6176230591813,6.913845420854466,-0.10762222828807735,gondite,1,T0207,2026-01-15
S000542,21.394301855054504,79.60112939491347,0.050605153296945704,0.0730561537643975,0.0832898693222099,0.27017511341343675,0.17392726683772147,0.2064781049990043,0.33207594350124114,0.16978611531609306,395.7125592380098,9.631652917140457,0.7112942301989066,laterite,0,T0702,2026-01-15
S001418,21.15530095091107,79.81927559981773,0.10097842561085273,0.11370781711946172,0.14269444139739773,0.2856593657655462,0.23637309090424785,0.10818008436029039,0.3584126307618084,0.2824528636877761,234.2913170464209,1.3023768125528732,0.43988236406367787,laterite,0,T0306,2026-01-15
S000467,21.00566143657659,79.7990823238428,0.029371663552491392,0.10449066029524301,0.09428795936257492,0.2418198977430983,0.2985169417588411,0.15305745242483934,0.3226422482111887,0.15406604846142397,245.59996894196993,0.7695184214977253,-0.8034543056312234,granite_gneiss,0,T0005,2026-01-15
S001493,21.160183071207705,79.95391805991711,0.06442385518441937,0.06265773610057886,0.10597043522697487,0.2176390087374779,0.28100603589403766,0.1574079865762947,0.32042263798111836,0.23132803143994715,249.95847856903657,5.265763218855992,0.48341807558793837,alluvium,0,T0309,2026-01-15
S000047,21.028114213600293,79.58465660216362,0.08275024612255971,0.0959496574219622,0.10430138345115042,0.27064022336758076,0.2521172949006461,0.19984095344073607,0.3620925785343229,0.15529801092561782,204.13291910302434,0.0,0.02448930625166141,alluvium,0,T0001,2026-01-15
S000560,21.0419031554961,80.27443714014565,0.09661683744198703,0.08560665845958519,0.09818202005354786,0.1922891906855312,0.2610388797104769,0.14179534642862462,0.30117106947966155,-0.035861357118198794,335.45388915703535,5.837106803116507,0.16262384963259482,laterite,0,T0015,2026-01-15
S000177,21.201267555569558,79.97726436430423,0.08508485872556358,0.11298170206186907,0.09621611160315487,0.27048426327620384,0.3038194812173331,0.1786736084149854,0.38400180751962987,0.10305851436613647,296.24391153762764,5.865828173814539,0.008431749644355524,gondite,0,T0409,2026-01-15
S000398,21.16902031889918,80.24537158403939,0.09749388100065162,0.09474779558107166,0.08349968060040422,0.24686232422537097,0.20099381708022201,0.1350117700906108,0.21921330402979466,0.10243333191202106,278.4537522624687,9.2615190803039,-0.78421822410998,granite_gneiss,0,T0314,2026-01-15
S001544,21.22050500703199,80.21576423958427,0.033753490140504265,0.10901550211443319,0.10597534569941663,0.2855995165947778,0.2542222611268878,0.12422848881124986,0.3091707875954363,0.13551507535109186,329.09145430436746,3.51034178163005,0.19251657016017557,gondite,0,T0414,2026-01-15
S000702,21.31523215971111,80.12504361382388,0.05133908025472318,0.10119644294926455,0.13812652795567001,0.2558722103431202,0.20103444210776336,0.13856532632759613,0.18817795029003553,0.23904475206740433,374.3630065442194,7.872702490778957,-0.21366504336148057,granite_gneiss,0,T0612,2026-01-15
S000839,21.144392085339458,80.28850857001107,0.06866382905785857,0.10280900974666485,0.10893453429147792,0.2362693113515941,0.2101313138107441,0.1473535505488915,0.32002048909549247,0.23390705379443566,339.40967200631917,8.260856227950352,-0.09997006899413192,laterite,0,T0215,2026-01-15
S100245,21.520643372265607,80.12560413659054,0.104763206029797,0.06837378436978014,0.12535080572253107,0.29246075081655026,0.33634347206452586,0.23678110201922076,0.23357652361142497,0.01453781128201579,244.12748048312517,4.59735494306256,-0.5848050012394137,banded_iron_formation,1,T1012,2026-01-15
S001056,21.48682857091366,79.75404391511006,0.0711530389776219,0.09362644733238391,0.08842157234912157,0.14494699615010948,0.18455979812084697,0.19896529930283172,0.20038763067665957,0.16021991309949074,221.47190569778374,7.121625836865772,-0.09722362566967403,banded_iron_formation,0,T0905,2026-01-15
S000767,21.508410373451515,79.5364339466569,0.03671832620824554,0.09883750089929025,0.09444529875318805,0.23910534627094307,0.19149548379297662,0.21828856792633644,0.3964724292423817,0.15600365107634867,299.2570852338667,9.225664488011422,0.33273458862550237,banded_iron_formation,0,T1000,2026-01-15
S000424,21.17271684029447,79.92130474659618,0.10833435284381611,0.09014777573274477,0.10228702015307556,0.2602609568263039,0.22085720427782454,0.11130980939612188,0.4465658310080384,0.05050355797075036,153.1865376277774,3.2615352200789394,0.20832736589599535,gondite,0,T0308,2026-01-15
S001382,21.3532550846246,80.16108655205709,0.05064346328697497,0.09304529674414531,0.09451600095701133,0.2164592085410377,0.22156848777521457,0.1363830517864784,0.3051427107786215,0.14628772889116243,334.2975969150429,6.579744851317795,-0.19044556583967306,banded_iron_formation,0,T0713,2026-01-15
S000129,21.525489979738428,79.59912027662665,0.05851626106074785,0.14414164130927348,0.06898893357328939,0.183228176733581,0.18627340589085667,0.17389122133098905,0.24405905258542882,0.034554471321888824,324.7232385305927,5.121775694708127,0.5433538110327468,banded_iron_formation,0,T1001,2026-01-15
S100154,21.065145444681267,79.76730403240124,0.07331758533239383,0.10331224300465304,0.12561708697451043,0.22960091294662976,0.26150109585275655,0.20721743289306804,0.13533751593298904,0.039793267933782885,232.0288410518275,1.0634271074840163,-0.29259422446350575,banded_iron_formation,1,T0105,2026-01-15
S000601,21.193521853163315,80.12682455328019,0.09523928271367404,0.11195435985629656,0.089232082836435,0.22500827664605408,0.1911425203121316,0.10776420345724425,0.3394151949652453,-0.05820796939303896,390.6852656535458,12.67515972243227,-0.15238022556049607,laterite,0,T0312,2026-01-15
S000493,21.041242981187047,79.54076318244492,0.06805549665105927,0.09018126504724257,0.11221204427034576,0.20860998790957552,0.17275309576275,0.1542446205946136,0.30775115716892,0.2580650711828485,244.67405032136963,1.542427121375649,0.48689274371882335,banded_iron_formation,0,T0000,2026-01-15
S000951,21.214639005249442,80.16470470712025,0.07137066674273171,0.08778285941215926,0.05917354768060629,0.24124486203694057,0.2709617064683668,0.1828892741481498,0.39432289757716193,0.15782282882090218,247.85486892496775,1.834367336149819,0.019844766228163432,granite_gneiss,0,T0413,2026-01-15
S000265,21.232606708924937,79.68314701944635,0.07941171090096849,0.08008799895530333,0.08552617090260455,0.16493514742492665,0.22078913276472842,0.18569166826907724,0.38142548209719274,0.015829487509535944,291.14248225285826,1.041389414286399,-0.7246999209043131,laterite,0,T0403,2026-01-15
S000325,21.344677316123494,79.95902459765094,0.045054073339838296,0.11307323375086144,0.10076720286165294,0.22810178907979767,0.22720191663885334,0.14835412471222434,0.35957016126982516,0.15383669018763113,425.81818616399687,0.8302267197571025,-1.0610936072557464,laterite,0,T0609,2026-01-15
S001201,21.347426372312132,80.17876534249208,0.10153381462240889,0.09786648791895981,0.1148965266973705,0.30392940427312554,0.2685148302854714,0.21363442388100942,0.474365556154499,0.1900496781927556,288.3202769950458,4.307428123963184,0.17782669663807532,laterite,0,T0613,2026-01-15
S000209,21.46536203533598,79.52171196710735,0.07083516001958172,0.08350207803986709,0.09505153688812984,0.34210688529110106,0.18169355543891297,0.1983173253205905,0.34930413039929326,0.12237275664027442,406.3165058116399,2.377233644011713,-0.47233566509065117,granite_gneiss,0,T0900,2026-01-15
S001548,21.409831330223234,79.66377755403283,0.07536425025707764,0.11898534511454928,0.0746565946518529,0.18028851242651533,0.2284226730389554,0.15015062678972851,0.39209749183618586,0.1587539333778324,299.8285647785957,4.903638991209444,0.4506512975793656,granite_gneiss,0,T0803,2026-01-15
S100017,21.038290353662504,79.850323229759,0.0643319789220676,0.0667699016052298,0.12156900261555822,0.21648706964889403,0.27110558564530457,0.2370091197875117,0.1834823084620222,0.07733714174236621,173.81746020516067,19.815940429117546,0.5043341779774195,gondite,1,T0007,2026-01-15
S100127,21.086714513319627,79.68047429456337,0.07938512335478941,0.06228854191113059,0.08122494745992949,0.2659641282119301,0.3298567287853184,0.20978481714904484,0.21064958508731807,0.11870358245156812,251.78464511537393,11.700578639579593,-0.30148915628350187,banded_iron_formation,1,T0103,2026-01-15
S000986,21.156703250409954,80.22225456651206,0.09630873002557667,0.14227385442404009,0.07588759166479941,0.2270530349921397,0.26429181172794725,0.09623157627192216,0.44019221816516624,0.25661664413645335,184.14055646626994,8.704595693784267,-0.3916486252574485,laterite,0,T0314,2026-01-15
S000919,21.232955217007472,80.1675232357708,0.09295876962160447,0.06402570178580475,0.06376632930990528,0.22685124200364395,0.18799579652169413,0.10840219080291058,0.33945745416360595,0.18740198897903868,221.7966016915375,8.641578879272364,0.9080772056854738,laterite,0,T0413,2026-01-15
S001608,21.05897074208535,80.00854082037783,0.09821415902600193,0.08484557734944871,0.06727259311273324,0.3026712265428573,0.19932078755327434,0.14545469675014788,0.28231803075737577,0.1977110108327599,312.99843739763054,3.9135174299478637,-0.7594901011214882,alluvium,0,T0110,2026-01-15
S000567,21.513363276358167,80.02637517159546,0.055162702587371534,0.11581121121298679,0.08680501678181723,0.30343267526416895,0.26494077122843795,0.18383081757015668,0.22463548402540948,0.1664234115562758,279.2997692002499,4.295649213761482,0.024925704282936324,gondite,0,T1010,2026-01-15
S000620,21.109884207509868,79.93952759307211,0.06415169779148869,0.11237938277647402,0.08357291369562289,0.2774462917522081,0.2970634511215826,0.19037735311555448,0.2963200308818911,0.18188852431833447,395.74104744299757,2.785600067002543,0.061025314114553315,granite_gneiss,0,T0208,2026-01-15
S001604,21.48370049805362,79.83754668428234,0.07356469048993018,0.08848104621317612,0.1079963177279138,0.27689900715876364,0.2375393612992846,0.2467152639919894,0.2829974340448408,0.16548493816747578,283.518178126421,11.206738846982166,0.1690385947353479,granite_gneiss,0,T0906,2026-01-15
S100190,21.562087890320267,79.87546154735232,0.08973637094298567,0.11202183674828588,0.11006550594412588,0.22564972305418696,0.32050379973724913,0.19797556760155993,0.15659793356336685,0.08167768932857145,258.5282652252196,10.465331734600175,0.18274367251925236,laterite,1,T1107,2026-01-15
S000779,21.528833222612903,79.74427675938298,0.07632500092258852,0.10679058792449783,0.09927551189811634,0.25323733303227425,0.23943806746621712,0.210724769586466,0.4529969811078777,0.2264442291746065,237.44270855092034,2.198975019242803,0.31333894122597317,alluvium,0,T1004,2026-01-15
S000632,21.143811420504672,80.2998886785663,0.08905541227127584,0.10583607408262781,0.12693541338127998,0.2895007184292463,0.2208301095944206,0.17304292577468638,0.4112593501949274,0.13368241690151092,218.44429377163544,7.529670888523616,0.063773004791746,laterite,0,T0215,2026-01-15
S001595,21.227417859996862,80.22080690333657,0.09094229870589433,0.1077597116877763,0.08349093824804778,0.2384137773689726,0.2274658637938682,0.1698528107619361,0.43461669630916916,0.14219512847492402,349.89470832550256,5.087930922287935,-0.07137661515708575,granite_gneiss,0,T0414,2026-01-15
S001296,21.40168811292782,79.93528729177734,0.08202733449417811,0.1382667948831906,0.12464599899956927,0.36942372151137004,0.20063407008952217,0.16590740771520995,0.4508698004066802,0.022677602322640267,271.64169387065544,2.8475007498354055,0.328690262465719,alluvium,0,T0808,2026-01-15
S000246,21.01813152225081,79.50440093923184,0.10653025343167738,0.15644223567719118,0.0844313964565615,0.23026500056276764,0.28182027862682213,0.14176077980003346,0.38138670019314863,0.13259331755248474,238.41509297205084,0.0,0.23105082875925337,alluvium,0,T0000,2026-01-15
S100180,21.534475494527115,80.29130640214689,0.08026473345603341,0.10852247893638853,0.11266642412698956,0.2810300920179964,0.3215399141456433,0.20048738641980415,0.2619160763354137,-0.06346394628157062,211.82862821492705,7.027112617976357,0.05939826995145092,banded_iron_formation,1,T1015,2026-01-15
S100301,21.08073132504789,80.20924604973749,0.0967122985577249,0.09637537930906598,0.12834741606063657,0.2658893621191597,0.32023540258141436,0.26155178881145924,0.24614747763104183,0.0182593191141985,377.87304093436,17.427538933112587,0.005401042428007579,banded_iron_formation,1,T0114,2026-01-15
S000136,21.092918646857303,80.05662693078013,0.13119056913331417,0.1004452120583054,0.08605768308289607,0.2271758263103384,0.25115934479700447,0.2021144071309272,0.3138963463253297,0.44058689779277205,268.253472062561,7.665754900608423,-0.14444367105115719,laterite,0,T0111,2026-01-15
S001360,21.152728327071607,79.83549980566153,0.05395465262056991,0.07845298085413104,0.10715255852830995,0.24807747250446788,0.23685680488161984,0.16958116097314802,0.41564439522170704,0.15557103713829112,239.56577868584228,4.899933108725935,-0.221755185588744,banded_iron_formation,0,T0306,2026-01-15
S001349,21.027258452867258,80.25016555371501,0.08047020432068949,0.1095897758644809,0.09425517870850462,0.29637617927792165,0.13036532077289337,0.1727133930223062,0.2767860247701346,0.10277752351091732,155.479464184169,10.259196517502502,-0.3139012175353327,laterite,0,T0015,2026-01-15
S001527,21.315056877513708,79.50688396445375,0.09037698552526315,0.12068831273187698,0.11038585711708737,0.27523334507077174,0.22148117430760614,0.16902950374842693,0.2796374389347723,0.1640109028561968,242.82876137877412,4.919637475329521,-0.30926715207922933,banded_iron_formation,0,T0600,2026-01-15
S001631,21.531102259963642,80.1054018089027,0.113257634896411,0.12098633069724445,0.12740939294812656,0.2537797079916205,0.2620163991834119,0.14045034386565763,0.24952433156517873,0.04402537482804121,264.747146964531,14.208240293720307,-0.10443338293630516,granite_gneiss,0,T1012,2026-01-15
S000157,21.227025608883224,79.90697617856108,0.1096357615088245,0.07956660071875937,0.0815035264804039,0.24759474475322105,0.22631144453548385,0.17208002341542805,0.4507822285522858,0.0594452614152077,334.532252997068,15.205395814484408,0.40053574603366005,banded_iron_formation,0,T0408,2026-01-15
S001624,21.01009568220747,80.03526124434174,0.0616047513968946,0.10992663962365092,0.12684511452053265,0.30702291284310956,0.1890352222264265,0.2023400378112688,0.33979932327614737,0.12949655299991641,132.41746909673904,6.352315962866319,0.08161770935867953,laterite,0,T0010,2026-01-15
S000709,21.057836092482027,79.91710416515298,0.09365630876601197,0.12211142686283216,0.10363895512687074,0.2625265651362303,0.16470925053134153,0.12544906409745246,0.37964286959868726,0.1091445698688493,310.2539457928193,0.0,0.4523836302249722,granite_gneiss,0,T0108,2026-01-15
S000116,21.183565797858346,79.81821977691388,0.08273043565236862,0.1240092338696705,0.08276655948526196,0.26488096964809466,0.2574572240356323,0.18553457958321107,0.3602484899948351,0.20311573620487117,228.64696477981994,4.988278296698958,-0.4818085323755408,alluvium,0,T0306,2026-01-15
S100157,21.395653580815143,80.09415405338007,0.1193225494275118,0.10431015938603513,0.13870217522045566,0.25311426897069217,0.29851356860264466,0.21956997986464266,0.25361813675796685,-0.0071602575218902495,204.70972816708172,13.419761955830902,-0.48469928886931035,gondite,1,T0711,2026-01-15
S000883,21.51434430765393,80.06020511909786,0.10407140092040318,0.09614334452464243,0.14256152274402362,0.2735912167205538,0.24518364899069806,0.15652184018087048,0.392486876651094,0.16731120223675183,296.92586298774546,1.3592677392304005,-0.03477150126654037,gondite,0,T1011,2026-01-15
S000835,21.09335733425055,80.28761982454026,0.07920637123426799,0.12367513842654451,0.0828473587048158,0.3169875294988476,0.2157247251870295,0.1831608237348421,0.3551259071136299,0.12476289317995312,271.35135047145945,2.4986023337571646,0.5070144238003547,laterite,0,T0115,2026-01-15
S100016,21.332750872209502,80.24890197070059,0.09265736647114577,0.10170742763205176,0.16109090189241554,0.23782637580328314,0.34384569465421355,0.2092417793938411,0.33632401451659666,0.03534138210722743,325.72634230926417,7.671325880643979,0.12445679933751477,gondite,1,T0614,2026-01-15
S001175,21.299745227015062,79.79016508734391,0.09191758967993402,0.08413943701336504,0.08288525145917836,0.2568728078170232,0.1771412313031559,0.18235115763329462,0.3725218884074341,0.21003630466162487,315.0059649662725,9.367946405986363,0.28717479626238424,gondite,0,T0505,2026-01-15
S000712,21.28401660791848,79.83964482999507,0.09238825877909407,0.07766807120449148,0.09289550938204377,0.26101328009044644,0.21415603308437872,0.23802229565883565,0.4036088555897681,0.10657763972348377,263.7854754760975,2.232673699732723,-0.7319723271175158,granite_gneiss,0,T0506,2026-01-15
S001611,21.358102822757772,80.16912362634991,0.09399387656873011,0.10965109332689793,0.11150141844849279,0.23664571527620606,0.23754211938892447,0.17092948850755899,0.37122689322841235,0.0943668831807913,265.2210143616027,2.1327152973841565,0.11048769679012299,granite_gneiss,0,T0713,2026-01-15
S000186,21.20817601522052,79.59535414751251,0.07928060892694966,0.11203979611329926,0.15835701683835612,0.2694198018063786,0.26352680191098504,0.17313137081122307,0.33537200821525653,0.16024745183451905,327.19632122648875,10.31113952453245,0.05450199478979702,alluvium,0,T0401,2026-01-15
S001179,21.053320298508144,79.700725583571,0.06603547521148281,0.09897314577928747,0.0803198977255257,0.20941749264828802,0.21720055519667275,0.13063142011900258,0.2276615376044245,0.08788958014874242,194.15576454396745,4.9974660124969414,0.7757817835448391,alluvium,0,T0104,2026-01-15
S000298,21.559483230801646,79.8014147770374,0.10294275963157626,0.09279321273042909,0.13055976780323786,0.26256674053313994,0.21800869347348734,0.13824464399500808,0.2637599583375074,0.15969041635449052,311.01500744584484,1.8796943571399067,-0.17964422251387965,laterite,0,T1106,2026-01-15
S001265,21.375612540061073,79.79186708697878,0.12207113440363901,0.12122288249449542,0.09765258438484324,0.2486769453996362,0.2934567958072496,0.19617908764993303,0.37746952045878535,0.21981112238163253,325.5599038760464,3.6509381572368333,-0.14303867169822146,alluvium,0,T0705,2026-01-15
S000659,21.44253969673398,79.64938072161554,0.11351143203833972,0.11476088211424745,0.09377153511672429,0.2119470199571266,0.2504985290934455,0.21877501484925893,0.442351031971554,0.18157368774305385,362.76653037892197,8.663996590953376,-0.2821387309550719,granite_gneiss,0,T0802,2026-01-15
S001302,21.280023966049257,79.60048893557008,0.10998441489122597,0.10993613138381148,0.10032186482642438,0.34087909940627387,0.18431201940424016,0.16223044215643914,0.37056601589399435,0.10729640415616683,216.06119593261076,5.077017814706146,0.07230814351654109,granite_gneiss,0,T0502,2026-01-15
S001144,21.276789451038617,80.2878068240255,0.05164463033868774,0.11518387017077282,0.08840494666381066,0.3001380165824591,0.22230950979422673,0.12726184330254867,0.3539796200630264,0.09287942645779396,260.2610624948798,7.5689896889351616,0.22614854305605,alluvium,0,T0515,2026-01-15
S000599,21.52893791991863,79.57317618842158,0.0828571985469682,0.10224675472453017,0.09200616106435919,0.2579924349966864,0.3250587055401501,0.1512791305513075,0.40835410671457384,0.3327753359886484,179.08924186560412,7.217439619995872,0.956569936067802,granite_gneiss,0,T1001,2026-01-15
S001521,21.015422262945165,80.23195120941644,0.10620355194853515,0.07891381553881925,0.08636008750898852,0.27872471178623376,0.24287387570204297,0.16839354010881716,0.3328223305119309,0.042141741213733,316.09532558870416,9.000978249667035,0.19393706558187282,gondite,0,T0014,2026-01-15
S100283,21.149632545499326,79.68762812035304,0.06547711194627281,0.10179017999527629,0.1373273246997008,0.2948851207933963,0.3256861180919705,0.26487120163540084,0.21009525645362723,0.040102314849933846,326.13539957884495,0.0,0.41285682071265495,gondite,1,T0203,2026-01-15
S000437,21.104810402952385,80.28576389970985,0.07558576464100478,0.1038432366785745,0.1204038027893489,0.26551894102830503,0.17588265364858985,0.11892996514862444,0.292039984644406,0.12536083212450608,299.7340701570839,0.0,-0.09306518751475955,laterite,0,T0215,2026-01-15
S001266,21.191317889697658,79.95170474558023,0.0850672678099087,0.06982935465223315,0.09831365511971651,0.1707851260705605,0.1755584674309745,0.1440438157715728,0.4369355850747837,0.11601652695524726,410.7933584969179,0.0,0.633379410948501,alluvium,0,T0309,2026-01-15
S100225,21.554885057587217,80.00466579229179,0.09718092116355471,0.06789888041992154,0.11046231953933443,0.2341632814235761,0.2895048747715933,0.1843742027203848,0.34295725231341156,-0.035391302138906525,343.44350156533375,11.606162482575836,-0.02531405652849551,gondite,1,T1110,2026-01-15
S100026,21.280032602236222,80.07420818880291,0.06644976908616466,0.1301974136624063,0.14694646483227117,0.3453544415192749,0.30151519977958396,0.20661623174941351,0.13083064295456587,-0.015029241699140578,319.52572907760583,11.925969631763738,0.8533838202094867,gondite,1,T0511,2026-01-15
S001410,21.073766793841273,80.00040417233208,0.06583259296703475,0.13071490942445324,0.12595781909928555,0.283425418275652,0.2355002863063397,0.1458326007433884,0.19267043800888997,0.041551606951990255,181.72639199433308,3.234110466988869,0.20809433933678617,gondite,0,T0110,2026-01-15
S000077,21.275506221963692,79.77140089872111,0.07516710385481003,0.09041975776306882,0.09366585224150302,0.2510665821822512,0.3278551905022058,0.1598553033835181,0.3510554924785152,0.17660482265554445,340.5973334089817,7.007561518692521,0.19178097045891226,laterite,0,T0505,2026-01-15
S001588,21.37606384540513,79.9203669215596,0.08164527775778999,0.11088516465193124,0.10773956645578199,0.2519314805612126,0.2010053720198996,0.1886640221261779,0.43627380211380706,0.24020836071757412,345.1980289279803,6.039836016601463,0.07483156758377152,laterite,0,T0708,2026-01-15
S001028,21.25351024174741,80.00787217521304,0.104792649563005,0.09816055153931623,0.1194326601948616,0.24944618422322573,0.1512340861791477,0.1756770909734835,0.33123055691832815,0.07420848825831974,314.3182011548235,5.029348303324492,0.5565193152471313,granite_gneiss,0,T0510,2026-01-15
S100229,21.06353844225045,79.51985850543886,0.1053524712160781,0.07441492055649468,0.09045714069775145,0.22259028771283904,0.3036517508870182,0.18876630592153626,0.170111944859343,0.06981480116069927,325.27205822484365,4.25926167787073,-0.07070133541268903,gondite,1,T0100,2026-01-15
S100037,21.285422955735562,79.73628722027527,0.09504767465425357,0.10519083531143078,0.09220953295563748,0.27067961888644565,0.24017358996498528,0.20130312449661597,0.25460755613809216,-0.04734798009826795,301.73439422859997,14.204633394608123,-0.10689843092497803,granite_gneiss,1,T0504,2026-01-15
S000389,21.588667161372165,80.09541897385246,0.09758629966791313,0.12239530696504596,0.11547133536202894,0.17095585265960772,0.2348124317503082,0.17530775724089134,0.30567992432930813,0.09262707880981998,299.22674588709026,7.596247522235569,0.9146011489326151,laterite,0,T1111,2026-01-15
S000685,21.044815872019893,79.75133328952607,0.08811841769723967,0.08739806585150589,0.10342545523091363,0.24459753187462654,0.22258352910954585,0.1870584647410565,0.5189223465048083,0.1351659598062359,238.22516023328285,3.7281315949184775,-0.394915665965828,laterite,0,T0005,2026-01-15
S001038,21.534945465803002,79.6782558588511,0.07120949404365773,0.10139627163016104,0.11748480525658588,0.24994701073093187,0.17508909013694357,0.15479168831825296,0.5417693371625446,0.10291953411723512,269.0215909743726,0.0,0.726956251893729,granite_gneiss,0,T1003,2026-01-15
S000109,21.376153209422814,79.90005418144528,0.11505239849078858,0.08288243294435532,0.09911255280896367,0.2788797339474327,0.22779790005580366,0.1878805241463098,0.27479112791722293,0.13314823211924096,256.91000094974106,0.0,-0.45752637784340044,laterite,0,T0708,2026-01-15
S001332,21.306262541442468,79.86169583394188,0.05160457906451506,0.12328319351816344,0.07931850804707233,0.2155967532230508,0.28377946295243583,0.19407343431636226,0.2893911773689374,0.050971049335347254,152.1956413744888,5.31757185865466,0.1342607392303831,granite_gneiss,0,T0607,2026-01-15
S001607,21.47764025976103,79.82421556727728,0.10493580551450966,0.12219116133493485,0.12301288402721451,0.2612495881522607,0.22413780418619905,0.17760817630467735,0.3943086557080255,0.08919698214025154,204.1621574461142,9.42570722387407,-0.6760870426889339,banded_iron_formation,0,T0906,2026-01-15
S000327,21.10473143014516,80.1152273821637,0.06042382727354202,0.15011580629712185,0.08437409436398706,0.23908133998508407,0.27036931627481925,0.14557039049795947,0.42502332308200413,0.243245650814951,279.83164885049354,1.3542737485461904,-0.21264260256913786,laterite,0,T0212,2026-01-15
S001483,21.006063986658756,79.54184180014528,0.08470373244582827,0.1483128385282808,0.09795294086330963,0.31620623772149814,0.2171353952053503,0.12425534790976238,0.33049365995827423,0.19008259935212685,299.3771439428102,1.289019191402888,-0.20025854917330918,alluvium,0,T0000,2026-01-15
S000279,21.437610266971284,80.26987616140056,0.05611562378179854,0.09777701203655147,0.08413835371825615,0.26453194455442314,0.2267825729183331,0.12053583160035661,0.36658711756902546,0.10854465852597081,334.721579995831,11.61640041433445,0.8645882626196957,banded_iron_formation,0,T0815,2026-01-15
S001352,21.148087734377516,79.81771155711968,0.06436803962688292,0.11410089624039672,0.15383149426096432,0.2959282912079399,0.21486676334779947,0.18341452753758283,0.33048617938816416,0.05815425333838764,235.14872029817468,3.091724541704357,0.47928551410095305,gondite,0,T0206,2026-01-15
S000858,21.4002568557334,79.83386883213872,0.08619846349198697,0.08003333390012499,0.10303688918178487,0.2609173131024439,0.2746418800952847,0.12829339056995526,0.31243467912220985,0.17651667237505617,400.7787447479475,5.123242726996767,-0.6878203431514992,banded_iron_formation,0,T0806,2026-01-15
S000798,21.336896119962113,79.73661189211295,0.08542724569744273,0.06312648011207796,0.09726535167075002,0.21432456988903012,0.24897786439159497,0.13532462113328225,0.21121959980842647,0.08882192075479814,339.30170051521134,6.5608774423365555,-0.2164434794852628,gondite,0,T0604,2026-01-15
S001055,21.31668984121275,79.96243139833594,0.05476786250556753,0.060061074796566645,0.08400972629802751,0.26384779809358305,0.23230859792888248,0.15314985878707632,0.40348879595859666,0.13130447769311718,110.13876403955649,1.8374933998788352,-0.07503678097493385,gondite,0,T0609,2026-01-15
S001167,21.594617883015644,79.63651548750616,0.07062805772069056,0.101002450715371,0.09934329359617584,0.2925054797450751,0.2448878654443182,0.1566003012765377,0.3997258217935533,0.1911572662489177,273.26787486599676,5.9386322625397066,-0.27631966509127476,granite_gneiss,0,T1102,2026-01-15
S001295,21.316692193684286,79.68643137647886,0.09766884802020931,0.12473759713627605,0.06868365980750896,0.31111608547512315,0.2547412003633625,0.10105721986067334,0.41294897918738094,0.12540318586191998,196.58289640347067,11.444598355307965,-0.3853594065069763,gondite,0,T0603,2026-01-15
S000940,21.292031626446366,79.64476209286504,0.04874539985721602,0.1043550184551398,0.134895518843143,0.31053845250375717,0.2810271267536758,0.1683914688487561,0.2500942934571133,0.13084154307572454,217.65616350406628,10.0676962625467,0.6964300666055906,laterite,0,T0502,2026-01-15
S001462,21.518309137111107,80.25949044023119,0.09711282756776421,0.0802683437629624,0.12366051369540228,0.2429496391753066,0.176477603120775,0.16557962369463586,0.4654959442358125,-0.01575448532028395,283.82842554482494,6.61906605059702,-0.2541705572707721,banded_iron_formation,0,T1015,2026-01-15
S000440,21.39736128229877,79.93501505751374,0.03529647403145339,0.09487579152741844,0.10452608877558754,0.25239247144764715,0.21925804565757231,0.19513789678457655,0.43079789196312446,0.2321580235521917,437.5834051205428,4.817452365314308,0.23520198409728138,granite_gneiss,0,T0708,2026-01-15
S001243,21.42123303745715,79.97032264641453,0.10851629661361752,0.08431514921944433,0.0765082000783112,0.233566861251487,0.21402226451332623,0.15102510645424402,0.36044915180634435,0.09701614429868549,297.2692604991333,3.0252417152057687,-0.17916480640294455,laterite,0,T0809,2026-01-15
S100160,21.064644567573538,80.18523841885964,0.0707495723211435,0.07436297504542669,0.14773985459817676,0.24920968560656592,0.2568905456781094,0.18014814383610672,0.16606300306203928,0.005563078521998027,248.456280173454,10.452036990858065,-0.0782107395716493,gondite,1,T0113,2026-01-15
S000596,21.04113606963891,80.21768787516532,0.06627895124888095,0.09050831052770263,0.09433229146967899,0.2361431711264016,0.2400708010310733,0.15776832009992214,0.37413397750477745,0.16053331454060302,235.01543555876228,5.068562671892807,-0.7041933708728634,laterite,0,T0014,2026-01-15
S000826,21.27477660609971,80.1569534465526,0.11735792156448141,0.11293266912396856,0.07872908230086961,0.21434830882241374,0.2232414423500975,0.12341989608120668,0.4625951291133782,0.2799351597176699,247.35088523688444,0.0,-0.47921935653349484,laterite,0,T0513,2026-01-15
S000461,21.176772663472605,79.7554321939567,0.07908043632587969,0.11289260655527822,0.0939141945184155,0.29587176648439584,0.13267212618187205,0.14523893013630326,0.3275542089556511,0.16705171944312705,402.17776013565054,5.9111652004888455,-0.16066867757353395,laterite,0,T0305,2026-01-15
S001321,21.281185353804837,79.63838944643959,0.12847837131310208,0.12069287346651165,0.09716884926880118,0.25181612491408634,0.19864834564009728,0.15006382730994317,0.3221822483859003,0.11463128314019033,219.65540584630156,4.029957653846237,-0.6375088497770518,banded_iron_formation,0,T0502,2026-01-15
S000517,21.225335785474506,79.60618171780746,0.06961218259312958,0.13290050447312898,0.0744266164414968,0.20572134801197692,0.191016816391781,0.15368556675466089,0.41649027481989853,0.16624259529764918,273.5851223419146,5.904661263445093,0.47161513603018873,laterite,0,T0402,2026-01-15
S000553,21.222029856320198,79.76161576987566,0.09423923892879577,0.10757964517140138,0.09281825193805214,0.21901442265000717,0.2211325718404092,0.2007157506869724,0.35348179773485916,0.0483241798095156,269.2096427859154,9.763167295386513,0.1361235408137679,granite_gneiss,0,T0405,2026-01-15
S100152,21.084149453399167,79.54445433352551,0.1266204934311614,0.08951170214057914,0.12889884125089243,0.23076333335303437,0.3327228037309794,0.24538520389083587,0.14587735110742794,0.10400732818333436,381.5208820554653,16.544756634224328,-0.10697657193040584,alluvium,1,T0100,2026-01-15
S001510,21.073228679852072,79.83798634146302,0.08442961828689602,0.1066080990714675,0.10379291043326447,0.27828864669595826,0.19396931848327928,0.15134772841828154,0.49155383248116824,0.04210356782753638,276.3585879441051,0.5551602879900699,0.7725270190052014,laterite,0,T0106,2026-01-15
S001416,21.55379519199324,79.90765401420933,0.04806956953077018,0.12688270729837461,0.14203545763028727,0.2918720180883516,0.16488340198109508,0.14454957438258909,0.22886352933272108,0.04495764182251362,253.4517681879998,0.0,-0.5505062673770516,laterite,0,T1108,2026-01-15
S000149,21.453881364453327,80.20859611943585,0.049723179173663624,0.12389430449981577,0.08902967780202477,0.25340196888786776,0.24702741543377715,0.10916946645366149,0.40229311868918566,0.07119984211612425,236.1900228480609,8.279563085316054,0.32506138188114225,banded_iron_formation,0,T0914,2026-01-15
S000775,21.016388470242752,79.80684151754721,0.0870869623016413,0.12362451672774304,0.10604439485387283,0.27794092061743464,0.21787098328507784,0.14512702180760065,0.3238716962722725,0.08465777493954414,296.966784657303,1.3532828506125218,-0.08920646518006656,gondite,0,T0006,2026-01-15
S000890,21.093847291263394,80.13471865639126,0.08064075020623791,0.10494337112827327,0.078617591240186,0.2320451924278289,0.19298938638963098,0.1577249494994851,0.42955423757892436,0.050572430041227745,194.901394312386,1.1142267331181155,-0.20804131986020705,gondite,0,T0112,2026-01-15
S001323,21.456376339266672,79.58163439877971,0.08476400049569179,0.08649803937528175,0.1113632426383907,0.22420002447370543,0.21397478459272015,0.14440683536343224,0.23971212898490546,0.10842313965764785,288.65764880308126,0.0,0.5245410180841319,alluvium,0,T0901,2026-01-15
S100103,21.581505826408637,79.74107410601178,0.09452058066078282,0.07982068044823494,0.08531228475102198,0.24324283374701047,0.234840097397588,0.18848008302300553,0.301523495459341,0.1898259924463334,297.7533098322763,17.743455065670503,0.15470641987996236,banded_iron_formation,1,T1104,2026-01-15
S001085,21.449989874449994,80.17180899860023,0.09836544733276653,0.10762074734110924,0.08787475901704295,0.1908105661381838,0.17923710778592095,0.14385811185975517,0.3510042178488228,0.18522203142563876,336.485847628592,5.005919964747389,-0.1827425998573236,alluvium,0,T0813,2026-01-15
S001083,21.50763029830709,80.06254833192452,0.05021875435549282,0.11182075237833032,0.11907816594639152,0.2479015614349478,0.1906244263766934,0.16245958580543185,0.30214558623590426,0.11155567580022438,250.80237177128492,0.0,-0.21220847134858856,alluvium,0,T1011,2026-01-15
S000226,21.394653794150383,80.22556417859404,0.09515816884065902,0.1108282222167584,0.10299293196891907,0.22844863920929445,0.2958739387857002,0.15795280284592805,0.3574928678115883,0.21556156591988074,260.0196165584946,2.6964359318802704,-0.4721289750254448,gondite,0,T0714,2026-01-15
S001408,21.269212031155078,79.560408304109,0.08733526926020646,0.10717136906412691,0.08111264421284461,0.2702956967737257,0.15947798699250576,0.1581828039076945,0.44794054977167863,0.07634654590715569,204.18468627994446,7.412000786451559,-0.2266616321568951,alluvium,0,T0501,2026-01-15
S000783,21.080208314131042,79.50573688404181,0.06141769475233923,0.15022848033750008,0.1025844110136812,0.16289209748477484,0.2974796262675311,0.11872039927516281,0.37398818753392626,0.2066681860885087,360.2907742027791,4.459535968298604,-1.2930281552170386,granite_gneiss,0,T0100,2026-01-15
S100053,21.39891051395522,80.21762671911729,0.0627439996085346,0.08246870351633606,0.12696406031889637,0.27977334354998706,0.30116158286021166,0.25237371337972625,0.2978930809075272,0.17497228759573094,349.03893763709164,11.412027413706706,0.3072200614462373,laterite,1,T0714,2026-01-15
S100151,21.53769646310386,80.17359456883156,0.05579894300621932,0.08757076064844452,0.13538295003933615,0.14551216806722664,0.2830834297670999,0.2305063749357558,0.1217600095342002,-0.0010027339681669203,283.03705846663246,3.8876465491527865,-0.16460469917950402,gondite,1,T1013,2026-01-15
S000043,21.199087575154625,80.13045834207048,0.08155153214231373,0.08722361558065948,0.1223593528205149,0.3536769044336271,0.23242907722021794,0.15032630009049228,0.2176747067791448,0.14558190160691573,193.35852580721598,5.978201851952657,-0.2528993778904697,granite_gneiss,0,T0312,2026-01-15
S001582,21.363586355128856,79.51852813962614,0.041510773923424886,0.09878276325431853,0.09972697760163077,0.2605405396324508,0.1955524876150282,0.1941932832689071,0.3574558063772706,0.3177135176979733,179.2765351192822,6.649529168081952,0.952746509549153,laterite,0,T0700,2026-01-15
S100207,21.406595204167715,79.54648678537716,0.06192931106847456,0.10258819073791739,0.12840724251685248,0.2639908727086024,0.27058946952958673,0.2811138369087944,0.1562471208562648,0.04701949652688891,326.28140179328756,10.043017536564669,-0.03165992985547998,granite_gneiss,1,T0800,2026-01-15
S001534,21.19946689741952,80.06383387409035,0.12364221303906828,0.11427901653140246,0.09611929968222145,0.3287555127020086,0.1986749201809184,0.14052299926054648,0.32263592127195984,0.16238939835475902,407.9813061969527,9.789055285318575,-1.1253727975907437,alluvium,0,T0311,2026-01-15
S000762,21.505657370911212,79.80635118833102,0.12395575120471794,0.08071920150698345,0.08420720495425255,0.17009613969665385,0.2056041038884179,0.15516603923425393,0.31359174305109144,0.11642863104660453,286.1256611844811,7.101108825991563,0.008461126641538114,banded_iron_formation,0,T1006,2026-01-15
S001530,21.359867793573052,80.03891642929297,0.07848569868443421,0.11020388410598406,0.12475140132234373,0.2886592861568549,0.31115991777243424,0.20071741636826887,0.35799058034303094,0.1370665395992755,322.85675426160776,9.59261060371686,0.45657776218802054,banded_iron_formation,0,T0710,2026-01-15
S100008,21.076868179605327,79.76691020666259,0.08486797832801078,0.07949641611111649,0.11855175322338912,0.2939673597514124,0.3512533542585808,0.20655811797573256,0.41561041160471335,0.1382656126494089,422.36550548765837,10.296356889280188,-0.38099576191349516,banded_iron_formation,1,T0105,2026-01-15
S000654,21.597315707437165,79.5844969772087,0.08792149955538897,0.08081230316997606,0.09550753005310372,0.33582170505625475,0.2384588505805838,0.17379832584405158,0.3732339113036825,0.15069792696828574,302.8853990225229,10.49887596198251,0.31675673694246004,alluvium,0,T1101,2026-01-15
S001546,21.306009709412063,79.52487287471507,0.07229377469141157,0.10632931814081224,0.07154131485971717,0.24203815442737325,0.15160459903022838,0.19473746369056352,0.19236534369572658,0.1882394065594783,365.7058688043898,5.327709020521236,-0.31659843188079095,granite_gneiss,0,T0600,2026-01-15
S000700,21.41203451973483,79.6702332736332,0.08376288278541083,0.09303903926176915,0.09791829094557734,0.25869033949100745,0.2307869528175236,0.13042566309636563,0.2847494853082758,0.1160367923183001,323.813005717674,6.301294369208447,-0.18425122168110622,banded_iron_formation,0,T0803,2026-01-15
S000092,21.175708103552825,79.67201735071818,0.06717683696380283,0.08659818614749912,0.09767090042568802,0.199323160107584,0.17216298744699732,0.10709773492317787,0.23412853014921287,0.1730329251467648,248.57193393114326,2.6146885879625783,-0.09886861480905705,laterite,0,T0303,2026-01-15
S100253,21.148703737770816,80.2876624651453,0.12026492909589201,0.09544468908837314,0.15120701859748917,0.1660039205709951,0.2557367002484849,0.22924525266175247,0.12740282942132625,0.10262575260848195,354.9110263584247,9.170524097750988,1.22912180286828,granite_gneiss,1,T0215,2026-01-15
S000967,21.364183040680267,79.69274038441853,0.0793390661408327,0.08710694555295828,0.11936588618587472,0.26979116280819926,0.24828998958961115,0.09690962431361304,0.2533978070612506,0.0008896149294212174,282.9197367034647,4.9943815692707405,-0.33788020731551577,alluvium,0,T0703,2026-01-15
S000536,21.317020392225736,80.20323546437811,0.06805533984171999,0.08409672460669601,0.1301508530869439,0.2521730028931222,0.2812652584022281,0.12530968309272492,0.36146961360636026,0.12891241789551422,297.16055398916666,3.320941881907856,0.3412998188399458,gondite,0,T0614,2026-01-15
S001373,21.3518308477803,79.75877073953207,0.07991187901510079,0.09140572165192151,0.11481792990494222,0.20478642773690786,0.2231453874357348,0.2278842770489572,0.3941302449672271,0.02142863618250579,259.7018069536017,6.9905803121448065,0.05658432914670076,granite_gneiss,0,T0705,2026-01-15
S000520,21.348244101708254,80.13792981567758,0.09106299242655999,0.15183894095476175,0.06695632471179139,0.26548967706712157,0.16113408209477412,0.15512650585820176,0.41701326935023797,0.22661169259138822,256.3449036889964,5.4594241531448615,0.8230930045562858,granite_gneiss,0,T0612,2026-01-15
S001235,21.383644194174963,80.21818458904298,0.06257579904333233,0.064626143895582,0.11726839952299441,0.235291337471476,0.11227067533354773,0.16158278611790267,0.4387864609792025,0.21474189357435855,282.71840940908453,0.7554921274887825,0.32868241310431695,banded_iron_formation,0,T0714,2026-01-15
S001528,21.312551960110344,80.05051946518049,0.10401234932619784,0.08731780063884352,0.11358585761339839,0.2737117791574095,0.21700555344573458,0.1647073738680817,0.3476756291019639,0.12594573832853578,262.13899086758676,0.6162554660130768,0.33824397909306764,alluvium,0,T0611,2026-01-15
S000263,21.558109157246864,80.219754201357,0.08683515362715291,0.11117547684323804,0.07601671560027533,0.21148225096726986,0.26250653241176625,0.15369577001827242,0.48838991156612976,0.10431608710525041,265.6690758283509,4.9752292219602525,-0.13525896569318854,alluvium,0,T1114,2026-01-15
S100345,21.477068903389853,79.94919151553151,0.05155896467719735,0.08514642290597695,0.1470518781951309,0.19915003360350386,0.2296036451217422,0.17318897578170714,0.16624703810562586,-0.004215704305937679,343.4272959232329,7.155894877676648,-0.45761286057666195,alluvium,1,T0908,2026-01-15
S001342,21.572380030288134,79.98068649716542,0.10936855527359707,0.10407378042004733,0.11647136766799712,0.304583026208933,0.20964739267346882,0.17389338262793724,0.36052055635622765,0.17376068697222383,276.9407692433442,5.126455819430983,0.40159141009051785,granite_gneiss,0,T1109,2026-01-15
S100262,21.186200804354446,80.28843213559594,0.0826359685402164,0.06208029601707872,0.12462019954511028,0.23529618135359257,0.3497132153547296,0.191137686097852,0.3186321547282157,0.05013995494905611,163.88670109689866,11.674221373026944,-0.23493262460978637,banded_iron_formation,1,T0315,2026-01-15
S001274,21.09665220685451,79.63626965630208,0.09298478311140988,0.10034224056894095,0.0915282752320656,0.26022288560477397,0.25722849386218016,0.17969531550907106,0.29175808041441786,0.1474842278627091,312.702057312082,3.321538077323976,0.21787622179203914,laterite,0,T0102,2026-01-15
S000961,21.144905071348287,79.71275960027664,0.07559414199963824,0.09425744740169063,0.13248911044625167,0.3013708238385563,0.18074936379941553,0.17206393521432425,0.36311655947539107,0.07086034802705565,308.82830563154613,5.498480346569406,0.4120028568708428,granite_gneiss,0,T0204,2026-01-15
S001078,21.08829832961157,79.58565645826529,0.06458447452690162,0.1120842069446369,0.0943653703197303,0.31636861639896097,0.2649622467170787,0.17413839278542703,0.34173970956312644,0.17322750827436917,308.32240498530507,6.678057153786817,-0.2512208509789415,granite_gneiss,0,T0101,2026-01-15
S100150,21.495775154516615,79.55764731765835,0.06467076331604663,0.0459236463985332,0.10278633913670948,0.2170150971518155,0.3339149315798937,0.19357846237865675,0.37683876806264216,0.006014022431636498,137.14204607883477,0.0,0.6037125141556005,banded_iron_formation,1,T0901,2026-01-15
S000112,21.26256713439303,80.04229783485162,0.11201724592503512,0.11435060994151731,0.08413378573701533,0.20889587369109883,0.24366436536401428,0.1897587854189401,0.4106683386835521,0.18991068899647995,341.9563807631127,5.262449108868753,-0.26475951828390276,laterite,0,T0510,2026-01-15
S000280,21.21279334563382,79.80553510713467,0.05268633865413642,0.0951230359403519,0.13047996202191336,0.21112248679428602,0.2881305715621546,0.1336077648937931,0.309742634857718,0.14429037156985897,312.4307026759773,0.0,0.1253051380788655,granite_gneiss,0,T0406,2026-01-15
S001622,21.273277980103884,79.84350521593643,0.08018683818319414,0.0952696269633135,0.10051945878334857,0.2434171317830578,0.1721742765319546,0.17626756354519102,0.4499383626976095,0.24785005850042754,280.9545570979771,0.2379137306144843,-0.041909349413950865,alluvium,0,T0506,2026-01-15
S001522,21.549983916143674,79.7794864365957,0.1049165058803451,0.11413265265008443,0.10924984235799964,0.22225864524505956,0.23258653716642275,0.2533308196551171,0.21856123518508624,0.23323235261881314,253.65138432749214,13.874857858069593,-0.2465072478585998,granite_gneiss,0,T1005,2026-01-15
S000190,21.02401875767956,79.73056670916554,0.04987398869578569,0.10838973170926978,0.05572850753809425,0.3013173523411442,0.24429565707193288,0.14331627223178792,0.327176147008996,-0.051237115318543,306.66387174876536,9.743208171397303,0.13581146043944853,granite_gneiss,0,T0004,2026-01-15
S001419,21.507471502861566,80.24288291057826,0.11653688641701995,0.0577501991972437,0.1076140297496889,0.2478101162072809,0.28707471280580255,0.14466666528498912,0.16832872856798062,0.2590345720811717,245.18564082835437,8.569346148523655,-0.3342467409465688,gondite,0,T1014,2026-01-15
S000568,21.449686577473553,79.81123775906173,0.08874568549200818,0.07976240101670931,0.11825620759654475,0.24345511278893744,0.21337623458587254,0.11184977899011386,0.3052890301694683,0.14864194500101224,346.90177746284235,7.680416366948634,0.4794566462275873,banded_iron_formation,0,T0806,2026-01-15
S000128,21.451035794864133,79.62353554241778,0.08695332779095455,0.10889571733688028,0.0902208915224131,0.2925645846367834,0.3140245393576204,0.19167893280892168,0.2852795580070689,0.18070125978777468,368.30615532973195,4.563042635012012,0.7041651776488109,granite_gneiss,0,T0902,2026-01-15
S001451,21.454568626723148,79.95918485115541,0.09312256498615241,0.07880183769391336,0.1097019861686472,0.22827807241009707,0.1905470503448819,0.1545583248356208,0.3393004734155093,0.2601995901300884,308.7681282514533,4.374658284094059,0.10290774831533124,granite_gneiss,0,T0909,2026-01-15
S000811,21.236262786840243,79.52244204499856,0.08285770400604903,0.12279970525456452,0.13477953752587973,0.21300582244361518,0.27432625458809123,0.12909129963194338,0.23271345902082852,0.0899807787553912,199.84286194737285,4.536503610167059,-0.7607658870394528,alluvium,0,T0400,2026-01-15
S100146,21.19894139840553,79.75156055339536,0.11254802678929371,0.10840645659552259,0.13336395687115263,0.24370728668606134,0.2337850998405126,0.1266853580464199,0.30060086167892475,-0.0007039763585740752,350.58924246656704,4.63821098979809,-0.4931200552582988,granite_gneiss,1,T0305,2026-01-15
S001344,21.240912049608166,79.73673328432385,0.06758985579610698,0.08344451961038218,0.07895939941798756,0.3181478519489936,0.20158394393316167,0.11169336140844868,0.31594812000561123,0.04788885622880487,286.3532249249307,0.0,-0.29246390511674614,alluvium,0,T0404,2026-01-15
S001568,21.27375068683672,79.67016384437157,0.08779401780781071,0.10481440581159601,0.107252044384523,0.28829531269916814,0.13524333270672456,0.15356176038372812,0.3902726444653164,0.18975821211770316,272.1393739267966,8.958784191619767,0.493119141508963,granite_gneiss,0,T0503,2026-01-15
S000042,21.07449000774641,79.839492231548,0.09544222757548032,0.12287054840114021,0.10863254001758502,0.19578339880180182,0.26447753555877224,0.20110937947916563,0.32229682877382737,0.2217415462978649,257.5045199118537,9.400037741949742,0.3496322529792617,gondite,0,T0106,2026-01-15
S000594,21.45803223248597,79.88325149166818,0.0819639067360561,0.11003846599443241,0.10598114075882002,0.2086868053795292,0.1594812281199572,0.1616768497735483,0.36140269618331694,0.1846717029195203,351.9237403165961,9.205147460697868,-0.7052381369804759,alluvium,0,T0907,2026-01-15
S001517,21.203419165138495,79.90334505869255,0.08464146823318282,0.11054909280924978,0.10253180714139579,0.22258704782994998,0.2160473784042591,0.16093577370930748,0.4079415470974196,0.14276232233783262,263.25745794619405,14.080773110569007,-0.5205115615275677,gondite,0,T0408,2026-01-15
S000299,21.387593676121806,80.14816788455947,0.12068301320116162,0.11749820120551398,0.11860920139576465,0.2572382635908959,0.2776534835150736,0.17812097424864698,0.33797460404588864,0.16281347205719943,258.1442042336427,0.0,-0.32144657432970286,laterite,0,T0712,2026-01-15
S001012,21.109908362180207,79.66124474213707,0.08699372772232486,0.09891154979436173,0.11366476311962881,0.3055803119291266,0.11095845266620893,0.15894146594595746,0.30294261186432403,0.14349080394248453,175.34799235695877,9.846916368448035,-0.419801499438844,laterite,0,T0203,2026-01-15
S000103,21.141535352509226,79.95078304124485,0.12285574212403877,0.10874469087730344,0.09790407469761067,0.18780554835527355,0.169547864878964,0.15578472437613097,0.21832130445330536,0.23034033280736246,179.99968385107655,3.3532639646174043,0.5345197958144727,alluvium,0,T0209,2026-01-15
S000989,21.45760251512851,80.22720016167419,0.11159335653786422,0.1035155049848009,0.12129143990147834,0.21995509959775356,0.3021996440109107,0.15741147522393775,0.3085723279085971,0.2711927087644901,312.09352670817276,1.3265230523996805,-0.11035242951573399,granite_gneiss,0,T0914,2026-01-15
S100186,21.224194637324228,79.81405817267354,0.0914371836527342,0.06546786637752444,0.10736368621834438,0.27234060726430254,0.2699912371903147,0.1615808450293055,0.1301785254183204,-0.04869787921587132,334.7222605397199,10.11696621573425,0.7179890624008879,banded_iron_formation,1,T0406,2026-01-15
S000787,21.16354115450087,79.67692913536584,0.06642474254080791,0.12479376489016833,0.08041956460601421,0.26568864067748527,0.30874748698586674,0.1796020880134123,0.43735124231157296,0.10825106141123478,364.01071214766233,1.9540566836843087,0.1758488839578325,banded_iron_formation,0,T0303,2026-01-15
S000864,21.06493826210212,79.90709933927202,0.07155181227850028,0.1184246385487774,0.11839222052074627,0.2626159357197945,0.25449743931793434,0.14520461193839151,0.38511831068814606,0.1369898441823065,228.30393272921128,7.036481544531037,-0.27863294419272744,gondite,0,T0108,2026-01-15
S000248,21.390127364509027,79.69470775662897,0.08049033839076854,0.11762459103440266,0.10756774786821048,0.22772449596147976,0.24363199289934573,0.1595424782211456,0.28595943195234647,0.26345352681425177,267.0041540843527,6.4632029323747835,0.6931549725908978,laterite,0,T0703,2026-01-15
S100143,21.343036831425646,79.90290634014647,0.08443965555352542,0.11078609105885749,0.11715920783534119,0.24624004903084862,0.2924502314795509,0.2794359999606089,0.2690372304379679,0.08858342100911859,291.80980949007636,1.6146519555180783,-0.408396589635128,banded_iron_formation,1,T0608,2026-01-15
S000391,21.115645734474448,80.2636198891073,0.07484654990601894,0.09921680102658462,0.10181556519784829,0.2271606550360996,0.2496199804571414,0.191426258989087,0.4912284925194898,0.21627972774606033,357.6496194350292,0.03419214979069718,-0.010987815790119754,granite_gneiss,0,T0215,2026-01-15
S001174,21.122653282734127,79.63415297157556,0.06352622581713732,0.08439338711600472,0.07231357728500572,0.2564947944126404,0.2070518893367101,0.1510128581929747,0.3497882295003117,0.24341674321643703,192.47736422154532,4.514752158434195,-0.2900024474822538,granite_gneiss,0,T0202,2026-01-15
S000621,21.57238690936025,79.60282940636876,0.10950274213684741,0.08116040680493977,0.08979410504360465,0.26274761811892233,0.1611730341431443,0.10941517342936496,0.20433071884304266,0.20488591826085228,234.30936048152827,1.9563460807699293,0.5094631055836476,granite_gneiss,0,T1102,2026-01-15
S100197,21.52473722450248,79.89215803392126,0.062203920213031796,0.08573905836617372,0.12606096565865432,0.2100006087675841,0.31724217970398605,0.1739174512286583,0.35468689676304177,0.13851778665366254,303.74638237574374,13.561013123777121,0.4978174030589162,gondite,1,T1007,2026-01-15
S001273,21.48820702240888,80.1696884107243,0.08597112087291349,0.09916253359789658,0.1169651965025086,0.27958505466384415,0.20750789997559096,0.1236091813643696,0.29817579532935057,0.28708283909680615,262.83320908800766,6.6291607193607165,-0.11075074319442245,laterite,0,T0913,2026-01-15
S000523,21.109636608922866,79.64978450087187,0.10931445878053,0.1010212153100891,0.07179615272301562,0.3225935008116168,0.2768618423170379,0.21795001761809826,0.2933571773633205,0.13989958078271758,201.39874230526277,7.9627241359814125,0.22724809145365882,laterite,0,T0202,2026-01-15
S100279,21.510678976093324,80.19236523844452,0.08485288542647725,0.11748684856892776,0.12171998130010431,0.3055824103432025,0.3200483330845686,0.1775449967955246,0.23830160231431505,0.0052347626378767,237.25104491908473,5.536240464670856,-0.2710019517629855,gondite,1,T1013,2026-01-15
S100293,21.059467884947924,79.69012669068847,0.09074867708454674,0.09537106404622418,0.1118365364802209,0.31876436280091713,0.28091516391927673,0.24099019826058588,0.4368596421774661,-0.07164002165959925,283.83683821818664,11.464941586213252,0.2327483870831399,alluvium,1,T0103,2026-01-15
S001463,21.30821917108196,80.02444408991109,0.0718679753551311,0.1006746439949667,0.09355054295851375,0.28653661663916224,0.22576547207502512,0.12070370147380302,0.48550625020976407,0.12301029586173251,245.96321203070423,5.342889100965141,0.8014524464211499,alluvium,0,T0610,2026-01-15
S000040,21.219823292945694,79.9210326280003,0.07649113115633441,0.11891754177429245,0.07948169930072177,0.278978179106618,0.2441600720879267,0.1709829892326907,0.39508257685579307,0.11474147080190941,285.15168514979445,0.7208128007732073,-0.11949279358994717,laterite,0,T0408,2026-01-15
S100122,21.050666592683932,79.97064499872721,0.06636770894939133,0.10128273604756308,0.12854962084241678,0.2273524290056,0.3097910513519463,0.25179260832454703,0.36413935581977175,0.03807281036507222,331.97810107469087,6.021506574245747,-0.09824921019905367,banded_iron_formation,1,T0109,2026-01-15
S000847,21.597245436926702,79.8322110797059,0.07851908931069661,0.1332518952180673,0.09355186524956367,0.21994304691420205,0.21855815642808524,0.11897775789881179,0.3692311058003679,0.15932103057781355,303.27276741359424,3.6781181225159028,-0.5660028113731221,granite_gneiss,0,T1106,2026-01-15
S100202,21.300444711721408,80.17487070781003,0.09045687521498061,0.13342242457126496,0.12892282008495348,0.2378275932204083,0.2579832022660581,0.2389183708745,0.07538425121800538,0.0636684122035841,314.68316328480995,14.879748923764925,-0.11988550644679588,banded_iron_formation,1,T0613,2026-01-15
S001102,21.271347775248923,79.97101335969617,0.07279164285314785,0.1448440417719286,0.08717397011443366,0.212960718969666,0.2078896007122181,0.18547402700376148,0.2532716341102449,0.22858187293281992,329.3785135806729,8.36813180549683,-1.057309533229893,granite_gneiss,0,T0509,2026-01-15
S000475,21.0403824424014,79.73191333750329,0.09830695595503197,0.12044124986131136,0.11718240335641664,0.21333833543662398,0.1829417260269413,0.17759361701274692,0.32526154208396124,0.1204324823554587,288.87223548760835,0.0,-0.829670800067596,alluvium,0,T0004,2026-01-15
S100246,21.361864294403237,80.19344115060954,0.06669876559276754,0.11408380690246335,0.11390264274013186,0.2742821373908221,0.3116053330835502,0.175982740195397,0.184875687191605,0.13910179381282645,426.6309704154635,8.04625459607879,-0.6509672850817523,alluvium,1,T0713,2026-01-15
S001079,21.406412777469065,79.72133125141319,0.08771963388174896,0.1109447519267688,0.11533323260950863,0.22786920355728085,0.2037962923888878,0.13981446706526826,0.3612420517482859,0.2699571967417813,221.88790461687964,12.395691348965727,-0.45978651494115125,banded_iron_formation,0,T0804,2026-01-15
S001393,21.182376155211653,79.77581930873214,0.08674470957048294,0.10637404219775286,0.10590936718543698,0.2330020942340551,0.19825864049085612,0.1720075577709054,0.235747468497284,0.16132336773651368,329.0562043613048,3.8799425051174747,-0.8734720675884337,laterite,0,T0305,2026-01-15
S001541,21.286197910358084,80.03387521904315,0.07932040856790643,0.08147122092144776,0.08838087353087688,0.31121053811651656,0.284760694024622,0.10258148996788521,0.25762554691960554,0.19351216642631475,314.272436209027,9.085742369073106,-0.022360127534629754,banded_iron_formation,0,T0510,2026-01-15
S001347,21.341062446825433,80.08220422308257,0.09543440955963187,0.0960672344489607,0.10038921388824895,0.23777269981892157,0.17142768212269222,0.14196265937375224,0.33972699337349543,0.2534721411096317,226.00559744735472,4.5668462034862785,-0.5469838763018402,gondite,0,T0611,2026-01-15
S001520,21.04319745968308,79.82088100577612,0.04872892142370674,0.10446772334781605,0.08727587919155413,0.30018210584608096,0.2642603199345818,0.1600595746318347,0.35314504098422017,-0.012069577382281732,223.34109195955284,5.880666382848652,-0.5702065096866875,granite_gneiss,0,T0006,2026-01-15
S000793,21.175741642747422,80.214700652707,0.05257988787437655,0.09802937769824249,0.09601856676813805,0.2597420440332638,0.2732286578647962,0.18023733808239753,0.42785006984409946,0.12024005048113594,301.25888916359713,10.882981861955162,0.5825055936340882,laterite,0,T0314,2026-01-15
S001301,21.236997786103537,79.83035482418633,0.10014484621169518,0.07171604381230053,0.09380059456415546,0.2995558348710515,0.24572935859501532,0.16805596246239896,0.2955025901126255,0.08484564184784646,315.7158106865038,3.8854167034011757,-0.9053169124811725,alluvium,0,T0406,2026-01-15
S001066,21.116903102706914,79.57209459494067,0.05983529015027899,0.10552398572384818,0.12331440515555447,0.2795516954103942,0.2553616203851772,0.13039489046331765,0.2558226309381262,0.20019003043009193,281.2783934686344,1.8053323835718573,-0.21952717070623157,gondite,0,T0201,2026-01-15
S000024,21.395060055709965,79.79984249665395,0.07714847524067985,0.11849587606728615,0.07757680579332046,0.3356965295688391,0.15227301103588392,0.1788012739761776,0.31944506279329454,0.16964304138662134,154.21723378537268,5.464113589147484,0.35153274689717157,gondite,0,T0705,2026-01-15
S001398,21.2054610537971,79.80511196589447,0.08950876023054738,0.08656171267559641,0.10520272318246345,0.1877648766743512,0.26345178921599466,0.1443740207497069,0.40096656802311964,0.22241005703589278,379.5719559855136,3.2076423007651838,-0.5022810724149901,banded_iron_formation,0,T0406,2026-01-15
S000494,21.2657452987925,80.20719382572084,0.07899366341454579,0.0848241711388872,0.09813811459668598,0.22867181654034363,0.21736464458180843,0.1410532058589257,0.31562141320420223,0.15017607215213635,348.09462594263164,6.038255712880172,-0.013192930658313333,banded_iron_formation,0,T0514,2026-01-15
S001229,21.299928998837757,79.77128564177441,0.0497485378464414,0.11037799017998964,0.09542430451472982,0.2492633947384152,0.22119181208981187,0.1472844601079011,0.4266247404398865,0.17913060900919375,331.97637471679076,6.504902205244188,0.2102735355990176,gondite,0,T0505,2026-01-15
S100219,21.238546916294965,79.77247263647322,0.07419868452125497,0.15628894906532323,0.1564975803561423,0.3068011167114842,0.2719583670404878,0.19388878977126756,0.21603529299587337,0.06346947824377269,272.8414035241187,12.246942839986007,0.1054323010440436,gondite,1,T0405,2026-01-15
S000281,21.098049946524156,79.76063323287804,0.10803387901371936,0.12695251002627508,0.11006446408852849,0.21841850156304193,0.256611055089822,0.16605575688459231,0.4121637277189505,0.24157008654542345,353.99292439116755,11.259258447486644,0.5298353186749304,banded_iron_formation,0,T0105,2026-01-15
S100001,21.263327063851232,79.5957868708009,0.06864555713494597,0.10959381061195062,0.13434696915217353,0.28160302197888926,0.2714347563119979,0.218236520452577,0.1769869938477582,0.06791347950729561,246.99689489681558,17.82610122856161,0.05355251500473584,gondite,1,T0501,2026-01-15
S100112,21.183573974490393,79.59537402095819,0.08227599130680593,0.08660009806243556,0.13221682062273377,0.24929608282977447,0.28142352723075276,0.24563153982035116,0.33783628577516595,0.14184176835539403,428.53487252496626,8.639230346490447,0.14344555914630236,gondite,1,T0301,2026-01-15
S000338,21.033121339924843,79.71641567736816,0.06479680971367953,0.0990158107412525,0.12626983707693912,0.3237521845809754,0.17494624621677868,0.1314092365371387,0.43160587331438943,0.030779746711679157,307.28925853822057,0.0,0.33065741330655773,laterite,0,T0004,2026-01-15
S001555,21.532626652225193,79.93533080611932,0.09191754871297765,0.09632936958630886,0.09008845012372915,0.26629325856346414,0.23387711575746775,0.14458985030992255,0.3099136424313974,0.19993263326834765,325.85800729189106,4.723306682213639,0.18342388091303796,laterite,0,T1008,2026-01-15
S000591,21.59805400388658,79.61300758072487,0.09490775306170258,0.12023698482525899,0.1334884988505343,0.24728612169765188,0.26807390408315096,0.18264966003911925,0.31745083883562353,0.07587408182379558,269.2545423479579,4.812453202804405,-0.3728767902574972,laterite,0,T1102,2026-01-15
S001288,21.320571529286045,80.24874296910478,0.08899703436330997,0.1442381850039243,0.0784316108071091,0.24755632881420198,0.1691462514560766,0.26045810097148775,0.33810123273862336,0.23986452286458287,211.99574199802896,2.772167559306512,0.748341248104576,laterite,0,T0614,2026-01-15
S001276,21.001446838459007,80.1722124376511,0.10850466814596375,0.08572597653058953,0.12319149363024466,0.2251047511660084,0.24207067509257202,0.1879062761986936,0.31342038358871266,0.10925673225215463,214.0378958050785,2.6877963178518636,-0.7060498457920168,alluvium,0,T0013,2026-01-15
S001525,21.593541149410648,80.25930413286129,0.017944784067518545,0.12837369683306704,0.1369482449722229,0.22797352204685953,0.2502761189190781,0.1744287930230051,0.33331208015733077,0.0863879674119644,214.02398272720555,7.11507054283854,0.8890548696877744,granite_gneiss,0,T1115,2026-01-15
S001050,21.424066954505605,79.94327139649727,0.07784954238260773,0.11887158713477325,0.12302644599556209,0.2627093315332129,0.2403752940990418,0.12929427102023083,0.44514597188427185,0.1906229212161512,270.53375417414145,9.436506758593794,-0.24487875532885534,banded_iron_formation,0,T0808,2026-01-15
S001049,21.5943748640211,79.75470899763425,0.07648051683861044,0.08854524834184051,0.12088915747669442,0.26380464594539116,0.2023163978165332,0.1759682558598105,0.2953387273447581,0.2263355432575701,129.79314345186654,9.105577176407941,0.0979975566334696,banded_iron_formation,0,T1105,2026-01-15
S001173,21.57908896297699,79.99828075954444,0.1022684130707491,0.09825403381860487,0.1198743963623393,0.2244257601781631,0.2716776454649028,0.15092845093740895,0.49994770959041135,0.1886697207222839,204.29565456713857,10.91997479639009,0.5254236971143625,gondite,0,T1109,2026-01-15
S000931,21.342289790882642,80.16420152721383,0.09930774661452586,0.09722505304996544,0.1180569198156386,0.2725028172771097,0.2712900904805901,0.1228726610644604,0.32304952612838733,0.1196853655851116,339.8090212013934,6.0902236586388785,0.4936528470398024,laterite,0,T0613,2026-01-15
S001448,21.25987272449179,79.68968308143914,0.09647985302667361,0.09645024923386868,0.07929990623101929,0.21478876119967982,0.22884478121030752,0.17987514617690575,0.37118876072448975,0.11909864860886522,239.13577931398254,4.520060738846774,-0.4187627477363674,gondite,0,T0503,2026-01-15
S000081,21.55793072637178,79.8340321887428,0.09441419460006775,0.07593482822537793,0.13669512478251009,0.24913235494027441,0.3085828619961887,0.11289758167183847,0.39863516269915517,0.08754439312745965,398.4286621168246,7.75487365444963,-0.18766331267887593,gondite,0,T1106,2026-01-15
S001160,21.302799166708304,79.64798647580392,0.005998168818187169,0.1065285242584008,0.0836298860469463,0.18831991840857049,0.27328601087920235,0.15132724868388547,0.47004024908943143,0.14371545252301557,212.654407738163,12.887727407877602,0.593755937076743,banded_iron_formation,0,T0602,2026-01-15
S000776,21.083022415736163,80.01872490275866,0.09895078874335306,0.109249083520957,0.09928980113004153,0.20921574114799635,0.18582025513655087,0.22607756242014887,0.35486120781155284,0.09735311533676223,256.9466289971812,3.9554389809635575,1.0983463781652234,laterite,0,T0110,2026-01-15
S001355,21.279148401380297,79.96299583929489,0.0546268514510069,0.1296490512450411,0.079190447312854,0.3379073657998458,0.2820958089309571,0.17824050318658152,0.35447762028630053,0.20885217568467787,364.6843483887653,9.96837124859095,0.1384967375401727,gondite,0,T0509,2026-01-15
S000896,21.0797556305862,80.02325589524666,0.06829728018901171,0.08544735711444082,0.07532099900818232,0.3153852258140454,0.14233166179758072,0.14997614380142024,0.3446621488813733,0.05309157078736863,252.87093305589062,8.494265270534708,-0.10198210349623638,banded_iron_formation,0,T0110,2026-01-15
S001503,21.419967711257183,79.77944385555016,0.06560959641058225,0.10256412672182515,0.10255198465534512,0.2309118862417648,0.20893524914045228,0.14881545644058972,0.14776563371255128,0.2292221367424197,377.8313137939552,8.683185910373098,-0.11202825725241866,alluvium,0,T0805,2026-01-15
S001271,21.093307560607364,79.8936707880432,0.10185964942211977,0.07830914709228064,0.08397236391913136,0.22856132458009457,0.21911215332345318,0.15417308681952244,0.3724186225178557,0.15458229628908135,252.75243016973,6.1341404188105235,-0.028132927132629604,granite_gneiss,0,T0107,2026-01-15
S001335,21.443305827559826,79.6437456123037,0.0921746871878883,0.10780866898438286,0.09539125294470421,0.255713677701279,0.1898270561866559,0.16163299760535974,0.23754501041456694,0.16113402486378645,226.42201707916882,6.778288956961459,-0.38856490759731516,laterite,0,T0802,2026-01-15
S001037,21.342322808811044,79.88671922231035,0.08760062814388588,0.08368455118766668,0.10169902450591241,0.2796750576783669,0.23241770913880933,0.19041328683813938,0.43331272061815435,0.2993331511302536,244.4168624654165,0.0,-0.08865024291774169,banded_iron_formation,0,T0607,2026-01-15
S000303,21.360600330561407,80.06624111887348,0.060586393192963356,0.09604786896369732,0.1196299054010157,0.25059382841985867,0.2613408174238593,0.1936798205368671,0.4159253180509551,0.18087529761198134,146.03407968538193,7.812638983445318,-0.10519494194539188,laterite,0,T0711,2026-01-15
S001475,21.068637334440766,80.26637795307346,0.10382114190393912,0.086884256028761,0.08503872705538426,0.3303483481819768,0.27431742008409665,0.134050781444047,0.464364991803826,0.2333034425019827,226.40739968813682,8.397018285228576,-0.4184328786423214,banded_iron_formation,0,T0115,2026-01-15
S000897,21.52702964455499,80.24816167311658,0.13117462843961236,0.08471702886157363,0.06203227234325807,0.27134389836200257,0.25465715938774597,0.19086572603000634,0.3644278197404293,0.06699489504676326,318.16900959076463,10.878917356774803,-0.3424342206385174,laterite,0,T1014,2026-01-15
S001413,21.445719950589307,79.81353136585689,0.05627570121860131,0.1306906818818673,0.08431751712712705,0.21334594547519134,0.18745481153458396,0.1529137695677562,0.38635306447348483,0.28324222098748014,307.85263568916275,0.0,-1.0796920508818233,alluvium,0,T0806,2026-01-15
S001340,21.149713588183463,79.70796774937993,0.09745824188598393,0.1466461326941177,0.10681874287198537,0.2408193400529842,0.2478841948829334,0.1434279934674115,0.38175442624044925,0.14318340577240296,233.02613682480217,10.310355219798648,-0.2949343477536595,granite_gneiss,0,T0204,2026-01-15
S100317,21.411446007273568,79.89753327690428,0.09109593043450627,0.09375463610786695,0.12647437791158128,0.20805633420689632,0.29783699295848365,0.22763662376538174,0.08134327174328135,0.003610901415131533,250.77950501601435,5.113524907948161,0.4371388394595322,gondite,1,T0807,2026-01-15
S000288,21.436385135776458,79.60005121846493,0.07784271897402749,0.11039714347001066,0.11469634133457418,0.20991050268819492,0.12189451242937192,0.18301232701457698,0.2678959559923394,0.20546807926732824,148.43385744948756,4.57730046490716,-0.46884536963343837,granite_gneiss,0,T0802,2026-01-15
S001074,21.30355200805492,80.2009816886716,0.10432297881960036,0.10302613080019471,0.1268879164206232,0.23217172972674086,0.20506985044905618,0.1876441352484259,0.2131830274942648,0.1678923209536045,259.8122428072496,0.0,0.513493424710977,alluvium,0,T0614,2026-01-15
S001119,21.054701721319653,79.78777012613715,0.054542675479893346,0.08667746051300615,0.05701184118425082,0.3012052192324,0.22047330072948937,0.16148196944559703,0.2874022779315927,0.16798034300349868,198.76034584033525,4.643865243500914,-0.5520395510034741,laterite,0,T0105,2026-01-15
S000349,21.076974854626265,80.2171040396385,0.06539255595278402,0.09883935987169608,0.07664057697987246,0.24910730690964286,0.2401807782882291,0.15604626761228418,0.34573597256920785,0.10431254093889171,281.37390762846786,8.492705712066412,-0.36751891728067015,banded_iron_formation,0,T0114,2026-01-15
S001022,21.551054240167154,79.93247965717339,0.09624832503283945,0.08478380217261092,0.07850174869979883,0.21123089147605326,0.21539070635513813,0.10247391374627057,0.33133341270595223,0.1376004884085653,304.1319349597919,6.755407158382394,0.030468784935434416,granite_gneiss,0,T1108,2026-01-15
S000922,21.15969709101841,79.799236849074,0.08643203613632734,0.09920689440936761,0.09241048362769645,0.2596023686766765,0.20572768637107783,0.18377828185939818,0.27174148703016227,0.21347036006781278,337.6250887666375,5.543657609230254,-0.4789821112618357,gondite,0,T0305,2026-01-15
S000612,21.54843634819587,79.84064204514526,0.08731218926867185,0.09348888274774447,0.10915743294869108,0.309918254543143,0.2538486541262156,0.13077432817809534,0.2685418589119158,0.2287045112979087,406.2779559167784,8.458076798695721,0.10279489495761418,granite_gneiss,0,T1006,2026-01-15
S000267,21.278226783732773,79.59910896242707,0.05375469804997079,0.08562240014750427,0.08065647427736383,0.22536312609387735,0.16425698946819794,0.1868107253297718,0.22587279980019356,0.06519472762244746,413.31953735107163,8.714079403210416,-0.10658426246515242,banded_iron_formation,0,T0501,2026-01-15
S000272,21.4127022359577,80.2096180724467,0.10044604697384654,0.10582494250731367,0.1105977603311813,0.28019945457158524,0.20548268503544068,0.1489310180526917,0.2093543471997109,-0.029762040311424626,285.71514384684764,6.11024179821932,-0.31677541775569534,granite_gneiss,0,T0814,2026-01-15
S000946,21.007707749133537,79.84079367885896,0.09219171362825321,0.12115973361459013,0.14288405354437345,0.20937223619265138,0.2977172168468559,0.21691831963674907,0.3560837694043766,0.15629722880837463,238.2531766237122,1.8370803420671575,0.6438708914450221,laterite,0,T0006,2026-01-15
S001040,21.361489198772105,80.12482672604193,0.06276370574047146,0.09937369987714205,0.08938300061117997,0.21206624928331155,0.26336188199721383,0.20432158388606037,0.3291576348963034,0.1682094785320946,371.5071465929361,1.9764253864310493,-0.7996188930158312,laterite,0,T0712,2026-01-15
S001048,21.255326380829832,79.94325687751308,0.039619958081543276,0.09190903617096863,0.12595333717209906,0.24204530670628588,0.24594500000563546,0.13621684432188644,0.3611228031914949,0.15401980423457798,303.2393632595139,7.065469761020701,0.06834314695282806,laterite,0,T0508,2026-01-15
S000888,21.072289082483472,79.67140465834677,0.10019047439719088,0.09376274920671511,0.075605780441819,0.2063247566496121,0.16088949853231238,0.2059265581939529,0.273263927985914,0.05236616577829986,356.7557196989872,0.0,0.18629717574793528,banded_iron_formation,0,T0103,2026-01-15
S001592,21.375128873790402,80.21643295984994,0.09415058615993455,0.10013180724468146,0.09500375342972393,0.24717115645796134,0.2484055412862471,0.12179929372737511,0.34389084004546266,0.09516011783714659,299.6613222947093,3.3472081880976168,0.1818093987862632,laterite,0,T0714,2026-01-15
S000894,21.587385755190247,79.83816673155471,0.07776304810990682,0.1253584701268004,0.12191224074253408,0.2379426605875796,0.1849484954796185,0.16522700140892457,0.2960194608061531,0.18309037391581431,217.75683996086778,5.213383145196601,-0.14522520345744827,granite_gneiss,0,T1106,2026-01-15
S001136,21.032586165516424,80.25613241396779,0.10885081018182416,0.07765361992047669,0.10325974951093589,0.2489690139454408,0.2714309575583347,0.21308746264956743,0.35590374510779416,0.2438271133118703,253.8106545217355,9.380709785641542,0.37812897452502625,laterite,0,T0015,2026-01-15
S001011,21.114311836192442,80.19891179714864,0.062424044751283395,0.1069416364699601,0.120630775069741,0.21089431491858313,0.3036101775592957,0.13131053929793052,0.39163365994403143,0.18856050839845656,221.27635823520978,11.186949629123136,0.521554461441279,granite_gneiss,0,T0213,2026-01-15
S001169,21.47760983525496,79.74453010168884,0.08115428831758953,0.11431921950343625,0.1025567253307571,0.2389112222839569,0.3148967213631828,0.1596767739940041,0.3355331105008308,0.2849178427795629,260.6056312216702,2.1913531876310994,0.24165691121625152,laterite,0,T0904,2026-01-15
S001303,21.08187697812831,80.28434313000409,0.08402053792432254,0.049709815518636256,0.11439661287919584,0.24852777922734903,0.24009578470202633,0.15608198130629938,0.3915843002844506,0.24862636746073724,224.3647813237744,1.3871413939681494,1.1319201346348258,granite_gneiss,0,T0115,2026-01-15
S000994,21.03356452438467,79.78115409162629,0.09668904235230934,0.0909034008759135,0.05437026465953171,0.18309211226607788,0.20263765136761627,0.17783093896003005,0.3212634646678284,0.16105355380639122,255.00277800855315,3.3054900056314063,-0.4333801246785085,granite_gneiss,0,T0005,2026-01-15
S001565,21.03527379694021,80.01187472009826,0.09764627590059391,0.12001422097269779,0.12679295658283343,0.20766709884569054,0.25273229003426523,0.1645286884937178,0.28909130933940985,0.15577878270342227,152.46410052816123,3.34729686744118,-0.7666773859387065,gondite,0,T0010,2026-01-15
S001540,21.483732348464898,80.05340162691732,0.0959618139280223,0.09244863649204052,0.11428682505523914,0.16252862340407837,0.24852529226388578,0.1444363395517185,0.4364334774471186,0.23009303984311963,305.87651843908066,5.469129174294857,-0.12001504960962013,granite_gneiss,0,T0911,2026-01-15
S001283,21.127100676875106,80.0537471189152,0.06623897009611525,0.07356236934840492,0.12652926500250825,0.14048288036504142,0.12987776129461162,0.1211306196798973,0.3678590348939863,0.28649736090943084,317.2277415787537,4.185623949823094,0.033611293992249894,banded_iron_formation,0,T0211,2026-01-15
S001488,21.59117755394175,80.05025234223703,0.0662033051964552,0.09952938752925579,0.10017048566540251,0.2715735627492347,0.2639598817117642,0.16011802504683073,0.45819603016738797,0.13120840450396148,318.87898382164354,3.169506581214975,0.11601866599915951,laterite,0,T1111,2026-01-15
S000435,21.21830806861529,79.77512655637193,0.0993010216922801,0.09686342513481502,0.06539343173833581,0.25670700199736074,0.29144349733461156,0.20431676350764674,0.24027990868446808,0.15507696368451773,312.0980983564251,7.7095995214368145,-0.17150430950814033,banded_iron_formation,0,T0405,2026-01-15
S000285,21.464821555806736,79.67697711201966,0.07475227927668163,0.15038471630890035,0.08819126725519776,0.24391595919402134,0.23558141763824172,0.1075286712117211,0.5936260473608916,0.27014992370339574,240.4779900294558,10.761580214399682,0.17128492585210484,laterite,0,T0903,2026-01-15
S000652,21.43435636773185,79.86918485736608,0.0845992752430764,0.06376632927177187,0.10293696916817288,0.23466349837480577,0.2211697065543844,0.22720754634194518,0.3748082310795749,0.18885589747172404,252.80790123863488,10.037353904847947,-0.3783954014849381,gondite,0,T0807,2026-01-15
S001479,21.06336287452074,79.63418103276925,0.08881483207325525,0.12200784379907297,0.10110956646982017,0.2098649295928026,0.28221970284208586,0.17799067831191923,0.2541353539933435,0.14795793599008517,305.3510521778755,11.488797996024172,-0.014500306327708223,alluvium,0,T0102,2026-01-15
S000196,21.518294970158255,79.96111131213236,0.05938470144396539,0.12783367546800226,0.0813837161050962,0.1847518122111976,0.14885945778226417,0.18120476082573878,0.41157492132981743,0.1251773688927823,329.72772280964085,3.0231308123922735,-0.2438053529084495,banded_iron_formation,0,T1009,2026-01-15
S000321,21.21122431802605,79.71725229643526,0.062277193931208716,0.10861317970656767,0.08978551917548297,0.27852059444310084,0.25385225833688596,0.14617383060252825,0.20242742223870186,0.0907785210195347,274.1386431476385,3.2399529361758597,-0.6414528008927332,laterite,0,T0404,2026-01-15
S000217,21.349457840953306,80.11315966497874,0.04585007196278563,0.0886406308536386,0.10953682225379703,0.22900071844334843,0.2506566758034109,0.2110858357661687,0.3756481565083888,0.13358210205945734,315.78031003564786,7.756227267895243,-0.5475780399564154,granite_gneiss,0,T0612,2026-01-15
S000749,21.28667454409103,79.90998428981362,0.04034841928264347,0.08486336632623273,0.08521217889796702,0.20904829215033205,0.1611139645307968,0.19256754637671172,0.29269803466641137,0.27592984437913237,154.7150098211503,12.830789369388949,0.12360708880998578,alluvium,0,T0508,2026-01-15
S000906,21.07466551669774,80.2482789562641,0.07784992001540743,0.0750252436787239,0.1025913608167007,0.28435659639049643,0.2310127136564235,0.12808051893619318,0.3798450476300102,0.12592695864545284,285.8890512733529,5.068320000812715,-0.4832584456765018,banded_iron_formation,0,T0114,2026-01-15
S001362,21.012325820716885,79.98702807151021,0.11999347584203723,0.09710463232481685,0.08967043580898339,0.2973686701348914,0.19825376416261048,0.1413351519181651,0.29012685266604926,0.17736513862908918,388.6197627858845,0.0,-0.037702914001958694,granite_gneiss,0,T0009,2026-01-15
S000823,21.39122908992292,79.85150578605439,0.08762732075621758,0.14172993166946496,0.05039187930997445,0.24870342412383062,0.20000508730551436,0.07983706347253806,0.26932026997546876,0.1088355372115502,223.4304569030496,7.241729375024417,0.8521902399835086,laterite,0,T0707,2026-01-15
S000164,21.199260712704604,79.69318246817231,0.05107433525275793,0.04878516086992848,0.08001147204831566,0.28768506367324803,0.211641072412934,0.14585371931627453,0.2963127285825913,0.17068267889501842,226.54755158881625,0.804408374808613,-0.4730150939199204,granite_gneiss,0,T0303,2026-01-15
S000699,21.095048228068666,79.50278553894769,0.10761775632139295,0.0988328127904694,0.1173620714312923,0.24170002471292654,0.2213915939382172,0.15640391961093797,0.38993605273108556,0.1410948946398089,311.91523306717204,11.363402884407442,0.0976640825163018,granite_gneiss,0,T0100,2026-01-15
S000180,21.599217295512233,80.07882790711723,0.077836519565066,0.09487642686319037,0.1132466011436704,0.23671096732315702,0.21744190672486702,0.1531434622908276,0.405709605737767,0.16238844348598352,432.31033389905605,9.049182932676723,0.9285522095316221,banded_iron_formation,0,T1111,2026-01-15
S000834,21.008660881667414,80.29852240049016,0.0685943331637527,0.10041217413570906,0.12300478235962284,0.22729234763863837,0.23092264810187693,0.18283095312684872,0.2999590606611028,-0.014917481502982527,242.55331993755587,0.7232026258525641,-0.16121002913516164,banded_iron_formation,0,T0015,2026-01-15
S001318,21.135365522539107,79.60073656118915,0.10295546801194837,0.08586410382743648,0.11682794052762986,0.31437638671145446,0.17886713797913176,0.13524921140952909,0.22707409234481962,0.1357290550854665,352.03323993443786,6.380958318809895,-0.297385106785654,granite_gneiss,0,T0202,2026-01-15
S000388,21.066096357631995,80.1469742974098,0.044359059367482245,0.126092472397105,0.09633643927584404,0.2626982373948796,0.21353506845227446,0.14032925993346598,0.4329436346000165,0.225182596159133,315.1522994126502,0.0,-0.6358823285541305,laterite,0,T0112,2026-01-15
S001491,21.510989701400682,79.69960015762662,0.06408547594582313,0.12563684964071453,0.08805330814065752,0.25488234257822345,0.20574024559067522,0.16806587675161283,0.2504333653854838,0.10376862735747389,302.25415268669326,2.8436492233127333,-0.6661884784215563,granite_gneiss,0,T1003,2026-01-15
S001070,21.472931425199835,79.70858879820537,0.11104944085310606,0.12337489608413038,0.1139451221649131,0.264198798100135,0.24170622329125,0.1778453315362197,0.27654132300756623,0.2055612630810844,297.31754569398714,11.165161887264674,-0.05065318367134698,laterite,0,T0904,2026-01-15
S000124,21.28758280963067,79.99787594886071,0.07393754661268154,0.08005817534185974,0.10520401963145717,0.30111650648305494,0.22597865791772417,0.13189958778491412,0.41292797877283627,0.12124466413196214,255.28770347837826,9.012446937350596,0.05390736312643699,granite_gneiss,0,T0509,2026-01-15
S001397,21.1317509396798,79.67787614489102,0.0997706483647321,0.13481916892761947,0.10151315927399737,0.2693721310239551,0.13885368953813704,0.15188103985377027,0.3739911267792478,0.12946931344562124,192.26446551392638,4.426703604604673,0.8845745860096011,granite_gneiss,0,T0203,2026-01-15
S100095,21.378169555871334,79.64682658310426,0.11285320586872469,0.11100507486067399,0.1202977175041519,0.25781523663755196,0.37779048950601957,0.21187978733968918,0.35750360024398875,0.010359355909329557,359.33708367028294,9.370717784116016,-0.4955531577936752,granite_gneiss,1,T0702,2026-01-15
S000660,21.52753551408814,80.29412143559962,0.08840841178838452,0.08037847017364204,0.06038887857787173,0.2156533671659992,0.1996879018855578,0.1386107096534305,0.37470804466430113,0.11617973975272203,354.9557352263135,7.524756776326738,-0.4126823980453825,laterite,0,T1015,2026-01-15
S000203,21.206283868916312,79.953887179086,0.07343728944320162,0.08159187383460056,0.11370875963526253,0.24706834836437155,0.15236214034952864,0.18320603642883276,0.3651780943358909,0.1529826456632025,243.3051961667092,4.098270602666467,0.20963011826608507,banded_iron_formation,0,T0409,2026-01-15
S000904,21.22117303862556,80.2935435273744,0.08887124387213471,0.08609581266673368,0.06878239286572997,0.23871256169105964,0.16833856236079892,0.19454458167490196,0.3866857350544769,0.17707596880971688,296.54438877440396,3.152594476265153,-0.08335019689859718,banded_iron_formation,0,T0415,2026-01-15
S000382,21.471580092870376,80.08263909227253,0.07478900958416512,0.09865644398610555,0.10012370837956908,0.2117475886928501,0.18991376917684355,0.12648217982693322,0.3922198393599523,0.14236475357173445,229.0737945671213,5.677930307331853,-0.5470714608151577,laterite,0,T0911,2026-01-15
S000503,21.18219505026592,79.78623650980758,0.05857012104474703,0.09129717858672104,0.11273044093416473,0.2634415812392011,0.24200697285536643,0.10414169434389206,0.45018019579724966,0.16140734849274901,255.89322773737348,11.922111820475436,0.19481243394450554,banded_iron_formation,0,T0305,2026-01-15
S001238,21.5215246864983,80.12052400294714,0.1252817712262789,0.09485409545021478,0.11039766949984026,0.24524113975504916,0.2113634632127272,0.11917704925337486,0.30501431424090464,0.1428245302361121,322.1600910967047,2.768506223718919,0.24454734961490196,alluvium,0,T1012,2026-01-15
S001354,21.454423719927874,79.80101812134886,0.06987520075316267,0.09662224119437045,0.11664230574768646,0.29291545881250003,0.12480370674587662,0.14757182831271473,0.37058207320726994,0.2428329474400705,393.7573179908984,8.22407091242698,0.03042052525171439,alluvium,0,T0906,2026-01-15
S001124,21.499943724578433,79.92839527522747,0.10988588421049861,0.09052582046864098,0.06731822648969973,0.33369172716409845,0.18484144629691723,0.21400979536185064,0.30926481359105895,0.13096519748329116,272.60294090639286,4.503476520343806,-0.024624473805682827,laterite,0,T0908,2026-01-15
S000531,21.479679469456173,79.56338679120557,0.06944918299843944,0.10424894855539082,0.09050233509821815,0.2657468037540939,0.18516181964083772,0.14275322744337055,0.3355433122887991,0.12203184209580895,331.0129031269888,6.9172814781811525,-0.6970042224449862,gondite,0,T0901,2026-01-15
S001217,21.271070281462798,80.27826875865442,0.08124269160083043,0.12135068500215693,0.15015166592385787,0.21777783845925636,0.25741245929346557,0.1641985046527053,0.2762813782655155,0.09345960165555017,267.43064032226334,4.654051515959674,-0.0026224612550743466,granite_gneiss,0,T0515,2026-01-15
S000678,21.30525652933151,79.53869394095932,0.07669250918713369,0.11606494546094769,0.11789185212083553,0.26639720657927746,0.2230453562711586,0.21578355255061157,0.3536008620393078,0.11952508253954378,290.4431344025227,8.199957814537669,-0.392217754837381,gondite,0,T0600,2026-01-15
S100206,21.079093330671913,80.11032241523162,0.061315218717040806,0.05955105887913042,0.09312202176617332,0.2193391821208452,0.2638606985110464,0.21396430709515749,0.34134341257113987,0.03233381125108617,301.5981627304438,2.7899701067997826,-0.5160161225807888,gondite,1,T0112,2026-01-15
S000032,21.273138208590694,79.94456970619312,0.10939567710064999,0.1063114439569897,0.09583144249418052,0.30750475649357645,0.2831852697923444,0.22180210433839165,0.40976985905838204,0.05373688080242109,288.87855947344735,1.555299541363289,0.839506223948512,alluvium,0,T0508,2026-01-15
S000434,21.55766245600662,79.79944071771398,0.06344838172622679,0.10014588813289997,0.08948473780773993,0.25618511376434644,0.23994532945798105,0.16743000935466837,0.34364028994441165,0.09099018404910039,382.4777916046443,0.0,-0.11110276258544324,banded_iron_formation,0,T1105,2026-01-15
S000510,21.157543476696095,79.81393348017365,0.07999765901748628,0.09324813059103737,0.11700208193794275,0.27461713660755066,0.2137976249918098,0.1500955659683304,0.4429869254248924,0.12549770963333554,338.47219656760467,7.490185610196246,-0.15090177498784862,laterite,0,T0306,2026-01-15
S000037,21.249064456001097,79.80367322933775,0.0846029088810875,0.09055114964345926,0.062235580026551676,0.27004706233516373,0.24068950962078658,0.14603069570152122,0.37789615984149105,0.20978821341746526,283.12560707410745,5.024677461336943,1.1105133982375597,laterite,0,T0406,2026-01-15
S000406,21.311288549492282,80.08835626862266,0.09511473299985909,0.0966340977038258,0.07754661189420096,0.2186384292115233,0.17528412986402608,0.12357464063774953,0.36291246758160367,0.16436026962358927,308.9005037365432,1.0630352340796616,0.06940968320285688,laterite,0,T0611,2026-01-15
S001481,21.13266870222657,79.55848947200734,0.06461236184787081,0.0810260822941286,0.11243797097728653,0.25110202896757955,0.271423728912009,0.14349031133132517,0.45461765535758913,0.00970992815404792,343.2661484563196,11.30014309965008,0.00409850215491038,granite_gneiss,0,T0201,2026-01-15
S000881,21.512488383843838,79.80800030293747,0.09211361780060673,0.11423087357847556,0.1414897282751598,0.266062091033414,0.25420563500430443,0.15184473050895983,0.34779381491173444,0.2034297782532929,303.90878932840127,2.2727477387382895,0.14066718539095416,laterite,0,T1006,2026-01-15
S000668,21.463153281560786,79.5077304430082,0.06821947528017828,0.0993288611925169,0.10534440196393793,0.2640617309960283,0.22175424145203781,0.15474571378227175,0.37429854646715255,0.16514452260855644,320.6684450396309,0.89583816381489,-0.0011918548785650864,granite_gneiss,0,T0900,2026-01-15
S001432,21.525262943876545,79.85835795038511,0.053044480367388146,0.12662722384830494,0.10417118563709443,0.2932567719049364,0.1745832935839464,0.17231078659873117,0.17744840905540393,0.08960395749765203,252.50740754683068,4.255445977385254,-0.2611668371136859,alluvium,0,T1007,2026-01-15
S000282,21.135903349158706,79.90800846580726,0.06771200130600474,0.0873886626624606,0.08620793147831433,0.16330535018342496,0.25300737735048723,0.1970506888180846,0.35630417923779534,0.32311110627464323,165.00652727789378,5.346885494126118,-0.6048010361573621,gondite,0,T0208,2026-01-15
S001531,21.575274833727423,79.72217321266336,0.1185174540113689,0.09925754902188533,0.0783024353378246,0.2847268403841053,0.1983021492831117,0.15648696543664087,0.37965127178161634,0.15411043445711733,286.6494114584147,10.005231983288198,0.03231395978462762,banded_iron_formation,0,T1104,2026-01-15
S000252,21.12983973796876,79.52154861232702,0.09767951151263889,0.08979569393277397,0.12528049819944248,0.17256548986000292,0.2342275509258131,0.1935452484190292,0.4051249983212227,0.0394690691700829,280.0777723918664,2.5285755501523517,-0.2751352155108661,laterite,0,T0200,2026-01-15
S001402,21.307752946533203,79.66193234713745,0.0809410589564575,0.12918828304778712,0.12179017728057742,0.23426479705642095,0.25637546613895446,0.21742311256177255,0.22727520934228307,0.2368511227716668,338.3327502531993,2.4362983619494467,-0.9506043125131362,laterite,0,T0603,2026-01-15
S000600,21.390308041279653,79.63555248043603,0.07918853254324881,0.09781015395134186,0.09395844115035258,0.27017776489036105,0.17186529056138475,0.13635344518491752,0.44547210611540644,0.265220372889145,273.43776954393456,0.0,0.334391880304649,gondite,0,T0702,2026-01-15
S001210,21.256454369928477,80.17110620957143,0.08448516412266646,0.08318781750025625,0.08096332473231804,0.22536247842914217,0.23559700375741294,0.1766453495915366,0.5040170462207403,0.25808966008446527,172.43335966309348,10.247488869715252,0.6575281357283131,gondite,0,T0513,2026-01-15
S000365,21.397942817106333,80.0324697336986,0.04933016103762939,0.11591644074076103,0.1032534030512105,0.3033211609516485,0.2633152872386297,0.14697739073763672,0.3835033189381189,0.06886288896764008,285.47801335951425,3.222276101261819,0.8723702429892658,alluvium,0,T0710,2026-01-15
S000323,21.2673600178208,79.76249838713164,0.10180311269774041,0.11958518606507587,0.12551276553523447,0.2938249462401615,0.2374803052260655,0.14600413075924437,0.26954572662809195,0.18704294940128788,216.7225473199748,9.111326353729183,-0.7211083810543101,laterite,0,T0505,2026-01-15
S100098,21.07080354127231,80.12726475867312,0.07413193817872052,0.11951979899631683,0.12629492611179174,0.1883006156879376,0.2723194020307114,0.2176488091562271,0.17654633351551088,0.07312029619316143,381.4459303904615,5.8238258332045865,0.16990428724521528,banded_iron_formation,1,T0112,2026-01-15
S000444,21.088819932061536,79.9114093837469,0.04879140759831135,0.08338285714669276,0.06940216020916051,0.21379515231545526,0.2580720134603573,0.1663060057012072,0.5099501812296081,0.1548782565342763,238.01035451811654,4.096631557307475,0.4884536320761497,laterite,0,T0108,2026-01-15
S001391,21.39074515726961,79.67179220758977,0.06318677935424732,0.09981286679663025,0.08748956735243332,0.2265343879072725,0.2901106727343574,0.13747990495646611,0.3548509518072224,0.2195041662141349,329.7820369438093,2.694461834393037,-0.09521576681551071,banded_iron_formation,0,T0703,2026-01-15
S001237,21.077429353738953,79.52078204795725,0.0414658929011854,0.12446235152528543,0.09449342891895349,0.24716093061970443,0.2240962385946442,0.12991211635640448,0.23778426970962313,0.1517075148903987,363.58780575097205,0.6369265892865572,0.4708511210665209,gondite,0,T0100,2026-01-15
S000046,21.502326128916994,79.77046846506717,0.07829850574669553,0.10259907913335109,0.10367514763581404,0.26143506740712685,0.23170728527738055,0.1372986852211381,0.3671472860296247,0.1485704754128644,309.8158909407918,2.5510151721127223,-0.22374634987855752,banded_iron_formation,0,T1005,2026-01-15
S000142,21.55017395151707,80.28987213090213,0.06797803714075654,0.08511760331773363,0.0815005181352374,0.310606468951837,0.20643786155482266,0.16595609890338048,0.4886818430753689,0.07291548640321495,232.5548930766105,2.514003858310751,-0.5798781076055479,granite_gneiss,0,T1115,2026-01-15
S000711,21.30756794883218,79.71966720212995,0.07536579567092962,0.132585660712436,0.0914370354714266,0.29601184428382765,0.20306778996024247,0.1272313174105738,0.3866624970632119,0.072750832831687,322.2148267634656,0.0,-0.1852699437917304,laterite,0,T0604,2026-01-15
S000696,21.43255091404721,79.53073354861523,0.06789998898225305,0.12894944734046296,0.11036388484796988,0.23821695910872936,0.1960507200769606,0.14301524732664087,0.41531007535604914,0.12156653423363448,220.22161652344198,10.993336431118053,0.469857843401622,laterite,0,T0800,2026-01-15
S000569,21.174658898218425,80.22138513437116,0.07152368313935503,0.10421707764279557,0.10598432420820078,0.270701365812761,0.21760375351599706,0.1169747757243083,0.5063592729569157,0.20204511217007015,391.2553244007774,6.9062983370649995,-0.3630246041873404,gondite,0,T0314,2026-01-15
S000419,21.174028706864156,79.82223607395552,0.09414408388539369,0.07980128442055237,0.1053551647516808,0.29140625528305814,0.22303455556373666,0.15250777833695933,0.41506378831361657,0.26532861262590973,248.98380207056914,7.4618049918299345,0.13315681706972293,alluvium,0,T0306,2026-01-15
S100200,21.466442902944706,79.5672922676455,0.07252972005638306,0.07504744401712415,0.14339492361971035,0.246470181988276,0.27435936336049743,0.24604530339180006,0.2254389300840871,0.14506847671070824,349.1056321098268,11.066811274593865,0.07058450941632008,gondite,1,T0901,2026-01-15
S100134,21.35454929488885,80.12994577758876,0.12599328139229676,0.06743915572097578,0.09546462530896727,0.24606330365368878,0.35432736588419916,0.22094697001869745,0.25339775669936115,0.15614580527077354,255.45584248128606,11.203697523574162,0.8286880601162483,gondite,1,T0712,2026-01-15
S000691,21.121144331118863,80.14560088191644,0.09188604362947528,0.06024878734424639,0.12644810155428673,0.1604309351485162,0.17589469525951446,0.14632592780804474,0.4033900995066738,0.05211023594989067,261.65338128579526,2.6890274312276508,-0.5543545017312227,laterite,0,T0212,2026-01-15
S100040,21.2622911513234,79.741541913154,0.0860693380163334,0.10673913352120382,0.13612200433600272,0.21783400153700164,0.28230108228599954,0.19873122936862475,0.18733334697386647,0.07030282775384747,204.7450444462891,13.988845684569801,0.3411962549063963,banded_iron_formation,1,T0504,2026-01-15
S000657,21.519635229110303,79.89712464356784,0.10386095027457914,0.09898416644008795,0.09886983615708,0.22168202763340583,0.3327657153290028,0.17404597168069863,0.37353950757268534,0.23960904882801265,297.4080699053817,9.017825275487766,0.3377152356383879,granite_gneiss,0,T1007,2026-01-15
S100230,21.08420375823835,80.24196836680322,0.0628564719244514,0.11052404036247793,0.11657534511815347,0.22761198915400746,0.3381851117460922,0.2066707164341295,0.22186842528916445,0.12591606126509763,343.5206562419454,0.25423208499772976,0.033777742040412236,banded_iron_formation,1,T0114,2026-01-15
S001153,21.03559869943498,79.84253375312542,0.08961560366218631,0.12439246148411288,0.10146437906139545,0.21981980965780604,0.26279628318440423,0.1058581861648969,0.3309226050128889,0.16931875451904987,217.9681790395682,0.8036160306518587,-0.42650286638004575,granite_gneiss,0,T0006,2026-01-15
S001436,21.070875735968713,79.70731721256816,0.1141416552385282,0.10918438046423659,0.12527046484594534,0.269000786136317,0.23478072081077203,0.1546972448694451,0.28533852452538455,0.28400570939399616,315.36279697997986,5.909933947365508,0.5524252775911126,banded_iron_formation,0,T0104,2026-01-15
S000018,21.19870694697728,80.02428393449212,0.05184623159458289,0.14924437490084924,0.13372851351870518,0.2532205383167282,0.23106620763861857,0.16918731332191986,0.41759040209865106,0.2685037031589399,332.0102186296808,2.473507520232196,0.2904391571322729,laterite,0,T0310,2026-01-15
S100288,21.314251769230584,80.04182991949152,0.06752794980741281,0.1048290431920486,0.11303261273531855,0.2446769423195493,0.31750693200772423,0.2360890429662482,0.24160763473578292,0.01276857542400698,491.4463053883919,3.234596801063785,-0.08188205206110083,banded_iron_formation,1,T0610,2026-01-15
S000058,21.032574652648748,79.95949693634515,0.08293547905525706,0.11316415956103328,0.1335591081984745,0.22502130822641558,0.22879946746817864,0.17662715246310476,0.3684979367435616,0.24165984113618588,374.8448025292185,6.8942215877609385,1.0867431684466875,granite_gneiss,0,T0009,2026-01-15
S001338,21.333582594624104,80.05934541639424,0.06072362135464801,0.07049946097122042,0.1374541697376661,0.19381928429713766,0.2416159577204304,0.15378199935181655,0.4359298808187284,0.09490328973354935,272.2936468659379,9.569993131704399,0.4695618827528922,granite_gneiss,0,T0611,2026-01-15
S000031,21.35371835672206,79.65203271079372,0.06955076887081736,0.10463339945060858,0.10681323563519445,0.2501075504431654,0.23867758776312054,0.19565911056870863,0.29432816902799674,0.18123755348418974,328.0431898204664,6.372763023165433,0.33160381491321034,granite_gneiss,0,T0703,2026-01-15
S000232,21.21824038773565,80.19108751507278,0.06477086912625252,0.11070332909002684,0.09791222271488384,0.2691377540478463,0.2693347383302129,0.21214849853503093,0.21939847663980586,0.10928454591774375,167.56500898989498,0.0,-0.12504379782225536,laterite,0,T0413,2026-01-15
S001162,21.2007034559644,79.50380123596999,0.07992778785024676,0.08677973324005529,0.09857034326701795,0.28795589218972817,0.2729407173672006,0.1312326828908898,0.4330678403399463,0.14464599603371908,194.44820273012272,0.4795920010621142,-0.6574008315285925,gondite,0,T0400,2026-01-15
S000802,21.526471748851776,80.22494509259849,0.06854107056309798,0.0937361661591869,0.1347994760282093,0.2768595974145262,0.19339388544775699,0.12977068183515938,0.4043197220593946,0.1449990079203966,203.95138461363317,6.356759476510575,-0.7188704018789054,banded_iron_formation,0,T1014,2026-01-15
S000726,21.01421844127124,80.10978421089561,0.07924000271989443,0.1089057722079796,0.09905005580276488,0.22433997417885626,0.27632090132710346,0.12933629476683292,0.2952985886278173,0.21440626600322804,228.10243035499522,0.0,0.5440531463754158,laterite,0,T0012,2026-01-15
S001135,21.08304167940972,79.99890383923474,0.09190260325797622,0.09081418575347493,0.0872934573493718,0.27554096143768375,0.2226627244439609,0.15569695093749053,0.1950091908077637,0.2037809642060903,345.0493614046519,3.0951732057025962,-0.5314833961939411,alluvium,0,T0109,2026-01-15
S000287,21.11323953260578,79.84349670056014,0.08505914096545926,0.09779518037126908,0.05094350848223605,0.26112636575422044,0.2889361759413126,0.16215676205898844,0.27773360065953023,0.2599175611528309,291.78093784372345,0.0,0.12494469713962916,gondite,0,T0206,2026-01-15
S000792,21.521281013516134,80.18339258015502,0.10508279740280488,0.09552014509415134,0.1196648576399613,0.23614107407651116,0.23628469551438555,0.188998943724032,0.4191527082134995,0.23623498269455104,345.67505894904315,9.056966282941698,-0.1718377428072421,banded_iron_formation,0,T1013,2026-01-15
S001007,21.158073376113613,80.26209780791355,0.06773253633263084,0.099514381203236,0.10577742544845145,0.24602522043378997,0.2030063148628231,0.1826743258243076,0.36917393948770394,0.12460430913551675,213.78155153662237,2.750166746839248,-0.6822099619426775,alluvium,0,T0315,2026-01-15
S000160,21.470977147972906,79.70841392415403,0.06640241470050368,0.12899037948581285,0.09661182121887307,0.3123391121956129,0.27748949725248107,0.13771520172266294,0.17881688097974532,0.08134659716251948,308.4873891210623,4.071355061297836,0.2968217081216012,alluvium,0,T0904,2026-01-15
S001502,21.12095370651742,80.08496987887857,0.09377869060174265,0.05794722012375229,0.07491914271344144,0.2490465588003061,0.1781899046016369,0.16645574463710275,0.3396137615323045,0.07322157197365797,232.5995622137768,5.311019452063844,-0.9468503720595184,laterite,0,T0211,2026-01-15
S100064,21.380830992000355,79.98474014211818,0.09087754008224361,0.08363004795179231,0.1326160032829204,0.213677502706834,0.32076411991827286,0.2365518480713134,0.28721761301553583,-0.07373354790575667,306.4127249273517,11.195931496307644,0.24989405214789942,alluvium,1,T0709,2026-01-15
S001476,21.163017448363604,80.29567866328678,0.08628258244265061,0.1286871971493779,0.11669319952152635,0.2459016676208674,0.18913984363192565,0.15359345648409145,0.2196573757668648,0.19321058564630927,333.0959957178469,3.2259452881014297,0.31660319994306113,granite_gneiss,0,T0315,2026-01-15
S100014,21.2660485192964,79.6260893189,0.06220419347405605,0.12003667939098817,0.09324912613414212,0.3092181213572274,0.2924723257179568,0.191651984931397,0.25557814545561863,0.05196155309181137,407.7413158084016,14.036459397338945,0.6159375671446516,gondite,1,T0502,2026-01-15
S000820,21.034235350159175,79.6165758093867,0.08376261334376611,0.14841110262017493,0.0703618655380434,0.2688466441161034,0.1730827486444704,0.13460042390355154,0.6000938354233991,0.23909745626103618,435.46373007474216,7.571266300668078,0.551538333394542,alluvium,0,T0002,2026-01-15
S000704,21.40256356495297,79.64186693063739,0.10072683774735934,0.10017200942125029,0.1246630941996863,0.25333168312032256,0.23380682367933492,0.22757328939005425,0.37384317718935345,0.09876454888852157,440.7896917849346,7.085404198378457,0.5562239316330891,alluvium,0,T0802,2026-01-15
S000132,21.25598099853267,79.98148619138905,0.09443927740826838,0.0773331579378022,0.0942457408345949,0.30175311374097524,0.28963326370326037,0.13698379409715009,0.342278495752412,0.19473856503573633,242.17794119517066,8.059602221073044,-0.6295492533841971,gondite,0,T0509,2026-01-15
S000019,21.50096664759177,79.90397777372695,0.05832658439445264,0.1406212525457806,0.11476297832666069,0.24650409230817977,0.24802757192749705,0.18946368474561254,0.3140266768625663,0.13132097095312084,363.84520912975415,3.2081738589985713,0.40122417739041255,laterite,0,T1008,2026-01-15
S100187,21.05668000083691,79.56403942691695,0.055409852052808045,0.08408642316658828,0.11644084888508627,0.22428865721437102,0.3714248299448522,0.1873749364071565,0.12526973344813822,0.037831360993376854,213.41610221946232,14.475138527614252,-0.23219019609772423,gondite,1,T0101,2026-01-15
S000403,21.48633636607091,79.51744382222442,0.09795432777513194,0.12638068932332225,0.11042140829162479,0.24645147877151863,0.2154138415530727,0.15534128988263832,0.35162062394775534,0.21901925310409648,311.63095243791554,11.210719724948675,0.17674964422289235,alluvium,0,T0900,2026-01-15
S100216,21.078634650934386,80.22764179509707,0.08398476082498478,0.09769330010385328,0.0829515417002209,0.3881618560897673,0.3434243761189623,0.2378585818101412,0.22779307303662255,0.053259023132950264,286.37303187181544,8.23971330839702,-0.5560221271796005,granite_gneiss,1,T0114,2026-01-15
S000431,21.19972957524843,80.20713078312639,0.10676018104420164,0.08181648404269516,0.08672663665132704,0.26966697721227384,0.27570328443586184,0.12815571549658378,0.4434366652809887,0.23966913754208358,252.62692887320736,2.9753869970056055,-0.6374660776469491,granite_gneiss,0,T0314,2026-01-15
S000716,21.162441409697657,79.94010163825438,0.10676971406699147,0.09246713293890187,0.10195298175858904,0.2495664797244682,0.26836849831761606,0.15923453119644054,0.26993242917470517,0.14363459182938101,330.61074064360895,0.0,-0.3812998003698115,alluvium,0,T0308,2026-01-15
S000518,21.37362840845263,80.24598405587425,0.08940515611869088,0.1109192619105824,0.07091888798783183,0.1818812431685808,0.17429211819942514,0.1734935970829523,0.393237134722245,0.17354773859402112,132.40878520034775,5.991198231411931,-0.29058679683717176,laterite,0,T0714,2026-01-15
S100337,21.43542937696286,79.972595835331,0.06575891667634073,0.09691933366848267,0.0895537153878388,0.2313284324782592,0.3026981826427145,0.1686538187445033,0.19460491561298543,0.08546082079331777,277.17083016687735,8.381556965520364,0.3379894279034617,gondite,1,T0809,2026-01-15
S001412,21.30339353378413,79.93160027465747,0.07784038636643376,0.08368308492810872,0.07895545181251673,0.29836187874423287,0.27971933572936303,0.15423174172258497,0.37498986295360603,0.1040449825259156,339.69815164962813,0.0,0.1325117870851413,laterite,0,T0608,2026-01-15
S000359,21.547549528618383,80.29820585138629,0.0710208021839824,0.09763691023511384,0.07663060682289928,0.24975662429563483,0.2299604282969838,0.18201440233215832,0.31423752338982985,0.17264209465765606,349.29434969456196,2.19225470947083,-1.566919407939774,laterite,0,T1015,2026-01-15
S001388,21.089702851446976,79.99913115207582,0.08346305725605027,0.08921287708192785,0.08802137497933159,0.26311283515378014,0.23988557674358654,0.062331698962133114,0.315662603818237,0.1843461716789794,244.4282362432196,9.986009669793988,0.3017851618425114,banded_iron_formation,0,T0109,2026-01-15
S100295,21.54159188635657,79.77842513872761,0.07621508606863217,0.09512943916550277,0.09570663345382877,0.3149189379451752,0.28587614674328776,0.2311182432647286,0.1561693789105204,-0.02895671164539683,233.17972541509906,1.5552252619777756,0.7522533592946135,gondite,1,T1005,2026-01-15
S001365,21.39887705617415,80.22226264605763,0.09571209678883077,0.06778627471205201,0.09089518113967882,0.31869581273185327,0.2352295760858504,0.19913518010180806,0.46369902127372264,0.11143177887368291,198.01767712090157,3.293192433188743,-0.14466614353081075,granite_gneiss,0,T0714,2026-01-15
S000656,21.278999895302107,79.72620056478824,0.05891721221818841,0.14529391857196106,0.10327342894657858,0.16073063987109648,0.1966620948898874,0.1601421042368183,0.3292966760329947,0.2954249882338601,362.3210303819847,7.761324020018462,0.595089023095756,laterite,0,T0504,2026-01-15
S000915,21.003359663318545,80.03584007614478,0.09555785257876347,0.06663809700656342,0.10605162055676431,0.24691833347114353,0.2520975928098656,0.2018829178364236,0.26010143474952685,0.07359293804040935,306.47058454486773,4.031580677029288,0.0683562143717793,banded_iron_formation,0,T0010,2026-01-15
S001390,21.43898885412656,80.19708246667898,0.07497008750783103,0.10676217009424037,0.08005008101508113,0.31315299591121815,0.2885020369390287,0.14495342319121066,0.2576973007583575,0.036842747812709395,225.751972703787,0.0,-0.19575826967025334,gondite,0,T0813,2026-01-15
S001125,21.122831975601247,80.22861971174528,0.07475477721961024,0.11091443990513955,0.10765765905407086,0.2520097759283299,0.2702467300497342,0.11254190716204296,0.3893398553761335,0.18855881403136768,295.1630572706711,9.725927575701007,-0.05731557072461673,granite_gneiss,0,T0214,2026-01-15
S000095,21.336516943761833,80.22460562546387,0.07801607759824876,0.11422977654120853,0.09222209158181313,0.25512234859057464,0.24308087683744456,0.19569062607125287,0.25127063347686224,0.09808813954315213,259.3228176365452,4.955092623653491,0.6755753098862064,granite_gneiss,0,T0614,2026-01-15
S001636,21.5459216943375,79.97060877730654,0.1104357794647142,0.1400507395735271,0.08459886580736743,0.23636884189100565,0.23734873540097376,0.11116934032300996,0.30448699216416586,0.1917934339593414,368.58864435500334,11.10159067549836,0.19842684464827454,granite_gneiss,0,T1009,2026-01-15
S000455,21.230738440278554,79.6585126907456,0.04525157470459172,0.09593078777914194,0.10261442865651924,0.2986456385858627,0.22836385231080258,0.17384089095411742,0.30133887827649286,0.13316351780102315,244.48584976699155,10.450590972028973,-1.1934016534217573,laterite,0,T0403,2026-01-15
S001526,21.401670476137166,79.86729889365084,0.055120176755968225,0.05025848774879426,0.11110614942443907,0.2582216157138488,0.260597335901568,0.18202266849655732,0.3722718772698257,0.07410222576890348,268.0341992008217,7.512231370968907,0.21686229278320465,laterite,0,T0807,2026-01-15
S100269,21.012688809801865,80.14164782958858,0.08574581522072727,0.07381809895224029,0.14862198331178594,0.30110120766961096,0.37124153836969176,0.2559045012728837,0.26523683353352745,0.03408064111492812,326.8248892091686,5.450144701031361,0.5395048196180566,laterite,1,T0012,2026-01-15
S000635,21.546535769837945,79.70381714615152,0.03524599295630664,0.07636237581658636,0.09738709477074252,0.28012181948245307,0.21631093783979474,0.20447415661409762,0.4073386406164337,0.061277853071303914,344.66528677340455,3.4354589969213656,0.8066358146444246,banded_iron_formation,0,T1004,2026-01-15
S100201,21.583095855636582,79.69493396324457,0.08970606566126281,0.11419323731275753,0.13849398393539583,0.29040254787459713,0.3677506496304997,0.2470710225140596,0.18702804972344259,0.08556553736393457,334.3033024902455,0.12210296550778921,-0.8782383603731571,laterite,1,T1103,2026-01-15
S100161,21.549607107082565,79.79780925855324,0.04052634647182797,0.10060013077061881,0.12456921363464642,0.2172691984432617,0.3169699254982075,0.2793092610433954,0.16301303484698332,-0.03144316598545897,285.0130956618385,11.789953247684,0.8201770469491555,banded_iron_formation,1,T1005,2026-01-15
S001219,21.382754249760495,79.6615910639531,0.08719192908567376,0.10107485123215254,0.041129398441338866,0.22820766168842158,0.22507667650832527,0.17851493403635588,0.4125752563169063,0.17230385974636747,300.98103549500775,3.463978862620772,0.021079278788266945,granite_gneiss,0,T0703,2026-01-15
S000369,21.150305421653396,80.04141944469185,0.0754382019336298,0.17112725571100262,0.07696609637175975,0.263028686767473,0.2201345200146727,0.1942060183228811,0.43560588882963674,0.05032474119729591,375.16333192578406,8.031870858738047,0.7331087870110835,banded_iron_formation,0,T0310,2026-01-15
S000041,21.44776908764121,80.26004252454038,0.10794837542757885,0.10860110281345711,0.10331382490474403,0.23305840779276993,0.20789152382732107,0.1311247147778255,0.3898062619755356,0.20691012661017577,345.6945018750899,3.4170070157645407,-0.0008243411993729832,granite_gneiss,0,T0815,2026-01-15
S000342,21.311028388366182,79.76998401845958,0.08858639464853149,0.13529657569207204,0.11040040061410661,0.32780556986949505,0.26319342315998717,0.18786637851520926,0.43273520766134166,0.20436915635968447,175.56743415863207,5.971878711923394,-0.8399963836937986,granite_gneiss,0,T0605,2026-01-15
S001140,21.044777778701587,79.99504794317835,0.09620772078742648,0.08828927568403559,0.10586721888054422,0.2663036428582752,0.3108236311366557,0.1863904471899696,0.440631613751309,0.07388489493932893,254.59191374689192,9.086916292663862,-0.5297125510233867,granite_gneiss,0,T0009,2026-01-15
S001485,21.153970047563124,79.61071234291974,0.06694582669062774,0.11489808599246348,0.07269259672291487,0.24656282902249188,0.22958403525928586,0.1415206871765808,0.239925187947144,0.21126661698795024,270.28030864072946,4.706661003999082,-0.18000462665873393,laterite,0,T0302,2026-01-15
S001435,21.211640642556205,80.28472245450163,0.07481238877303083,0.06252694437249576,0.12046113293847809,0.2924423136941811,0.2950637497267452,0.17558243194773554,0.3550616203872993,0.249170879919166,330.7483194247045,3.2968494549096485,-0.2727843197734854,banded_iron_formation,0,T0415,2026-01-15
S000769,21.466291649644205,80.2692265940329,0.0702571404687221,0.10080535182488422,0.09661867967374502,0.326821282688994,0.2415996332597525,0.24415936144309291,0.3054868682096718,0.1589926337053542,273.4048409554143,6.710440931372543,-0.6623348697891345,alluvium,0,T0915,2026-01-15
S000205,21.445541437053393,79.78925594387411,0.07573807010251836,0.138791227148974,0.13177041887182098,0.3164164773748353,0.20098575052079143,0.192746432258652,0.2567234458913612,0.1626090610664068,331.81382584438984,1.4461413450646616,-0.37620152028176046,granite_gneiss,0,T0805,2026-01-15
S001053,21.258478154846433,79.86455748801694,0.11046907714591858,0.09955095943005636,0.10679745137662264,0.2792473331406803,0.21714113633430832,0.11904221629687171,0.4076355183674366,0.1159615399247017,289.6218199413883,8.980629413461864,0.6057954393970881,alluvium,0,T0507,2026-01-15
S000661,21.48879975964847,79.62921754541625,0.11941866260743667,0.08901657892810669,0.11760349716446303,0.251411270594062,0.22758294776651483,0.16805713885540166,0.31296886596598167,0.16987304151909446,352.11779926923253,12.828512462552343,-0.08171242458259956,laterite,0,T0902,2026-01-15
S000665,21.41442288781278,80.01831136133053,0.0659686505046101,0.0737299610134147,0.09634814628884009,0.24488996709384472,0.1905942658833822,0.16723978735019834,0.3067061109183321,0.20058218876270106,277.90820475487084,3.527731420944762,-0.09852663844461156,laterite,0,T0810,2026-01-15
S001051,21.215510669526356,80.0274621422114,0.05827833752112346,0.09881479855360797,0.0710202343292319,0.23398288353687918,0.21401999298659946,0.14984336230041562,0.5140246063182409,0.1458321085568846,287.5311772328572,0.9245569317331492,0.9073771469744065,banded_iron_formation,0,T0410,2026-01-15
S001535,21.530118917773873,79.81449062640735,0.05807665530586799,0.1437054352423076,0.06454141689085159,0.28203859580959484,0.2703938734589035,0.1865548500432908,0.3929755316785305,0.12390500021507692,165.72107286976333,0.0,-0.7507121162067163,banded_iron_formation,0,T1006,2026-01-15
S001225,21.551561556796845,80.25530155632937,0.036715611183134565,0.11172319142149677,0.1240518846152435,0.31007960745204893,0.22239415608506308,0.13611057867007714,0.340401026413257,0.0699994869046742,184.7155203314432,7.439917785492206,0.09180458219517244,alluvium,0,T1115,2026-01-15
S000744,21.382265047906944,79.98254935445813,0.10366759769405771,0.09983276288323287,0.08195157537452133,0.24838209602673814,0.2422345683639625,0.15605876103837404,0.30572411892390683,0.11977194762162988,182.45844360923184,5.3001410489660365,-0.38117237233922546,laterite,0,T0709,2026-01-15
S100205,21.137793617999314,80.03616260428109,0.09991717448744722,0.056096325069555836,0.11121072973306219,0.29068709390480824,0.370381890777972,0.21035972409888262,0.29738393886742176,0.0701753344163227,305.84994537114915,5.391555447275795,-0.6397483979569489,gondite,1,T0210,2026-01-15
S100034,21.281733486765486,79.50984214871089,0.08792817004414136,0.07696812933184088,0.14792183138489487,0.21684499348798913,0.42095125810489564,0.1871381893235189,0.3348240125316352,0.12845884559822168,293.419270805512,6.024556291617463,-0.8557365798652296,banded_iron_formation,1,T0500,2026-01-15
S000415,21.329777445643703,79.84913303495203,0.09039539096092934,0.07087574022661355,0.11758671594877122,0.28069106960347984,0.24031915856129274,0.16400977380402856,0.2191405369444784,0.16730099728543935,205.7598912952002,7.9429981190424765,0.1852027117347115,laterite,0,T0606,2026-01-15
S000148,21.229125247301294,80.09978505355706,0.07822489377707767,0.10401600107060582,0.05604818814313471,0.2554490049794677,0.20851584578274893,0.20945508125616702,0.32797021361942713,0.14892172440645207,200.867545658393,3.4853748618426543,0.971310064409818,granite_gneiss,0,T0411,2026-01-15
S001091,21.417370616972487,79.69378272877853,0.09875149058775153,0.07749207669164304,0.1058734895826169,0.2919053950842058,0.22286178984634658,0.13368027414597278,0.40669868413247456,0.267478910604536,239.53330123677412,6.852271844303756,0.1221752035582252,gondite,0,T0803,2026-01-15
S001118,21.100222924464774,79.54784096741803,0.07481176603048446,0.12075219622843332,0.11712198273337379,0.2337641663893801,0.21153359389998558,0.1614742884579222,0.40874722307775474,0.17918308673586875,215.08465308114046,0.09546707582639602,-0.519351477372092,gondite,0,T0200,2026-01-15
S001610,21.008848468140798,80.07852847524387,0.09678800791959898,0.10182091406659946,0.09466717415104069,0.1976016722018074,0.28361862880630895,0.17374256271759542,0.2415901280236022,0.1161435506503472,278.7906846983301,9.293491280522517,0.692331178996439,granite_gneiss,0,T0011,2026-01-15
S001030,21.27076830093957,79.69457663671228,0.055442650482611586,0.12321118656112907,0.07178033124852203,0.23653892904489887,0.20587334738572424,0.12502674509391765,0.2842156255634846,0.1719058935542973,267.80148828956067,7.98466093397163,-0.14465935211554024,banded_iron_formation,0,T0503,2026-01-15
S100091,21.417792225046643,80.20731656909345,0.04466076203739892,0.108844441240732,0.1153429856776883,0.31034878493290313,0.23944953493440096,0.19656572523151664,0.22493637072402944,0.07259582248652738,309.88089479597284,9.045110786474641,-0.4079133239922163,gondite,1,T0814,2026-01-15
S001003,21.069987548846512,80.0531340744238,0.05109944285846679,0.09427291600231302,0.10832197351767067,0.264911990950203,0.16446679702256936,0.15587991871100665,0.27684419467291527,0.07068017933993088,175.39338037786206,3.264840819972362,0.4241857021580923,granite_gneiss,0,T0111,2026-01-15
S000537,21.07802786405092,79.8817017823322,0.0934177654429966,0.12023642352471152,0.12302879226643679,0.2793492914974089,0.21306517805195785,0.16079176672152928,0.28666335689620565,0.13982370814740877,235.7466912867514,0.31355154266444174,-0.014304017626885664,granite_gneiss,0,T0107,2026-01-15
S000204,21.459504411358015,80.11889009843327,0.08486368661782667,0.09541809069068069,0.10363524692621588,0.24272070743463764,0.27274526431834073,0.1754191635330562,0.4223271167914976,0.16413700889038157,162.70188734453183,8.817031658987434,-0.51366767810926,banded_iron_formation,0,T0912,2026-01-15
S001009,21.14814554287648,79.84208480583115,0.07484507194144228,0.07869201338794775,0.09938496432273554,0.23478265329402173,0.21020326102300682,0.14288273259247775,0.349162816455163,0.17071238968324717,230.6471388121902,7.62301982727236,0.7980167991707323,laterite,0,T0206,2026-01-15
S000416,21.35905956099947,80.05195202368965,0.06166764368433743,0.07070316375098909,0.09374320499429631,0.2508060025676567,0.17536168207603675,0.10604701632226946,0.37103265621064124,0.12821953986644508,323.6038646394704,6.451392986492902,-0.055025634721242035,granite_gneiss,0,T0711,2026-01-15
S100241,21.4780902529951,80.10914605054721,0.05676533282131307,0.09157325450708602,0.1033647765147438,0.20449624018549245,0.290552787910694,0.22678178767306076,0.1138883117345161,0.04165818138704557,314.34832547895,13.477588647993521,-0.452403751607211,gondite,1,T0912,2026-01-15
S100013,21.4936569679625,79.75155198416341,0.07320789948786863,0.14468186161595464,0.13115151685649631,0.25272403853750874,0.36710277799501645,0.20136964735577878,0.22946783307105637,0.11797973047760382,252.7141372389647,10.276379336094298,-0.2740364666224115,gondite,1,T0905,2026-01-15
S100315,21.19649733864753,79.81389527433744,0.07896864321047573,0.08545264518681736,0.11022634862074074,0.2512453941177991,0.32970419836941167,0.2000995167500662,0.18977547737933825,0.1233120700251631,344.4358336241281,9.280452634932866,-0.12980701567288727,banded_iron_formation,1,T0306,2026-01-15
S000240,21.256710580396994,80.14925655682308,0.08332432789076269,0.08789026029566127,0.08780761934926497,0.20868705208843222,0.1553975460354573,0.18098761514873904,0.349135808845333,0.27999891470601745,375.17137046710985,7.0070338936147,-1.1396658623794436,granite_gneiss,0,T0512,2026-01-15
S000027,21.13039908129501,79.96544388731236,0.09283276575055806,0.11153301754963194,0.1236277773601169,0.21665548114648095,0.17833964469552543,0.1476831540267429,0.33123227922311765,0.21377880908310465,311.408365308823,9.666160805177544,0.40191821131268185,granite_gneiss,0,T0209,2026-01-15
S000937,21.240851003666087,80.01383814922058,0.09272430176168707,0.12111476687239067,0.12398412534816829,0.2596157859814496,0.24525322422830897,0.14746534171517317,0.3229673721529405,0.021341775255351886,326.36101108192787,4.854895885936173,0.3631814254767518,banded_iron_formation,0,T0410,2026-01-15
S100166,21.49787384587945,80.26674334472078,0.07293512616344784,0.06927455371911512,0.13402701676689652,0.25246441384757906,0.29012456576690865,0.20839949072535152,0.1808738025504861,0.03460449433135651,295.78447288883996,13.565923072412872,-0.9489072499498883,gondite,1,T0915,2026-01-15
S000480,21.03453362156637,80.20327750335305,0.0956014790049573,0.10828998436191578,0.13319054346938713,0.193922558100835,0.2271924479076317,0.2037635934923833,0.3290769190899405,0.11232309083229813,193.9637575579028,4.861576001877599,-0.0381263269100509,gondite,0,T0014,2026-01-15
S100020,21.454852644051225,79.94239445220232,0.0548523505003726,0.0881604238454004,0.16064674049420674,0.2479765039426628,0.30001080416352716,0.24657056960958196,0.21517985228789704,-0.013801053619610329,392.7730215033894,6.222944951007724,0.45971183832349277,gondite,1,T0908,2026-01-15
S000286,21.198719644083727,79.79531414574622,0.09733043441683933,0.14617309033453577,0.11791631294990589,0.2461535223408134,0.26974981255899066,0.14183763922917697,0.30484090212208337,0.167420975373652,437.75422707347354,5.838969733429985,0.8055969677181107,gondite,0,T0305,2026-01-15
S001482,21.065154370182942,79.81301552606732,0.05144499714034831,0.09377796860643776,0.06776580151148703,0.2465238361401861,0.20491207646211496,0.1419522426854129,0.36804587977828584,0.1388552728792395,386.8498329256852,3.2750273536285874,0.6903933522167887,gondite,0,T0106,2026-01-15
S001148,21.021233725417787,80.22038459720473,0.0953175932482626,0.11298961599879864,0.09429069624070317,0.22154012396449438,0.1609102290248371,0.18081933330102434,0.3351594881448223,0.04923867243095574,372.09899206836747,5.8149849159045255,-0.05303338366943285,banded_iron_formation,0,T0014,2026-01-15
S000794,21.279450829029045,80.23122925346382,0.12112406279551022,0.09077302345417321,0.1321280402382306,0.258000898220586,0.2527804182287537,0.1359922720814033,0.46187549203069234,0.2164690459331382,73.32495701392617,5.591070249936259,0.29560374756839985,banded_iron_formation,0,T0514,2026-01-15
S001168,21.079006051222294,79.99828733601754,0.10743487644947344,0.10538193115494461,0.11160422467904925,0.24926341116638753,0.16724406306648593,0.19155013895962064,0.33917839547469997,0.09528884824423625,356.032756394642,4.5044366110257466,-0.1522091200986861,gondite,0,T0109,2026-01-15
S000471,21.248233004198514,80.00077678403423,0.06754863497488015,0.1386126675533761,0.11848463036646428,0.3023949049146473,0.1567966373416195,0.18111422947904074,0.4537754472554992,0.138365306049325,272.58116210926073,0.0,0.6686706856164718,granite_gneiss,0,T0410,2026-01-15
S000907,21.012380572819527,79.82125676304264,0.07655703358656418,0.06922931537423326,0.1296444193158653,0.2925167752557336,0.25720076162132594,0.20590828666182492,0.4133206537557216,0.16287784866436814,269.10093228258575,2.531263532992748,1.144768622423275,laterite,0,T0006,2026-01-15
S001230,21.196906766763284,79.60826051409221,0.08751425307826353,0.09722024347654315,0.06858952481613659,0.2714751062734036,0.17575057852303552,0.17775380979974942,0.36905605232496097,0.1519410075571664,250.15859617747387,5.395365820238598,0.507950101390207,laterite,0,T0302,2026-01-15
S001539,21.429377541465552,79.59554646943384,0.07270136771026202,0.09031948200171944,0.09312486362492171,0.24222463100154032,0.270731714185392,0.12763778506079876,0.27392087049071,0.1601478559215479,300.48316498336453,0.48313566118626294,-0.32095389945535263,gondite,0,T0801,2026-01-15
S000202,21.262661020239307,79.97811053516787,0.09703798537530364,0.09804209467324117,0.13015788841956555,0.2048944658730584,0.2543392009704828,0.22512469007218672,0.293452129996056,0.1684185908606416,270.1458530567873,4.219486223575322,0.36673389367566733,banded_iron_formation,0,T0509,2026-01-15
S001591,21.50434586006297,79.59241695494075,0.07230744767145929,0.08573257765719847,0.09596757403551431,0.31120058621643654,0.2680728879363803,0.169416689206045,0.3869740498200169,0.0920007975401682,294.6855285748072,6.977102677132306,-0.6888121189043553,banded_iron_formation,0,T1001,2026-01-15
S000326,21.44850353265837,80.16956028985533,0.08886835437571597,0.10733707437887464,0.10124983033600292,0.1844370000335056,0.21467498956233333,0.17461766707620882,0.3698495647342637,0.23922488093367777,250.7087162778175,5.398583067447967,-0.02061122609816107,laterite,0,T0813,2026-01-15
S000597,21.5332898898058,80.15869807309652,0.06597019276980723,0.07082026535700786,0.11785212104515744,0.24953913537953618,0.21808049787776032,0.12651995456148585,0.30714661830143475,0.06066793981279808,276.4832819386198,9.891093949929257,0.6466654129037233,gondite,0,T1013,2026-01-15
S100189,21.15747630955372,79.84702322185807,0.10183167238754945,0.11167573090585897,0.11545158738488687,0.2176547812050978,0.2728660048463542,0.17156556237728832,0.24616078950314518,0.0764579698596289,332.91815779649073,10.984482832355143,-0.11980857771732346,gondite,1,T0306,2026-01-15
S001446,21.387111576399587,80.03423778987583,0.10443610014281574,0.06818849550803185,0.09427910662488632,0.2830495374897736,0.1605670495315324,0.06863610618157644,0.447893185628158,0.13701818604493865,221.97048899942266,7.671742668722128,0.27596231337823507,laterite,0,T0710,2026-01-15
S000615,21.38420437267469,79.80314752918038,0.10859257387966467,0.14342766120270461,0.07977313446314523,0.26176011432818774,0.2515816891103549,0.135333780807257,0.39966379513179184,0.1099827454300385,343.8287005975304,0.41176385251016345,-0.823693406540489,alluvium,0,T0706,2026-01-15
S000339,21.485861507428773,79.53581559199073,0.06301325675696821,0.11060315818983123,0.11377954327891525,0.2659140989202699,0.14013577337963387,0.09412286061103023,0.41082179381307393,0.1280229925114622,245.0981163538242,9.0298669346633,-0.4489319643465692,laterite,0,T0900,2026-01-15
S001139,21.50301893256185,79.65007289505638,0.042855629847442005,0.10551086730372905,0.09161998980457875,0.22069176220073314,0.22827656793929832,0.16681247980949682,0.44393594765153205,0.2498881914565054,327.2422099866574,3.0139207598572346,-0.19108935819226702,banded_iron_formation,0,T1003,2026-01-15
S001345,21.364324639792883,79.70813847084555,0.0599659587125448,0.09385875780473467,0.08976226499823162,0.22173297944456338,0.2039843694557219,0.17368005955568988,0.5268962059404979,0.041794028280044956,288.0141348734877,0.0,0.05334777719422261,alluvium,0,T0704,2026-01-15
S000150,21.34640340184569,79.77945734018884,0.08641438121451592,0.13773406780875205,0.12187313615792464,0.2644261389422102,0.2480701214145865,0.18128094120596,0.43599426756690846,0.10304883657878171,280.80570492592307,8.391687016331371,-0.13279253953959516,granite_gneiss,0,T0605,2026-01-15
S000722,21.060063257260328,79.62858315454216,0.12044478436802696,0.06995896153462117,0.08921540083141169,0.218941543532231,0.29159239608994425,0.21745116056598354,0.4643514112081056,0.16827080590986704,224.82962606589632,8.512917352865784,0.02255400060669832,banded_iron_formation,0,T0102,2026-01-15
S000114,21.083224561895285,79.55031299385563,0.0590617018032431,0.11340835905543867,0.095483765968993,0.2870275372984099,0.17701636343966964,0.18774729485078342,0.45233319223722607,0.15763686311163908,400.32775032335934,3.931961843632663,0.47481764542652166,granite_gneiss,0,T0101,2026-01-15
S001224,21.463522747472638,79.94894113693115,0.07715023901508083,0.09011093631866779,0.09960316305920033,0.2518722136771976,0.2554948644193258,0.14090269400679173,0.25069086531355445,0.032691075918716714,359.8588866428611,6.153927246434437,0.4604732215357716,granite_gneiss,0,T0908,2026-01-15
S000496,21.38498740734698,79.93734736925562,0.08298959860940679,0.13922191576918022,0.13610344958753764,0.369253919236854,0.14342496029996274,0.206540210461426,0.3886725852778607,0.19113728765739962,231.03397151406705,5.682402708869342,0.48161166983183606,granite_gneiss,0,T0708,2026-01-15
S000387,21.196267353612697,79.9628417994527,0.05557424167379284,0.09552601833566719,0.12986010173916318,0.3223587027506134,0.23005810582213998,0.17009629518303376,0.2584476950360086,0.16093851020767475,268.2129830310883,4.427894920868364,-0.229752990740611,granite_gneiss,0,T0309,2026-01-15
S100252,21.27233812924578,80.27585209336445,0.06687027786362552,0.08113680151261221,0.12366684427996842,0.2634649482650937,0.31202858167270914,0.25765475250114167,0.16708664861545472,-0.0731870995386826,280.38199303868066,6.203912587584295,-0.1175753233072177,gondite,1,T0515,2026-01-15
S100021,21.212715580877923,80.24891198947077,0.09020277431226882,0.08170847443345297,0.09952704476600217,0.30231662495119355,0.31038445391612857,0.25912990397981434,0.13424299581678245,0.10770989436694858,386.5501886895279,5.229280341874638,0.7608502263684794,gondite,1,T0414,2026-01-15
S000977,21.501096897470298,80.22868107923442,0.07580083127795334,0.04532960793903768,0.09258472228144612,0.22770104804205873,0.16675870025982803,0.19363862633625042,0.4110292960618844,0.08926840582940243,404.57087138564486,2.298716406941402,-0.21476899094859547,alluvium,0,T1014,2026-01-15
S000099,21.265369419073583,79.78361012494268,0.08259503223593967,0.1275135670343134,0.10403800176513477,0.24884434377381512,0.23808591540731755,0.17566850652580565,0.36983384036152045,0.1280726550274742,279.46285961366675,14.91653829890134,-0.12153551090956692,banded_iron_formation,0,T0505,2026-01-15
S000824,21.208218575582155,79.79690204524218,0.09432108903399161,0.12197357909741033,0.08953780193900313,0.24840123643394665,0.2363948227889865,0.150214303176379,0.49176791867435354,0.08538992716833033,373.7594971856382,6.08839820809469,0.14979606722531838,gondite,0,T0405,2026-01-15
S100276,21.19079465817123,80.04024450293399,0.08371026613169487,0.117786925075447,0.11824145181160205,0.17043329714810906,0.27063706127425885,0.24483814802341622,0.17513966687298035,-0.021778708944453315,359.6022495074201,12.920763486687289,-0.808479700082473,banded_iron_formation,1,T0310,2026-01-15
S000595,21.038612569029922,80.11607403116727,0.06423806933442196,0.10314873820705267,0.11237429968849161,0.245820242952679,0.23968793762425689,0.14858570466530652,0.43235436608511024,0.21925078968034267,338.66757781276124,0.18595346317199812,0.27570099542915777,banded_iron_formation,0,T0012,2026-01-15
S000855,21.323538334593408,80.09351141347057,0.07550131245660441,0.09838211251960904,0.12100229348980451,0.33203138649966313,0.24009765940826894,0.14657318918397508,0.4971500452981783,0.12244192512535709,288.96149366192066,1.9062065895128657,0.8262693933145268,gondite,0,T0611,2026-01-15
S000025,21.05277824911463,79.7616301538027,0.07391527862535847,0.13577166037574714,0.11789425679556141,0.27960491685147343,0.2284418208266893,0.16091914973545507,0.35590607067251073,0.15858119959194703,228.78087731237775,9.654777426504074,0.5842444654142342,gondite,0,T0105,2026-01-15
S000445,21.011250352041767,80.12965985834211,0.10032119062703101,0.11380511122555348,0.10510525421125454,0.2341658625524556,0.17505735670919623,0.10633758014013331,0.4141734105152191,0.2272580669666045,254.53358395913963,0.0,-0.029999310706668728,banded_iron_formation,0,T0012,2026-01-15
S001077,21.111602622199644,79.97989427586207,0.07882123224257531,0.10376572735181681,0.10147587624961482,0.3137418716876822,0.19882204332201034,0.1552179656250286,0.31950844103510595,0.24855642178181647,366.0270372703467,3.733888859437495,-0.18049753588263828,granite_gneiss,0,T0209,2026-01-15
S001155,21.16105273077677,79.8154206953337,0.10428100681276171,0.06495792108740572,0.1160477030986101,0.2553751409409104,0.215624329013759,0.1837616344644264,0.2973935198979516,0.07780694521396962,295.3492114035544,9.738270163565014,-0.02131080330362819,banded_iron_formation,0,T0306,2026-01-15
S100343,21.356209202679814,80.19945149223264,0.07285389879466368,0.08478270509903647,0.09918798290316991,0.296318762102622,0.27206989212548555,0.20516269353515176,0.24691207509518978,0.015577680618890567,272.11079853470994,11.647790357722066,-0.8321781966651004,banded_iron_formation,1,T0713,2026-01-15
S000409,21.451299040118666,79.50458472057049,0.12242949102779489,0.1044372867675436,0.10272805326889964,0.22457173097847397,0.24341311926837197,0.14742334167385154,0.27458645182831365,0.16119521037081272,292.29049971019424,8.3914074259617,0.8489754398946269,laterite,0,T0900,2026-01-15
S000972,21.383008087057075,79.57349374950942,0.06720514113103554,0.05507508256703572,0.09186796257368075,0.2600739038797955,0.19194635516222514,0.1710984209858988,0.14703459874034544,0.1619085132010572,351.3826001589763,7.69112511879351,-0.06841723633893669,laterite,0,T0701,2026-01-15
S001325,21.170790259873687,79.55207820380842,0.08235162021912977,0.10930932854673091,0.08411470834875998,0.30277290289586384,0.25395510651126457,0.10951089238569009,0.5205843643417107,0.19731893700477676,265.4115727847383,3.4985340044861966,0.2175745949426355,laterite,0,T0301,2026-01-15
S100130,21.10235578112213,80.06160174488829,0.08635997388828096,0.09437260016188599,0.10420487839750439,0.26502921190449424,0.2653259056030658,0.2414501743298072,0.0919835320765218,-0.017159942719930765,285.1043639431037,4.270197711174251,-0.33948965717599106,gondite,1,T0211,2026-01-15
S001327,21.164129588115898,80.29217893367144,0.06127573621881482,0.09071374524921128,0.06948166601847827,0.22783241811752528,0.21797592891581657,0.13342163837677615,0.32058213700195204,0.2126644080220368,343.4397425791517,0.0,-0.508287750997463,banded_iron_formation,0,T0315,2026-01-15
S000511,21.426843508487746,80.02540369021828,0.09478761768078028,0.1198045398412331,0.07941716091831981,0.2717139220334616,0.2184871250693188,0.14959200930686284,0.43673506776128773,0.09460535530472064,274.4872436384321,4.15568074528188,0.12410792011044461,banded_iron_formation,0,T0810,2026-01-15
S000763,21.050912392459924,79.63789150526752,0.05920268988440916,0.09522849673153469,0.10710891725690348,0.176949384324229,0.2521740119040983,0.17835517743021134,0.45208896327571324,0.1183456224859638,309.8451696853924,5.874284997095971,-0.9859518219254968,laterite,0,T0102,2026-01-15
S001036,21.204661223653837,79.78333165997284,0.0826683333908715,0.06652812043615883,0.09564923022972106,0.20686662235564746,0.22815148243342953,0.16243192463783865,0.45262094822682813,0.14513521316494546,249.56378567145794,6.547458177773841,-1.0582571262313576,granite_gneiss,0,T0405,2026-01-15
S100087,21.277126338150833,79.98923488478165,0.10356369705634369,0.09010503138948577,0.1370646532573815,0.27747814671083265,0.25454788548429874,0.28725513400032954,0.16513178590586858,0.006422189313411285,302.03972553489666,14.166745862634691,0.7367065407208782,gondite,1,T0509,2026-01-15
S001122,21.3697543749615,80.06490460378426,0.08776019779661547,0.09108118098109502,0.07146029850389525,0.1565175347887952,0.16845838043470396,0.18057284560293985,0.21022261301401904,0.17868900847863875,266.0401904167202,6.0919476578611444,-0.09090910397833468,granite_gneiss,0,T0711,2026-01-15
S100330,21.440935897386176,79.72763270008946,0.0447742119071491,0.07328558981390862,0.08803002935973434,0.2892429119476733,0.3663558867044525,0.20139404636338254,0.249162759122661,0.11402368377907926,367.0813229679012,9.358371069473739,-0.2676277833152892,banded_iron_formation,1,T0804,2026-01-15
S000878,21.036575000338715,80.05538976168917,0.06264576986192433,0.12012876632510383,0.08858532990230554,0.24862366877970044,0.2870509801156429,0.11472785804320909,0.30101392885570416,0.1714934760855491,376.1325856819584,10.300784434615794,-0.13954254890675394,laterite,0,T0011,2026-01-15
S000106,21.243566638492783,79.85032286594053,0.09047608892274024,0.09209167016595701,0.10658463872635875,0.23379659328824495,0.165585232638408,0.17775585771537133,0.49706499037494284,0.10729124712943541,222.3232946617203,1.3607142990417795,0.048154540803647956,laterite,0,T0407,2026-01-15
S100121,21.38990796093289,79.67410282135756,0.10819812434550055,0.11170495062717713,0.0957456240191482,0.24338928119910253,0.27866991269269215,0.19032412685107963,0.41659392736607137,0.13389638855616856,256.18641623391693,2.6713319354923284,-0.4964234039169698,laterite,1,T0703,2026-01-15
S001278,21.11680901811717,80.24492186837317,0.07367777130974618,0.09286353453060225,0.10070494207614045,0.24010223079595971,0.25839521598328247,0.15382567001683947,0.3201484581643006,0.04595725169399151,406.710756128834,3.2905098727519313,-0.23401239451993708,banded_iron_formation,0,T0214,2026-01-15
S000684,21.308256270571015,79.69194250619721,0.05545321804388094,0.11475157065666415,0.06066471877349166,0.16513018923612188,0.15522834472282315,0.1673977568652702,0.33613065156914834,0.19089364609232193,318.2412844401425,0.7146816068251942,-1.3776360192008752,granite_gneiss,0,T0603,2026-01-15
S001364,21.15660366528156,80.01979363224063,0.12893627556809056,0.1386989223801911,0.08232441423161352,0.23064625365756963,0.17013782795103183,0.1572905995210626,0.40041227355426545,0.10424119783522429,217.1186871235824,10.421917598454204,0.07091395922820279,laterite,0,T0310,2026-01-15
S000735,21.018400187078417,80.08591634660398,0.11288621242446834,0.11138263138038043,0.07633642419560434,0.25553452632115076,0.2018508086694078,0.20743925912372432,0.2667050262957007,0.184400820640513,222.32344084260006,0.0,0.7704198441019087,alluvium,0,T0011,2026-01-15
S000770,21.06996242734111,79.90600369248803,0.04151957601939378,0.10136847084588577,0.11451742133491875,0.34034783012349645,0.23766249617578966,0.09940187354897748,0.47277767546237354,0.10731256932329644,333.47995397578256,8.755570434894716,0.4641389726422117,laterite,0,T0108,2026-01-15
S000934,21.381067921184982,79.62803578171128,0.08121260179462557,0.10192269947491499,0.10633247585852595,0.24491230711372866,0.2884339232146912,0.12053086571811619,0.2424402380594255,0.17787821779890664,325.7842228092255,12.592365938070087,0.22916731682040578,gondite,0,T0702,2026-01-15
S000500,21.44090979239096,79.75630316770999,0.1128873340353265,0.12715298265818833,0.09079257192269037,0.18981309792849893,0.22173029944103756,0.1309002672296874,0.44015964015450104,0.13674181325354529,399.1732940357943,3.591059524021364,0.1428522233655983,laterite,0,T0805,2026-01-15
S001099,21.0680589068196,79.87128069135346,0.07145946671157653,0.10089736783656239,0.09376843146062416,0.23677479872810667,0.21101334281510042,0.15262345695489093,0.4896276015041974,0.18708199768418757,339.0713783796932,0.0,0.19604840262989093,granite_gneiss,0,T0107,2026-01-15
S000766,21.310643872244498,79.8130234007195,0.10337578696617411,0.0762294734540705,0.11800326535281166,0.19796645335767948,0.31617933674676435,0.19628704203073796,0.35904578894691863,0.07567497370440074,341.5960797701363,7.774839809850631,0.08517512996235717,gondite,0,T0606,2026-01-15
